"rank","word","reading","alternative_spellings"
1,"の","の",""
2,"は","は",""
3,"に","に",""
4,"を","を",""
5,"と","と",""
6,"も","も",""
7,"が","が",""
8,"で","で",""
9,"から","から",""
10,"だ","だ",""
11,"する","する","為る"
12,"か","か",""
13,"よ","よ",""
14,"ある","ある","在る; 有る"
15,"こと","こと","事; 縡"
16,"なる","なる","成る; 為る"
17,"それ","それ","其; 其れ"
18,"いる","いる","居る"
19,"ね","ね",""
20,"思う","おもう",""
21,"この","この","斯の; 此の"
22,"には","には",""
23,"でも","でも",""
24,"です","です",""
25,"その","その","其の"
26,"な","な",""
27,"言う","いう",""
28,"って","って",""
29,"ない","ない","無い"
30,"んだ","んだ",""
31,"そう","そう","然う"
32,"私","わたし",""
33,"いい","いい",""
34,"これ","これ","之; 之れ; 惟; 是; 是れ; 此; 此れ; 維"
35,"だった","だった",""
36,"見る","みる",""
37,"だけ","だけ","丈"
38,"くる","くる","來る; 来る"
39,"さん","さん",""
40,"くれる","くれる","呉れる"
41,"やる","やる","行る; 遣る"
42,"まで","まで","迄"
43,"もの","もの","物"
44,"行く","いく",""
45,"という","という","と言う"
46,"もう","もう",""
47,"だから","だから",""
48,"そんな","そんな",""
49,"あの","あの","彼の"
50,"だろう","だろう",""
52,"しまう","しまう","了う; 仕舞う; 終う; 蔵う"
53,"来る","くる",""
54,"ん","ん",""
55,"人","ひと",""
56,"ここ","ここ","是; 此処; 此所; 爰; 茲"
57,"や","や",""
58,"し","し",""
59,"お","お","御"
60,"とする","とする",""
61,"自分","じぶん",""
62,"じゃない","じゃない","じゃ無い"
63,"知る","しる",""
64,"なら","なら",""
65,"行く","いく","いく; 往く; 逝く"
66,"わ","わ",""
67,"今","いま",""
68,"聞く","きく",""
69,"へ","へ",""
70,"ような","ような","様な"
71,"とは","とは",""
72,"何","なに",""
73,"前","まえ",""
74,"出る","でる",""
75,"中","なか",""
76,"にも","にも",""
77,"ように","ように","様に"
78,"顔","かお",""
79,"である","である",""
80,"んです","んです",""
81,"また","また","亦; 又; 復"
82,"ながら","ながら","乍ら"
83,"なんて","なんて",""
84,"考える","かんがえる",""
85,"どう","どう","如何"
86,"言う","いう","いう; 云う; 謂う"
87,"さ","さ",""
88,"そして","そして","然して; 而して"
89,"ため","ため","為; 為め; 爲"
90,"まだ","まだ","未だ"
91,"いや","いや",""
92,"ちょっと","ちょっと","一寸; 鳥渡"
93,"のに","のに",""
94,"できる","できる","出きる; 出來る; 出来る"
95,"話","はなし",""
96,"とか","とか",""
97,"ぞ","ぞ",""
98,"そこ","そこ","其処; 其所"
99,"なの","なの",""
100,"ではない","ではない","では無い"
101,"何","なん",""
102,"待つ","まつ",""
103,"ので","ので",""
104,"ところ","ところ","処; 所; 處"
105,"だって","だって",""
106,"だが","だが",""
107,"たち","たち","達"
108,"こんな","こんな",""
109,"持つ","もつ",""
110,"見る","みる","みる; 視る; 観る"
111,"声","こえ",""
112,"もらう","もらう","貰う"
113,"入る","はいる",""
114,"手","て",""
115,"ですか","ですか",""
116,"見える","みえる",""
117,"方","ほう",""
118,"目","め",""
119,"男","おとこ",""
120,"本当","ほんとう",""
121,"あなた","あなた","貴女; 貴方; 貴男"
122,"今日","きょう",""
123,"ほど","ほど","程"
124,"言葉","ことば",""
125,"らしい","らしい",""
126,"として","として",""
127,"など","など","抔; 等"
128,"ただ","ただ","但; 只; 唯; 常; 徒"
129,"しかし","しかし","併し; 然し"
130,"かな","かな",""
131,"違う","ちがう",""
132,"使う","つかう",""
133,"少し","すこし",""
134,"より","より",""
135,"時","とき",""
136,"家","いえ",""
137,"あれ","あれ","彼; 彼れ"
138,"彼","かれ",""
139,"よい","よい","佳い; 吉い; 善い; 好い; 宜い; 良い"
140,"人間","にんげん",""
141,"同じ","おなじ",""
142,"上","うえ",""
143,"よく","よく","克く; 善く; 好く; 能く; 良く"
144,"よう","よう","様"
145,"とも","とも",""
146,"でしょう","でしょう",""
147,"出す","だす",""
148,"どこ","どこ","何処; 何所; 何處"
149,"しか","しか",""
150,"悪い","わるい",""
151,"何","なん","なん"
152,"時間","じかん",""
153,"部屋","へや",""
154,"わけ","わけ","訳"
155,"おく","おく","置く"
156,"かもしれない","かもしれない","かも知れない"
157,"作る","つくる",""
158,"まま","まま","侭; 儘"
159,"て","て",""
160,"早い","はやい",""
161,"感じる","かんじる",""
162,"呼ぶ","よぶ",""
163,"話す","はなす",""
164,"何か","なにか",""
165,"のように","のように","の様に"
166,"死ぬ","しぬ",""
167,"姿","すがた",""
168,"頭","あたま",""
169,"強い","つよい",""
170,"こう","こう","斯う"
171,"いつも","いつも","何時も"
172,"会う","あう",""
173,"ばかり","ばかり","許; 許り"
174,"一緒に","いっしょに",""
175,"好き","すき",""
176,"相手","あいて",""
177,"帰る","かえる",""
178,"みんな","みんな","皆; 皆んな"
179,"音","おと",""
180,"うち","うち","中; 内"
181,"ずっと","ずっと",""
182,"のです","のです",""
183,"でした","でした",""
184,"食べる","たべる",""
185,"場所","ばしょ",""
186,"あと","あと","後"
187,"どうして","どうして","如何して"
188,"もっと","もっと",""
189,"くらい","くらい",""
190,"世界","せかい",""
191,"あげる","あげる","上げる; 挙げる; 揚げる"
192,"戻る","もどる",""
193,"力","ちから",""
194,"仕事","しごと",""
195,"必要","ひつよう",""
196,"続ける","つづける",""
197,"つもり","つもり","積もり; 積り"
198,"どんな","どんな",""
199,"誰","だれ",""
200,"による","による","に依る; に因る; に拠る"
201,"次","つぎ",""
202,"かける","かける","懸ける; 掛ける"
203,"見せる","みせる",""
204,"動く","うごく",""
205,"となる","となる",""
206,"はず","はず","弭; 筈"
207,"子","こ",""
208,"歩く","あるく",""
209,"こちら","こちら",""
210,"きっと","きっと","屹度"
211,"意味","いみ",""
212,"終わる","おわる",""
213,"変わる","かわる",""
214,"すぐに","すぐに","直ぐに"
215,"時","とき","とき; 刻; 秋"
216,"気持ち","きもち",""
217,"始める","はじめる",""
218,"大きい","おおきい",""
219,"ことになる","ことになる","事になる"
220,"向かう","むかう",""
221,"何も","なにも",""
222,"受ける","うける",""
223,"日","ひ",""
224,"年","ねん",""
225,"心配","しんぱい",""
226,"教える","おしえる",""
227,"心","こころ",""
228,"立つ","たつ",""
229,"おる","おる","居る"
230,"やめる","やめる","已める; 廃める; 止める"
231,"外","そと",""
232,"間","あいだ",""
233,"について","について","に付いて; に就いて"
234,"よりも","よりも",""
235,"後","あと",""
236,"様子","ようす",""
237,"忘れる","わすれる",""
238,"口","くち",""
239,"にとって","にとって","に取って"
240,"名前","なまえ",""
241,"大きな","おおきな",""
242,"信じる","しんじる",""
243,"すぎる","すぎる","過ぎる"
244,"なのに","なのに",""
245,"生きる","いきる",""
246,"問題","もんだい",""
247,"理由","りゆう",""
248,"それでも","それでも","其れでも"
249,"これから","これから","此から; 此れから"
250,"以上","いじょう",""
251,"逃げる","にげる",""
252,"多い","おおい",""
253,"そういう","そういう","そう言う; 然ういう; 然う言う"
254,"絶対","ぜったい",""
255,"開く","ひらく",""
256,"今度","こんど",""
257,"最後","さいご",""
258,"最初","さいしょ",""
259,"こそ","こそ",""
260,"存在","そんざい",""
261,"誰か","だれか",""
262,"初めて","はじめて",""
263,"書く","かく",""
264,"取る","とる",""
265,"高い","たかい",""
266,"もちろん","もちろん","勿論"
267,"かも","かも",""
268,"べき","べき",""
269,"入れる","いれる",""
270,"体","からだ",""
271,"答える","こたえる",""
272,"そのまま","そのまま","その儘; 其のまま; 其の儘; 其儘"
273,"置く","おく",""
274,"覚える","おぼえる",""
275,"あり","あり","在り; 有り"
276,"無理","むり",""
277,"ご","ご","御"
278,"残る","のこる",""
279,"いけない","いけない","行けない"
280,"長い","ながい",""
281,"普通","ふつう",""
282,"どういう","どういう","どう言う; 如何いう; 如何言う"
283,"守る","まもる",""
284,"とても","とても","迚も"
285,"楽しい","たのしい",""
286,"どこか","どこか","何処か"
287,"夜","よる",""
288,"感じ","かんじ",""
289,"気","き",""
290,"許す","ゆるす",""
291,"もし","もし","若し"
292,"驚く","おどろく",""
293,"別に","べつに",""
294,"離れる","はなれる",""
295,"いつ","いつ","何時"
296,"消える","きえる",""
297,"助ける","たすける",""
298,"止める","とめる",""
299,"困る","こまる",""
300,"かかる","かかる","懸かる; 懸る; 掛かる; 掛る"
301,"もの","もの",""
302,"人","にん",""
303,"中","ちゅう",""
304,"方","かた",""
305,"飲む","のむ",""
306,"走る","はしる",""
307,"以外","いがい",""
308,"下","した",""
309,"買う","かう",""
310,"足","あし",""
311,"説明","せつめい",""
312,"読む","よむ",""
313,"女性","じょせい",""
314,"落ちる","おちる",""
315,"このまま","このまま","この儘; 此の儘"
316,"つける","つける","付ける; 着ける; 附ける"
317,"起きる","おきる",""
318,"あまり","あまり","余り; 餘り"
319,"ことができる","ことができる","ことが出来る; 事ができる; 事が出来る"
320,"続く","つづく",""
321,"すぐ","すぐ","直ぐ"
322,"決める","きめる",""
323,"でもない","でもない","でも無い"
324,"状況","じょうきょう",""
325,"関係","かんけい",""
326,"ことがある","ことがある","事がある"
327,"いただく","いただく","戴く; 頂く"
328,"先","さき",""
329,"伝える","つたえる",""
330,"ようになる","ようになる","様になる"
331,"先に","さきに",""
332,"夢","ゆめ",""
333,"誰も","だれも",""
334,"小さい","ちいさい",""
335,"選ぶ","えらぶ",""
336,"こういう","こういう","こう言う; 斯ういう; 斯う言う"
337,"理解","りかい",""
338,"ですが","ですが",""
339,"場合","ばあい",""
340,"得る","える",""
341,"深い","ふかい",""
342,"見つける","みつける",""
343,"一度","いちど",""
344,"ほしい","ほしい","欲しい"
345,"なぜ","なぜ","何故"
346,"昔","むかし",""
347,"水","みず",""
348,"近く","ちかく",""
349,"進む","すすむ",""
350,"大変","たいへん",""
351,"としても","としても",""
352,"道","みち",""
353,"簡単","かんたん",""
354,"変える","かえる",""
355,"別","べつ",""
356,"なので","なので",""
357,"本","ほん",""
358,"完全","かんぜん",""
359,"状態","じょうたい",""
360,"しっかり","しっかり","確り"
361,"行う","おこなう",""
362,"送る","おくる",""
363,"形","かたち",""
364,"上げる","あげる",""
365,"近づく","ちかづく",""
366,"乗る","のる",""
367,"与える","あたえる",""
368,"勝手","かって",""
369,"的","てき",""
370,"結果","けっか",""
371,"ために","ために",""
372,"朝","あさ",""
373,"新しい","あたらしい",""
374,"急","きゅう",""
375,"ようにする","ようにする","様にする"
376,"自分で","じぶんで",""
377,"元","もと",""
378,"最近","さいきん",""
379,"大","だい",""
380,"決まる","きまる",""
381,"準備","じゅんび",""
382,"近い","ちかい",""
383,"失う","うしなう",""
384,"不安","ふあん",""
385,"残す","のこす",""
386,"安心","あんしん",""
387,"大事","だいじ",""
388,"ほとんど","ほとんど","幾ど; 殆ど; 殆んど"
389,"認める","みとめる",""
390,"特に","とくに",""
391,"求める","もとめる",""
392,"用意","ようい",""
393,"少ない","すくない",""
394,"まず","まず","先ず"
395,"ことにする","ことにする","事にする"
396,"始まる","はじまる",""
397,"家族","かぞく",""
398,"似る","にる",""
399,"用","よう",""
400,"元気","げんき",""
401,"後","ご",""
402,"に対して","にたいして",""
403,"生む","うむ",""
404,"思い","おもい",""
405,"なかなか","なかなか","中々; 中中; 仲々"
406,"たくさん","たくさん","沢山"
407,"目的","もくてき",""
408,"合う","あう",""
409,"生活","せいかつ",""
410,"方法","ほうほう",""
411,"なくなる","なくなる","無くなる"
412,"切る","きる",""
413,"分","ぶん",""
414,"つく","つく","付く"
415,"としては","としては",""
416,"十分","じゅうぶん",""
417,"働く","はたらく",""
418,"若い","わかい",""
419,"歳","さい",""
420,"調べる","しらべる",""
421,"急ぐ","いそぐ",""
422,"必ず","かならず",""
423,"かどうか","かどうか",""
424,"途中","とちゅう",""
425,"側","がわ",""
426,"見つかる","みつかる",""
427,"重い","おもい",""
428,"期待","きたい",""
429,"集まる","あつまる",""
430,"その後","そのあと",""
431,"取る","とる","とる"
432,"ないと","ないと","無いと"
433,"考え","かんがえ",""
434,"住む","すむ",""
435,"大切","たいせつ",""
436,"毎日","まいにち",""
437,"広い","ひろい",""
438,"やすい","やすい","易い; 易すい"
439,"自由","じゆう",""
440,"になると","になると",""
441,"ないか","ないか",""
442,"原因","げんいん",""
443,"けど","けど",""
444,"俺","おれ",""
445,"ああ","ああ","嗚呼; 嗟; 噫"
446,"はい","はい",""
447,"じゃ","じゃ",""
448,"うん","うん",""
449,"お前","おまえ",""
450,"彼女","かのじょ",""
451,"みたい","みたい",""
452,"大丈夫","だいじょうぶ",""
453,"ちゃん","ちゃん",""
454,"よね","よね",""
455,"わかる","わかる","分かる; 分る; 判る; 解る"
456,"え","え",""
457,"あっ","あっ",""
458,"僕","ぼく",""
459,"なんか","なんか",""
460,"ください","ください","下さい"
461,"笑う","わらう",""
462,"なんだ","なんだ","何だ"
463,"なんだ","なんだ",""
464,"じゃあ","じゃあ",""
465,"分かる","わかる",""
466,"様","さま",""
467,"まあ","まあ",""
468,"だろ","だろ",""
469,"ええ","ええ",""
470,"女","おんな",""
471,"君","きみ",""
472,"君","くん",""
473,"だけど","だけど",""
474,"二人","ふたり",""
475,"者","もの",""
476,"やっぱり","やっぱり","矢っ張り"
477,"でしょ","でしょ",""
478,"えっ","えっ",""
479,"ちゃんと","ちゃんと",""
480,"こっち","こっち","此方"
481,"すごい","すごい","凄い"
482,"確かに","たしかに",""
483,"聞こえる","きこえる",""
484,"なんで","なんで","何で"
485,"先生","せんせい",""
486,"だろうか","だろうか",""
487,"まさか","まさか","真逆"
488,"ようだ","ようだ","様だ"
489,"ねえ","ねえ",""
490,"そうだ","そうだ",""
491,"なんです","なんです",""
492,"けれど","けれど",""
493,"何","なに","なに"
494,"まるで","まるで","丸で"
495,"他","ほか",""
496,"殺す","ころす",""
497,"事","こと",""
498,"じゃないか","じゃないか","じゃ無いか"
499,"胸","むね",""
500,"さっき","さっき","先"
501,"そう","そう",""
502,"思い出す","おもいだす",""
503,"へと","へと",""
504,"あんた","あんた","貴方"
505,"おい","おい",""
506,"一番","いちばん",""
507,"一人","ひとり",""
508,"ありがとう","ありがとう","有り難う; 有難う"
509,"そうか","そうか",""
510,"頼む","たのむ",""
511,"一つ","ひとつ",""
512,"表情","ひょうじょう",""
513,"ごめん","ごめん","ご免; 御免"
514,"怖い","こわい",""
515,"良い","よい",""
516,"ゆっくり","ゆっくり",""
517,"つまり","つまり","詰まり; 詰り"
518,"だったら","だったら",""
519,"腕","うで",""
520,"それから","それから","其れから"
521,"ほら","ほら",""
522,"あ","あ",""
523,"欲しい","ほしい",""
524,"やはり","やはり","矢張り"
525,"確認","かくにん",""
526,"そうです","そうです",""
527,"全部","ぜんぶ",""
528,"何度","なんど",""
529,"そんなに","そんなに",""
530,"方","ほう","ほう"
531,"子供","こども",""
532,"二","に",""
533,"光","ひかり",""
534,"おかしい","おかしい","可笑しい; 奇怪しい"
535,"寝る","ねる",""
536,"なのだ","なのだ",""
537,"なるほど","なるほど","なる程; 成る程; 成程"
538,"もん","もん",""
539,"小さな","ちいさな",""
540,"瞬間","しゅんかん",""
541,"気がする","きがする",""
542,"今まで","いままで",""
543,"優しい","やさしい",""
544,"嫌","いや",""
545,"あいつ","あいつ","彼奴"
546,"ううん","ううん",""
547,"明日","あした",""
548,"泣く","なく",""
549,"頑張る","がんばる",""
550,"怒る","おこる",""
551,"はずだ","はずだ",""
552,"あんな","あんな",""
553,"娘","むすめ",""
554,"今回","こんかい",""
555,"やつ","やつ","奴"
556,"昨日","きのう",""
557,"ですから","ですから",""
558,"かしら","かしら",""
559,"変","へん",""
560,"探す","さがす",""
561,"しかも","しかも","併も; 然も; 而も"
562,"返す","かえす",""
563,"国","くに",""
564,"なあ","なあ",""
565,"当然","とうぜん",""
566,"座る","すわる",""
567,"でしょうか","でしょうか",""
568,"つつ","つつ",""
569,"ではある","ではある",""
570,"黙る","だまる",""
571,"気づく","きづく",""
572,"しばらく","しばらく","暫く; 暫らく; 須臾"
573,"いえ","いえ",""
574,"隠す","かくす",""
575,"気になる","きになる",""
576,"奥","おく",""
577,"向ける","むける",""
578,"笑顔","えがお",""
579,"かなり","かなり","可なり; 可也; 可成; 可成り"
580,"軽い","かるい",""
581,"目の前","めのまえ",""
582,"お願い","おねがい",""
583,"開ける","あける",""
584,"せい","せい","所為"
585,"まったく","まったく","全く"
586,"女の子","おんなのこ",""
587,"こんなに","こんなに",""
588,"しかない","しかない",""
589,"ならば","ならば",""
590,"とにかく","とにかく","兎に角"
591,"ことはない","ことはない","ことは無い; 事はない; 事は無い"
592,"痛い","いたい",""
593,"敵","てき",""
594,"一","いち",""
595,"実は","じつは",""
596,"後ろ","うしろ",""
597,"そこまで","そこまで",""
598,"物","もの",""
599,"さらに","さらに","更に"
600,"髪","かみ",""
601,"もん","もん",""
602,"一瞬","いっしゅん",""
603,"落ち着く","おちつく",""
604,"どうした","どうした","如何した"
605,"隣","となり",""
606,"不思議","ふしぎ",""
607,"戦う","たたかう",""
608,"さあ","さあ",""
609,"こいつ","こいつ","此奴"
610,"現れる","あらわれる",""
611,"そろそろ","そろそろ",""
612,"私たち","わたしたち",""
613,"記憶","きおく",""
614,"彼ら","かれら",""
615,"すべて","すべて","全て; 凡て; 惣て; 渾て; 総て"
616,"学校","がっこう",""
617,"さえ","さえ",""
618,"情報","じょうほう",""
619,"意識","いしき",""
620,"というのは","というのは","と言うのは"
621,"肩","かた",""
622,"色","いろ",""
623,"触れる","ふれる",""
624,"勝つ","かつ",""
625,"結局","けっきょく",""
626,"三","さん",""
627,"全然","ぜんぜん",""
628,"上がる","あがる",""
629,"げ","げ","気"
630,"動き","うごき",""
631,"白い","しろい",""
632,"指","ゆび",""
633,"可能性","かのうせい",""
634,"赤い","あかい",""
635,"失礼","しつれい",""
636,"幸せ","しあわせ",""
637,"負ける","まける",""
638,"背中","せなか",""
639,"反応","はんのう",""
640,"壁","かべ",""
641,"どうやら","どうやら",""
642,"いきなり","いきなり","行き成り; 行成"
643,"空","そら",""
644,"約束","やくそく",""
645,"血","ち",""
646,"服","ふく",""
647,"恥ずかしい","はずかしい",""
648,"過ぎる","すぎる",""
649,"事実","じじつ",""
650,"静か","しずか",""
651,"すむ","すむ","済む"
652,"行動","こうどう",""
653,"突然","とつぜん",""
654,"友達","ともだち",""
655,"喜ぶ","よろこぶ",""
656,"止まる","とまる",""
657,"命","いのち",""
658,"自身","じしん",""
659,"想像","そうぞう",""
660,"面白い","おもしろい",""
661,"父","ちち",""
662,"身","み",""
663,"渡す","わたす",""
664,"名","な",""
665,"ようやく","ようやく","漸く"
666,"全員","ぜんいん",""
667,"頃","ころ",""
668,"そもそも","そもそも","抑; 抑々; 抑も"
669,"空気","くうき",""
670,"再び","ふたたび",""
671,"着る","きる",""
672,"母","はは",""
673,"首","くび",""
674,"美しい","うつくしい",""
675,"一体","いったい",""
676,"店","みせ",""
677,"程度","ていど",""
678,"届く","とどく",""
679,"さて","さて","偖; 扠; 扨"
680,"難しい","むずかしい",""
681,"向こう","むこう",""
682,"神","かみ",""
683,"気分","きぶん",""
684,"耳","みみ",""
685,"ごめんなさい","ごめんなさい","ご免なさい; 御免なさい"
686,"通り","とおり",""
687,"ひどい","ひどい","酷い; 非道い"
688,"むしろ","むしろ","寧; 寧ろ"
689,"飛ぶ","とぶ",""
690,"眠る","ねむる",""
691,"仲間","なかま",""
692,"でない","でない","で無い"
693,"さすがに","さすがに","流石に"
694,"山","やま",""
695,"感情","かんじょう",""
696,"ぐらい","ぐらい",""
697,"結構","けっこう",""
698,"すら","すら",""
699,"危険","きけん",""
700,"以前","いぜん",""
701,"いる","いる","要る"
702,"あれ","あれ",""
703,"もう一度","もういちど",""
704,"ありがとうございます","ありがとうございます","有り難うございます; 有り難う御座います; 有難うございます; 有難う御座います"
705,"どうぞ","どうぞ",""
706,"済む","すむ",""
707,"とりあえず","とりあえず","取りあえず; 取り敢えず; 取敢えず"
708,"任せる","まかせる",""
709,"遅い","おそい",""
710,"気にする","きにする",""
711,"いくら","いくら","幾ら"
712,"本気","ほんき",""
713,"あら","あら",""
714,"正直","しょうじき",""
715,"動かす","うごかす",""
716,"事件","じけん",""
717,"切る","きる","きる"
718,"そういえば","そういえば","そう言えば"
719,"おりる","おりる","下りる; 降りる"
720,"起こす","おこす",""
721,"周囲","しゅうい",""
722,"海","うみ",""
723,"すでに","すでに","已に; 既に"
724,"叫ぶ","さけぶ",""
725,"引く","ひく",""
726,"返事","へんじ",""
727,"逆","ぎゃく",""
728,"捨てる","すてる",""
729,"甘い","あまい",""
730,"窓","まど",""
731,"遊ぶ","あそぶ",""
732,"結婚","けっこん",""
733,"おお","おお",""
734,"会話","かいわ",""
735,"戻ってくる","もどってくる",""
736,"どうしたの","どうしたの",""
737,"邪魔","じゃま",""
738,"腰","こし",""
739,"その時","そのとき",""
740,"うまい","うまい","上手い; 巧い; 旨い; 甘い; 美い; 美味い"
741,"握る","にぎる",""
742,"確か","たしか",""
743,"いっぱい","いっぱい","一ぱい; 一杯; 一盃; １ぱい; １杯"
744,"部分","ぶぶん",""
745,"無事","ぶじ",""
746,"せっかく","せっかく","折角"
747,"風","かぜ",""
748,"起こる","おこる",""
749,"であろう","であろう",""
750,"熱い","あつい",""
751,"意外","いがい",""
752,"これ以上","これいじょう",""
753,"間違いない","まちがいない",""
754,"流れる","ながれる",""
755,"花","はな",""
756,"涙","なみだ",""
757,"やってくる","やってくる","やって来る; 遣って来る"
758,"倒れる","たおれる",""
759,"人生","じんせい",""
760,"一人で","ひとりで",""
761,"もう少し","もうすこし",""
762,"襲う","おそう",""
763,"所","ところ",""
764,"料理","りょうり",""
765,"決して","けっして",""
766,"愛する","あいする",""
767,"黒い","くろい",""
768,"冷たい","つめたい",""
769,"合わせる","あわせる",""
770,"楽しむ","たのしむ",""
771,"自然","しぜん",""
772,"納得","なっとく",""
773,"周り","まわり",""
774,"どうも","どうも",""
775,"珍しい","めずらしい",""
776,"いいから","いいから",""
777,"どうしても","どうしても","如何しても"
778,"疲れる","つかれる",""
779,"必死","ひっし",""
780,"前に","まえに",""
781,"内","ない",""
782,"追う","おう",""
783,"激しい","はげしい",""
784,"場","ば",""
785,"食う","くう",""
786,"慣れる","なれる",""
787,"勢い","いきおい",""
788,"答え","こたえ",""
789,"落とす","おとす",""
790,"同時に","どうじに",""
791,"判断","はんだん",""
792,"横","よこ",""
793,"町","まち",""
794,"報告","ほうこく",""
795,"食事","しょくじ",""
796,"緊張","きんちょう",""
797,"金","かね",""
798,"受け取る","うけとる",""
799,"まずは","まずは","先ずは"
800,"感謝","かんしゃ",""
801,"ある","ある","或; 或る"
802,"者","しゃ",""
803,"日本","にほん",""
804,"つい","つい",""
805,"並ぶ","ならぶ",""
806,"避ける","さける",""
807,"連絡","れんらく",""
808,"奪う","うばう",""
809,"過ごす","すごす",""
810,"狙う","ねらう",""
811,"向く","むく",""
812,"諦める","あきらめる",""
813,"足りる","たりる",""
814,"いろいろ","いろいろ","色々; 色色"
815,"そうする","そうする",""
816,"話をする","はなしをする",""
817,"望む","のぞむ",""
818,"一応","いちおう",""
819,"特別","とくべつ",""
820,"救う","すくう",""
821,"帰ってくる","かえってくる",""
822,"時代","じだい",""
823,"いらっしゃる","いらっしゃる",""
824,"いつか","いつか","何時か"
825,"終わり","おわり",""
826,"語る","かたる",""
827,"繰り返す","くりかえす",""
828,"助かる","たすかる",""
829,"点","てん",""
830,"ところで","ところで","所で"
831,"運ぶ","はこぶ",""
832,"素直","すなお",""
833,"よし","よし",""
834,"態度","たいど",""
835,"失敗","しっぱい",""
836,"とこ","とこ",""
837,"全く","まったく",""
838,"木","き",""
839,"それぞれ","それぞれ","其々; 夫れ夫れ; 夫夫"
840,"内容","ないよう",""
841,"と言われる","といわれる",""
842,"示す","しめす",""
843,"妙","みょう",""
844,"あんまり","あんまり",""
845,"冗談","じょうだん",""
846,"自ら","みずから",""
847,"低い","ひくい",""
848,"わざわざ","わざわざ","態々"
849,"そっち","そっち","其方"
850,"雰囲気","ふんいき",""
851,"はっきり","はっきり",""
852,"移動","いどう",""
853,"過去","かこ",""
854,"手伝う","てつだう",""
855,"描く","えがく",""
856,"余裕","よゆう",""
857,"なんとか","なんとか","何とか"
858,"出会う","であう",""
859,"と言う","という",""
860,"見せる","みせる","みせる"
861,"やっと","やっと","漸と"
862,"嫌い","きらい",""
863,"質問","しつもん",""
864,"人々","ひとびと",""
865,"どれ","どれ","何れ"
866,"現実","げんじつ",""
867,"感覚","かんかく",""
868,"正しい","ただしい",""
869,"未来","みらい",""
870,"興味","きょうみ",""
871,"遠い","とおい",""
872,"ながらも","ながらも","乍らも"
873,"本人","ほんにん",""
874,"能力","のうりょく",""
875,"あの人","あのひと",""
876,"っぽい","っぽい",""
877,"それでは","それでは","其れでは"
878,"と言った","といった",""
879,"その場","そのば",""
880,"事情","じじょう",""
881,"暗い","くらい",""
882,"あそこ","あそこ","彼処; 彼所"
883,"んで","んで",""
884,"休む","やすむ",""
885,"一緒","いっしょ",""
886,"おかげで","おかげで","お蔭で; お陰で; 御蔭で; 御陰で"
887,"なさる","なさる","為さる"
888,"息","いき",""
889,"これまで","これまで","これ迄; 是迄; 此れまで"
890,"予定","よてい",""
891,"伝わる","つたわる",""
892,"距離","きょり",""
893,"どうせ","どうせ",""
894,"多く","おおく",""
895,"残念","ざんねん",""
896,"ま","ま",""
897,"終える","おえる",""
898,"覚悟","かくご",""
899,"勉強","べんきょう",""
900,"さすが","さすが","有繋; 流石; 遉"
901,"上","じょう",""
902,"分","ふん",""
903,"風","ふう",""
904,"よし","よし","好し; 良し"
905,"だけに","だけに","丈に"
906,"自信","じしん",""
907,"我慢","がまん",""
908,"相談","そうだん",""
909,"死","し",""
910,"増える","ふえる",""
911,"離す","はなす",""
912,"半分","はんぶん",""
913,"人物","じんぶつ",""
914,"回る","まわる",""
915,"親","おや",""
916,"弱い","よわい",""
917,"っけ","っけ",""
918,"立てる","たてる",""
919,"この人","このひと",""
920,"と言った","といった","といった"
921,"降りる","おりる",""
922,"打つ","うつ",""
923,"席","せき",""
924,"経験","けいけん",""
925,"よろしく","よろしく","宜しく; 宜敷く"
926,"すっかり","すっかり",""
927,"現在","げんざい",""
928,"広がる","ひろがる",""
929,"に対する","にたいする",""
930,"振る","ふる",""
931,"集める","あつめる",""
932,"当たる","あたる",""
933,"直接","ちょくせつ",""
934,"数","かず",""
935,"明るい","あかるい",""
936,"ということは","ということは","と言うことは; と言う事は"
937,"件","けん",""
938,"当たり前","あたりまえ",""
939,"お金","おかね",""
940,"抱える","かかえる",""
941,"連れる","つれる",""
942,"他人","たにん",""
943,"母親","ははおや",""
944,"忙しい","いそがしい",""
945,"寂しい","さびしい",""
946,"くださる","くださる","下さる"
947,"どうか","どうか",""
948,"誘う","さそう",""
949,"いたす","いたす","致す"
950,"立場","たちば",""
951,"そのため","そのため","その為; 其のため; 其の為"
952,"他に","ほかに",""
953,"大好き","だいすき",""
954,"協力","きょうりょく",""
955,"抜ける","ぬける",""
956,"持ってくる","もってくる",""
957,"のみ","のみ",""
958,"詳しい","くわしい",""
959,"押す","おす",""
960,"愛","あい",""
961,"出す","だす","だす"
962,"持つ","もつ","もつ"
963,"変化","へんか",""
964,"男性","だんせい",""
965,"ような気がする","ようなきがする",""
966,"車","くるま",""
967,"断る","ことわる",""
968,"利用","りよう",""
969,"熱","ねつ",""
970,"というもの","というもの","という物; と言うもの; と言う物"
971,"抱く","いだく",""
972,"苦しい","くるしい",""
973,"最高","さいこう",""
974,"満足","まんぞく",""
975,"無視","むし",""
976,"余計","よけい",""
977,"一気に","いっきに",""
978,"どちら","どちら","何方; 孰方"
979,"成功","せいこう",""
980,"限り","かぎり",""
981,"代わりに","かわりに",""
982,"ではないか","ではないか","では無いか"
983,"父親","ちちおや",""
984,"通る","とおる",""
985,"暮らす","くらす",""
986,"わけではない","わけではない","わけでは無い; 訳ではない; 訳では無い"
987,"雨","あめ",""
988,"写真","しゃしん",""
989,"火","ひ",""
990,"否定","ひてい",""
991,"借りる","かりる",""
992,"面倒","めんどう",""
993,"人たち","ひとたち",""
994,"厳しい","きびしい",""
995,"危ない","あぶない",""
996,"どっち","どっち",""
997,"どうやって","どうやって",""
998,"ときに","ときに","時に"
999,"今から","いまから",""
1000,"参加","さんか",""
1001,"つく","つく","吐く"
1002,"ああ","ああ",""
1003,"隠れる","かくれる",""
1004,"裏","うら",""
1005,"短い","みじかい",""
1006,"ちょうど","ちょうど","丁度; 恰度"
1007,"機会","きかい",""
1008,"恐ろしい","おそろしい",""
1009,"大人","おとな",""
1010,"売る","うる",""
1011,"輝く","かがやく",""
1012,"すぎ","すぎ","過ぎ"
1013,"耐える","たえる",""
1014,"悲しい","かなしい",""
1015,"たとえ","たとえ","仮令; 縦令"
1016,"受け入れる","うけいれる",""
1017,"どうしよう","どうしよう",""
1018,"味","あじ",""
1019,"迷う","まよう",""
1020,"手に入れる","てにいれる",""
1021,"どんどん","どんどん",""
1022,"関係ない","かんけいない",""
1023,"秘密","ひみつ",""
1024,"部","ぶ",""
1025,"例","れい",""
1026,"いずれ","いずれ","何れ; 孰れ"
1027,"それにしても","それにしても",""
1028,"包む","つつむ",""
1029,"川","かわ",""
1030,"着く","つく",""
1031,"明らか","あきらか",""
1032,"そのもの","そのもの","その物; 其の物"
1033,"地","ち",""
1034,"得る","える","える; 獲る"
1035,"願う","ねがう",""
1036,"位置","いち",""
1037,"方向","ほうこう",""
1038,"戻す","もどす",""
1039,"一部","いちぶ",""
1040,"客","きゃく",""
1041,"薄い","うすい",""
1042,"よろしい","よろしい","宜しい"
1043,"調子","ちょうし",""
1044,"迎える","むかえる",""
1045,"流す","ながす",""
1046,"新た","あらた",""
1047,"平気","へいき",""
1048,"外す","はずす",""
1049,"かもしれません","かもしれません","かも知れません"
1050,"改めて","あらためて",""
1051,"どれだけ","どれだけ","何れ丈"
1052,"進める","すすめる",""
1053,"において","において","に於いて; に置いて"
1054,"うるさい","うるさい","五月蝿い; 五月蠅い; 煩い; 煩さい"
1055,"去る","さる",""
1056,"腹","はら",""
1057,"それ以上","それいじょう",""
1058,"くせに","くせに",""
1059,"たまに","たまに","偶に; 適に"
1060,"と思われる","とおもわれる",""
1061,"間違う","まちがう",""
1062,"実際","じっさい",""
1063,"皆さん","みなさん",""
1064,"悩む","なやむ",""
1065,"迫る","せまる",""
1066,"まだまだ","まだまだ","未だ未だ"
1067,"第一","だいいち",""
1068,"友人","ゆうじん",""
1069,"練習","れんしゅう",""
1070,"と同時に","とどうじに",""
1071,"まさに","まさに","将に; 当に; 正に"
1072,"疑う","うたがう",""
1073,"目指す","めざす",""
1074,"右","みぎ",""
1075,"消す","けす",""
1076,"気に入る","きにいる",""
1077,"払う","はらう",""
1078,"性格","せいかく",""
1079,"それまで","それまで","それ迄; 其れまで; 其れ迄; 其迄"
1080,"かつて","かつて","嘗て; 曾て"
1081,"遠く","とおく",""
1082,"今後","こんご",""
1083,"発見","はっけん",""
1084,"ことがない","ことがない","ことが無い; 事がない; 事が無い"
1085,"同じよう","おなじよう",""
1086,"希望","きぼう",""
1087,"ついに","ついに","竟に; 終に; 遂に"
1088,"集中","しゅうちゅう",""
1089,"万","まん",""
1090,"効果","こうか",""
1091,"意見","いけん",""
1092,"何より","なにより",""
1093,"そのこと","そのこと","その事; 其の事; 其事"
1094,"息子","むすこ",""
1095,"訪れる","おとずれる",""
1096,"であれば","であれば",""
1097,"証拠","しょうこ",""
1098,"一日","いちにち",""
1099,"月","つき",""
1100,"遠慮","えんりょ",""
1101,"時","じ",""
1102,"名","めい",""
1103,"数","すう",""
1104,"実際に","じっさいに",""
1105,"暇","ひま",""
1106,"影響","えいきょう",""
1107,"相当","そうとう",""
1108,"なし","なし","無し"
1109,"のせいで","のせいで","の所為で"
1110,"建物","たてもの",""
1111,"ほぼ","ほぼ","略; 粗"
1112,"重要","じゅうよう",""
1113,"せめて","せめて",""
1114,"後悔","こうかい",""
1115,"誰にも","だれにも",""
1116,"いなくなる","いなくなる","居なくなる"
1117,"紹介","しょうかい",""
1118,"疑問","ぎもん",""
1119,"速い","はやい",""
1120,"抜く","ぬく",""
1121,"楽","らく",""
1122,"予想","よそう",""
1123,"超える","こえる",""
1124,"努力","どりょく",""
1125,"円","えん",""
1126,"立派","りっぱ",""
1127,"一方","いっぽう",""
1128,"確実","かくじつ",""
1129,"当時","とうじ",""
1130,"妻","つま",""
1131,"通う","かよう",""
1132,"流れ","ながれ",""
1133,"責任","せきにん",""
1134,"偶然","ぐうぜん",""
1135,"作業","さぎょう",""
1136,"運命","うんめい",""
1137,"どの","どの","何の"
1138,"伸びる","のびる",""
1139,"下がる","さがる",""
1140,"気をつける","きをつける",""
1141,"可能","かのう",""
1142,"支える","ささえる",""
1143,"非常","ひじょう",""
1144,"一歩","いっぽ",""
1145,"最も","もっとも",""
1146,"確かめる","たしかめる",""
1147,"乗せる","のせる",""
1148,"お話","おはなし",""
1149,"常に","つねに",""
1150,"通じる","つうじる",""
1151,"得意","とくい",""
1152,"二度と","にどと",""
1153,"関わる","かかわる",""
1154,"あんなに","あんなに",""
1155,"成長","せいちょう",""
1156,"遅れる","おくれる",""
1157,"本来","ほんらい",""
1158,"きり","きり","切; 切り; 限; 限り"
1159,"注意","ちゅうい",""
1160,"夏","なつ",""
1161,"取れる","とれる",""
1162,"計画","けいかく",""
1163,"直す","なおす",""
1164,"問う","とう",""
1165,"役","やく",""
1166,"その日","そのひ",""
1167,"にしても","にしても",""
1168,"解決","かいけつ",""
1169,"扱う","あつかう",""
1170,"重ねる","かさねる",""
1171,"ものがある","ものがある","物がある"
1172,"混乱","こんらん",""
1173,"案内","あんない",""
1174,"寒い","さむい",""
1175,"罪","つみ",""
1176,"事態","じたい",""
1177,"行為","こうい",""
1178,"とともに","とともに","と共に"
1179,"に向けて","にむけて",""
1180,"いつまでも","いつまでも","何時までも; 何時迄も"
1181,"中心","ちゅうしん",""
1182,"条件","じょうけん",""
1183,"屋","や",""
1184,"左","ひだり",""
1185,"型","かた",""
1186,"展開","てんかい",""
1187,"残り","のこり",""
1188,"量","りょう",""
1189,"その中","そのなか",""
1190,"一切","いっさい",""
1191,"迷惑","めいわく",""
1192,"古い","ふるい",""
1193,"結ぶ","むすぶ",""
1194,"別れる","わかれる",""
1195,"というより","というより","と言うより"
1196,"抑える","おさえる",""
1197,"といい","といい","と言い"
1198,"番","ばん",""
1199,"楽しみ","たのしみ",""
1200,"日々","ひび",""
1201,"年","とし",""
1202,"間","かん",""
1203,"気","げ",""
1204,"下","もと",""
1205,"間違い","まちがい",""
1206,"なお","なお","尚; 猶"
1207,"その人","そのひと",""
1208,"頼る","たよる",""
1209,"目立つ","めだつ",""
1210,"苦労","くろう",""
1211,"ごと","ごと","毎"
1212,"信用","しんよう",""
1213,"唯一","ゆいいつ",""
1214,"寄る","よる",""
1215,"減る","へる",""
1216,"間に合う","まにあう",""
1217,"到着","とうちゃく",""
1218,"面","めん",""
1219,"差","さ",""
1220,"時には","ときには",""
1221,"価値","かち",""
1222,"対応","たいおう",""
1223,"額","がく",""
1224,"含む","ふくむ",""
1225,"まとめる","まとめる","纏める"
1226,"すべき","すべき","す可き"
1227,"有名","ゆうめい",""
1228,"反対","はんたい",""
1229,"安全","あんぜん",""
1230,"出る","でる","でる"
1231,"ついてる","ついてる","付いてる"
1232,"ぶり","ぶり","振り"
1233,"午後","ごご",""
1234,"切れる","きれる",""
1235,"活動","かつどう",""
1236,"時期","じき",""
1237,"際","さい",""
1238,"正確","せいかく",""
1239,"以来","いらい",""
1240,"大きくなる","おおきくなる",""
1241,"完成","かんせい",""
1242,"なり","なり","形; 態"
1243,"貸す","かす",""
1244,"新","しん",""
1245,"たった","たった",""
1246,"降る","ふる",""
1247,"最後まで","さいごまで",""
1248,"狭い","せまい",""
1249,"出かける","でかける",""
1250,"至る","いたる",""
1251,"でもある","でもある",""
1252,"一生","いっしょう",""
1253,"信頼","しんらい",""
1254,"不満","ふまん",""
1255,"といえば","といえば","と言えば"
1256,"全体","ぜんたい",""
1257,"よる","よる","依る; 因る; 拠る; 由る"
1258,"病気","びょうき",""
1259,"複雑","ふくざつ",""
1260,"代","だい",""
1261,"含める","ふくめる",""
1262,"違い","ちがい",""
1263,"他","ほか","ほか; 外"
1264,"育てる","そだてる",""
1265,"ままに","ままに","儘に; 随に"
1266,"少しでも","すこしでも",""
1267,"にくい","にくい","悪い; 難い"
1268,"保つ","たもつ",""
1269,"回","かい",""
1270,"通す","とおす",""
1271,"役に立つ","やくにたつ",""
1272,"学ぶ","まなぶ",""
1273,"このよう","このよう","この様; 此の様"
1274,"比べる","くらべる",""
1275,"限る","かぎる",""
1276,"対象","たいしょう",""
1277,"度","ど",""
1278,"そのうち","そのうち","その内; 其の内"
1279,"世の中","よのなか",""
1280,"加える","くわえる",""
1281,"亡くなる","なくなる",""
1282,"最大","さいだい",""
1283,"人気","にんき",""
1284,"及ぶ","およぶ",""
1285,"将来","しょうらい",""
1286,"種類","しゅるい",""
1287,"半","はん",""
1288,"苦しむ","くるしむ",""
1289,"訴える","うったえる",""
1290,"ずつ","ずつ",""
1291,"たつ","たつ","経つ"
1292,"関する","かんする",""
1293,"決定","けってい",""
1294,"なくす","なくす","失くす; 無くす"
1295,"分ける","わける",""
1296,"いわゆる","いわゆる","所謂"
1297,"にかけて","にかけて",""
1298,"よな","よな",""
1299,"視線","しせん",""
1300,"嬉しい","うれしい",""
1301,"ねえ","ねえ",""
1302,"出来る","できる",""
1303,"ダメ","ダメ",""
1304,"見つめる","みつめる",""
1305,"全て","すべて",""
1306,"少女","しょうじょ",""
1307,"扉","とびら",""
1308,"私","わたし","わたし"
1309,"もしかして","もしかして","若しかして"
1310,"俺たち","おれたち",""
1311,"瞳","ひとみ",""
1312,"先輩","せんぱい",""
1313,"皆","みんな",""
1314,"奴","やつ",""
1315,"はあ","はあ",""
1316,"五","ご",""
1317,"慌てる","あわてる",""
1318,"街","まち",""
1319,"達","たち",""
1320,"というか","というか","と言うか"
1321,"なんだか","なんだか","何だか"
1322,"攻撃","こうげき",""
1323,"なぁ","なぁ",""
1324,"妹","いもうと",""
1325,"じゃん","じゃん",""
1326,"立ち上がる","たちあがる",""
1327,"唇","くちびる",""
1328,"はっ","はっ",""
1329,"ねぇ","ねぇ",""
1330,"震える","ふるえる",""
1331,"浮かべる","うかべる",""
1332,"可愛い","かわいい",""
1333,"気付く","きづく",""
1334,"あー","あー",""
1335,"両手","りょうて",""
1336,"んん","んん",""
1337,"身体","からだ",""
1338,"すみません","すみません",""
1339,"三人","さんにん",""
1340,"お母さん","おかあさん",""
1341,"眺める","ながめる",""
1342,"何だ","なんだ",""
1343,"ドア","ドア",""
1344,"床","ゆか",""
1345,"かい","かい",""
1346,"やがる","やがる",""
1347,"ベッド","ベッド",""
1348,"少年","しょうねん",""
1349,"そりゃ","そりゃ",""
1350,"森","もり",""
1351,"わけじゃない","わけじゃない","訳じゃない"
1352,"一つ","ひとつ","ひとつ; １つ"
1353,"倒す","たおす",""
1354,"構う","かまう",""
1355,"響く","ひびく",""
1356,"あの子","あのこ",""
1357,"笑み","えみ",""
1358,"謝る","あやまる",""
1359,"振り返る","ふりかえる",""
1360,"かよ","かよ",""
1361,"仕方ない","しかたない",""
1362,"やがて","やがて","軈て; 頓て"
1363,"我々","われわれ",""
1364,"口にする","くちにする",""
1365,"バカ","バカ",""
1366,"ふと","ふと","不図"
1367,"肉","にく",""
1368,"まい","まい",""
1369,"地面","じめん",""
1370,"えっと","えっと",""
1371,"何で","なんで",""
1372,"お父さん","おとうさん",""
1373,"叩く","たたく",""
1374,"そっか","そっか",""
1375,"見上げる","みあげる",""
1376,"声をかける","こえをかける",""
1377,"全身","ぜんしん",""
1378,"連中","れんちゅう",""
1379,"様","さま","さま; 状"
1380,"戦い","たたかい",""
1381,"告げる","つげる",""
1382,"気配","けはい",""
1383,"と共に","とともに",""
1384,"そっと","そっと",""
1385,"廊下","ろうか",""
1386,"取り出す","とりだす",""
1387,"影","かげ",""
1388,"色々","いろいろ",""
1389,"噂","うわさ",""
1390,"四","よん",""
1391,"兄","あに",""
1392,"怒り","いかり",""
1393,"嘘","うそ",""
1394,"生徒","せいと",""
1395,"相変わらず","あいかわらず",""
1396,"浮かぶ","うかぶ",""
1397,"そうですね","そうですね",""
1398,"傷","きず",""
1399,"痛み","いたみ",""
1400,"放つ","はなつ",""
1401,"体","たい",""
1402,"なのです","なのです",""
1403,"背後","はいご",""
1404,"闇","やみ",""
1405,"おう","おう",""
1406,"普段","ふだん",""
1407,"綺麗","きれい",""
1408,"手紙","てがみ",""
1409,"下さる","くださる",""
1410,"かのように","かのように",""
1411,"電話","でんわ",""
1412,"じっと","じっと","凝乎と"
1413,"お願いします","おねがいします",""
1414,"だからこそ","だからこそ",""
1415,"挨拶","あいさつ",""
1416,"テーブル","テーブル",""
1417,"かね","かね",""
1418,"無駄","むだ",""
1419,"可愛い","かわいい","かわいい"
1420,"王","おう",""
1421,"さっさ","さっさ",""
1422,"２人","ふたり",""
1423,"村","むら",""
1424,"触る","さわる",""
1425,"六","ろく",""
1426,"駄目","だめ",""
1427,"巨大","きょだい",""
1428,"光景","こうけい",""
1429,"多分","たぶん",""
1430,"黒","くろ",""
1431,"ござる","ござる","ご座る; 御座る"
1432,"石","いし",""
1433,"だよね","だよね",""
1434,"おそらく","おそらく","恐らく"
1435,"二つ","ふたつ",""
1436,"付き合う","つきあう",""
1437,"肌","はだ",""
1438,"武器","ぶき",""
1439,"当てる","あてる",""
1440,"椅子","いす",""
1441,"そいつ","そいつ","其奴"
1442,"無い","ない",""
1443,"恐怖","きょうふ",""
1444,"おいしい","おいしい","美味しい"
1445,"命令","めいれい",""
1446,"本当に","ほんとうに",""
1447,"多分","たぶん","たぶん"
1448,"一体","いったい","いったい"
1449,"す","す",""
1450,"マジ","マジ",""
1451,"口を開く","くちをひらく",""
1452,"匂い","におい",""
1453,"格好","かっこう",""
1454,"そうね","そうね",""
1455,"頬","ほお",""
1456,"っていう","っていう","って言う"
1457,"クラス","クラス",""
1458,"いやいや","いやいや","否々; 否否"
1459,"それじゃ","それじゃ",""
1460,"尋ねる","たずねる",""
1461,"うわ","うわ",""
1462,"犬","いぬ",""
1463,"もはや","もはや","最早"
1464,"階段","かいだん",""
1465,"そう言う","そういう",""
1466,"いいえ","いいえ","否"
1467,"もしかしたら","もしかしたら","若しかしたら"
1468,"机","つくえ",""
1469,"先ほど","さきほど",""
1470,"ゲーム","ゲーム",""
1471,"勝負","しょうぶ",""
1472,"そうそう","そうそう","然う然う"
1473,"本物","ほんもの",""
1474,"駄目","だめ","だめ"
1475,"レベル","レベル",""
1476,"真剣","しんけん",""
1477,"七","なな",""
1478,"星","ほし",""
1479,"まずい","まずい","不味い"
1480,"教室","きょうしつ",""
1481,"今","いま","いま"
1482,"その時","そのとき","そのとき; 其の時"
1483,"鋭い","するどい",""
1484,"あたり","あたり","辺り"
1485,"口調","くちょう",""
1486,"姉","あね",""
1487,"似合う","にあう",""
1488,"方がいい","ほうがいい",""
1489,"ちなみに","ちなみに","因に; 因みに"
1490,"揺れる","ゆれる",""
1491,"話しかける","はなしかける",""
1492,"あるいは","あるいは","或いは; 或るいは"
1493,"視界","しかい",""
1494,"そうだね","そうだね",""
1495,"限界","げんかい",""
1496,"作戦","さくせん",""
1497,"頭を下げる","あたまをさげる",""
1498,"申す","もうす",""
1499,"お互い","おたがい",""
1500,"なんじゃ","なんじゃ","何じゃ"
1501,"は","は",""
1502,"家","け",""
1503,"既に","すでに",""
1504,"取り戻す","とりもどす",""
1505,"右手","みぎて",""
1506,"女子","じょし",""
1507,"ばっかり","ばっかり",""
1508,"白","しろ",""
1509,"猫","ねこ",""
1510,"馬鹿","ばか",""
1511,"適当","てきとう",""
1512,"そば","そば","側; 傍"
1513,"なんでも","なんでも","何でも"
1514,"一言","ひとこと",""
1515,"心臓","しんぞう",""
1516,"なぜか","なぜか","何故か"
1517,"酒","さけ",""
1518,"いいか","いいか",""
1519,"違いない","ちがいない",""
1520,"魂","たましい",""
1521,"空間","くうかん",""
1522,"真面目","まじめ",""
1523,"たる","たる",""
1524,"お礼","おれい",""
1525,"薬","くすり",""
1526,"お茶","おちゃ",""
1527,"味方","みかた",""
1528,"炎","ほのお",""
1529,"タイミング","タイミング",""
1530,"両親","りょうしん",""
1531,"様に","ように",""
1532,"荷物","にもつ",""
1533,"それら","それら","其等"
1534,"細い","ほそい",""
1535,"警戒","けいかい",""
1536,"鍵","かぎ",""
1537,"飛び出す","とびだす",""
1538,"膝","ひざ",""
1539,"ほどに","ほどに","程に"
1540,"何とか","なんとか",""
1541,"というのに","というのに","と言うのに"
1542,"興奮","こうふん",""
1543,"褒める","ほめる",""
1544,"我が","わが",""
1545,"指示","しじ",""
1546,"弟","おとうと",""
1547,"っていうか","っていうか","って言うか"
1548,"わずか","わずか","僅か; 纔か"
1549,"十","じゅう",""
1550,"舌","した",""
1551,"鳴る","なる",""
1552,"穴","あな",""
1553,"そちら","そちら",""
1554,"タイプ","タイプ",""
1555,"随分","ずいぶん",""
1556,"差し出す","さしだす",""
1557,"やら","やら",""
1558,"八","はち",""
1559,"ども","ども","共"
1560,"閉じる","とじる",""
1561,"光る","ひかる",""
1562,"勘違い","かんちがい",""
1563,"警察","けいさつ",""
1564,"何でも","なんでも",""
1565,"伸ばす","のばす",""
1566,"それに","それに","其れに"
1567,"冷静","れいせい",""
1568,"第","だい",""
1569,"頂く","いただく",""
1570,"怪しい","あやしい",""
1571,"馬","うま",""
1572,"衝撃","しょうげき",""
1573,"城","しろ",""
1574,"巻き込む","まきこむ",""
1575,"多少","たしょう",""
1576,"同士","どうし",""
1577,"って言う","っていう",""
1578,"そのよう","そのよう","その様; 其の様"
1579,"恋人","こいびと",""
1580,"てる","てる",""
1581,"気がつく","きがつく",""
1582,"病院","びょういん",""
1583,"回す","まわす",""
1584,"わけない","わけない","訳ない; 訳無い"
1585,"汗","あせ",""
1586,"開始","かいし",""
1587,"それで","それで","其れで"
1588,"まとも","まとも","正面; 真面"
1589,"青い","あおい",""
1590,"押さえる","おさえる",""
1591,"超","ちょう",""
1592,"随分","ずいぶん","ずいぶん; ずい分; 隨分"
1593,"提案","ていあん",""
1594,"悔しい","くやしい",""
1595,"一本","いっぽん",""
1596,"室","しつ",""
1597,"ってのは","ってのは",""
1598,"ど","ど",""
1599,"真実","しんじつ",""
1600,"研究","けんきゅう",""
1601,"人","じん",""
1602,"嫌","いや","いや; 厭; 厭や"
1603,"身体","しんたい",""
1604,"背","せ",""
1605,"いつの間にか","いつのまにか",""
1606,"我","われ",""
1607,"扱い","あつかい",""
1608,"回復","かいふく",""
1609,"どうでもいい","どうでもいい","どうでも良い"
1610,"知識","ちしき",""
1611,"恋","こい",""
1612,"抵抗","ていこう",""
1613,"ぜ","ぜ",""
1614,"犯人","はんにん",""
1615,"嬉しい","うれしい","うれしい"
1616,"天","てん",""
1617,"広げる","ひろげる",""
1618,"に関して","にかんして",""
1619,"付く","つく",""
1620,"文字","もじ",""
1621,"苦手","にがて",""
1622,"引っ張る","ひっぱる",""
1623,"解放","かいほう",""
1624,"ともかく","ともかく","兎も角"
1625,"箱","はこ",""
1626,"追いかける","おいかける",""
1627,"真っ赤","まっか",""
1628,"見事","みごと",""
1629,"ほんと","ほんと",""
1630,"絵","え",""
1631,"でございます","でございます","で御座います"
1632,"あああ","あああ",""
1633,"おはよう","おはよう","お早う; 御早う"
1634,"嫌う","きらう",""
1635,"破壊","はかい",""
1636,"壊れる","こわれる",""
1637,"拾う","ひろう",""
1638,"今夜","こんや",""
1639,"囲む","かこむ",""
1640,"知り合い","しりあい",""
1641,"単純","たんじゅん",""
1642,"船","ふね",""
1643,"中身","なかみ",""
1644,"系","けい",""
1645,"とんでもない","とんでもない","とんでも無い; 飛んでもない"
1646,"なりに","なりに",""
1647,"辺り","あたり",""
1648,"完璧","かんぺき",""
1649,"脱ぐ","ぬぐ",""
1650,"全力","ぜんりょく",""
1651,"無言","むごん",""
1652,"へえ","へえ",""
1653,"門","もん",""
1654,"仲良く","なかよく",""
1655,"技術","ぎじゅつ",""
1656,"それじゃあ","それじゃあ",""
1657,"殴る","なぐる",""
1658,"大量","たいりょう",""
1659,"沈黙","ちんもく",""
1660,"感触","かんしょく",""
1661,"思考","しこう",""
1662,"どころか","どころか","所か"
1663,"試す","ためす",""
1664,"島","しま",""
1665,"ということだ","ということだ","と言うことだ"
1666,"言い方","いいかた",""
1667,"会社","かいしゃ",""
1668,"経つ","たつ",""
1669,"やっぱ","やっぱ",""
1670,"趣味","しゅみ",""
1671,"張る","はる",""
1672,"主","ぬし",""
1673,"紙","かみ",""
1674,"隙","すき",""
1675,"何者","なにもの",""
1676,"ふん","ふん",""
1677,"いよいよ","いよいよ","弥々; 愈; 愈々; 愈愈"
1678,"従う","したがう",""
1679,"異常","いじょう",""
1680,"中央","ちゅうおう",""
1681,"久しぶり","ひさしぶり",""
1682,"正体","しょうたい",""
1683,"長","ちょう",""
1684,"戦争","せんそう",""
1685,"穏やか","おだやか",""
1686,"なんとなく","なんとなく","何となく; 何と無く"
1687,"左右","さゆう",""
1688,"吸う","すう",""
1689,"柔らかい","やわらかい",""
1690,"構える","かまえる",""
1691,"ただし","ただし","但し"
1692,"赤","あか",""
1693,"授業","じゅぎょう",""
1694,"ゆく","ゆく",""
1695,"式","しき",""
1696,"何もない","なにもない",""
1697,"そんなもの","そんなもの",""
1698,"しれる","しれる","知れる"
1699,"不可能","ふかのう",""
1700,"投げる","なげる",""
1701,"ほう","ほう",""
1702,"なあ","なあ",""
1703,"洗う","あらう",""
1704,"見守る","みまもる",""
1705,"焼く","やく",""
1706,"天井","てんじょう",""
1707,"鳥","とり",""
1708,"思いつく","おもいつく",""
1709,"あっさり","あっさり",""
1710,"男の子","おとこのこ",""
1711,"雪","ゆき",""
1712,"ふざける","ふざける","巫山戯る"
1713,"確信","かくしん",""
1714,"イメージ","イメージ",""
1715,"わけにはいかない","わけにはいかない","わけには行かない; 訳にはいかない; 訳には行かない"
1716,"この世","このよ",""
1717,"悲鳴","ひめい",""
1718,"辛い","つらい",""
1719,"こ","こ",""
1720,"話題","わだい",""
1721,"認識","にんしき",""
1722,"振り向く","ふりむく",""
1723,"あまりにも","あまりにも","余りにも"
1724,"申し訳ない","もうしわけない",""
1725,"わあ","わあ",""
1726,"化する","かする",""
1727,"焦る","あせる",""
1728,"問題ない","もんだいない",""
1729,"突っ込む","つっこむ",""
1730,"制服","せいふく",""
1731,"やってみる","やってみる","やって見る; 遣ってみる; 遣って見る"
1732,"もうすぐ","もうすぐ","もう直ぐ"
1733,"驚き","おどろき",""
1734,"許可","きょか",""
1735,"映る","うつる",""
1736,"壊す","こわす",""
1737,"きちんと","きちんと",""
1738,"あっち","あっち","彼方"
1739,"裏切る","うらぎる",""
1740,"人形","にんぎょう",""
1741,"鼻","はな",""
1742,"謎","なぞ",""
1743,"その間","そのあいだ",""
1744,"二十","はたち",""
1745,"了解","りょうかい",""
1746,"発言","はつげん",""
1747,"その手","そのて",""
1748,"大した","たいした",""
1749,"組む","くむ",""
1750,"手段","しゅだん",""
1751,"最悪","さいあく",""
1752,"呼び出す","よびだす",""
1753,"ありがたい","ありがたい","有り難い; 有難い"
1754,"誤解","ごかい",""
1755,"メートル","メートル","米; 米突"
1756,"訳","わけ",""
1757,"吐く","はく",""
1758,"告白","こくはく",""
1759,"喉","のど",""
1760,"転がる","ころがる",""
1761,"旅","たび",""
1762,"見た目","みため",""
1763,"バレる","バレる",""
1764,"濡れる","ぬれる",""
1765,"呼吸","こきゅう",""
1766,"素晴らしい","すばらしい",""
1767,"出来事","できごと",""
1768,"行ってくる","いってくる",""
1769,"同様","どうよう",""
1770,"受け止める","うけとめる",""
1771,"少しずつ","すこしずつ",""
1772,"実に","じつに",""
1773,"自覚","じかく",""
1774,"綺麗","きれい","きれい; 奇麗"
1775,"見送る","みおくる",""
1776,"参る","まいる",""
1777,"爆発","ばくはつ",""
1778,"動揺","どうよう",""
1779,"着替える","きがえる",""
1780,"解く","とく",""
1781,"連れてくる","つれてくる",""
1782,"増す","ます",""
1783,"自体","じたい",""
1784,"東","ひがし",""
1785,"ぼんやり","ぼんやり",""
1786,"どうにか","どうにか",""
1787,"となると","となると",""
1788,"とはいえ","とはいえ","とは言え"
1789,"精神","せいしん",""
1790,"さっきから","さっきから",""
1791,"飛ばす","とばす",""
1792,"文句","もんく",""
1793,"踏む","ふむ",""
1794,"時点","じてん",""
1795,"発生","はっせい",""
1796,"あとで","あとで","後で"
1797,"付ける","つける",""
1798,"つかむ","つかむ","把む; 捉む; 掴む; 摑む; 攫む"
1799,"沈む","しずむ",""
1800,"と同じように","とおなじように",""
1801,"内","うち",""
1802,"抱く","だく",""
1803,"傷つける","きずつける",""
1804,"掃除","そうじ",""
1805,"頃","ころ","ころ; 比"
1806,"二人とも","ふたりとも",""
1807,"始める","はじめる","はじめる; 創める"
1808,"道具","どうぐ",""
1809,"現場","げんば",""
1810,"春","はる",""
1811,"歴史","れきし",""
1812,"依頼","いらい",""
1813,"足音","あしおと",""
1814,"術","じゅつ",""
1815,"全","ぜん",""
1816,"たまる","たまる","堪まる; 堪る"
1817,"手にする","てにする",""
1818,"一枚","いちまい",""
1819,"チャンス","チャンス",""
1820,"第二","だいに",""
1821,"ついでに","ついでに","序でに; 序に"
1822,"思い出","おもいで",""
1823,"歌","うた",""
1824,"覆う","おおう",""
1825,"庭","にわ",""
1826,"ただいま","ただいま","ただ今; 只今; 唯今"
1827,"応える","こたえる",""
1828,"だい","だい",""
1829,"ありがとうございました","ありがとうございました","有り難うございました; 有難うございました"
1830,"恐れる","おそれる",""
1831,"毒","どく",""
1832,"騒ぐ","さわぐ",""
1833,"背負う","せおう",""
1834,"あまりに","あまりに","余りに"
1835,"大学","だいがく",""
1836,"みな","みな",""
1837,"底","そこ",""
1838,"ぶつかる","ぶつかる","打つかる"
1839,"素敵","すてき",""
1840,"少々","しょうしょう",""
1841,"がな","がな",""
1842,"微妙","びみょう",""
1843,"担当","たんとう",""
1844,"お店","おみせ",""
1845,"怪我","けが",""
1846,"一人","ひとり","ひとり; 独り; １人"
1847,"同じく","おなじく",""
1848,"例えば","たとえば",""
1849,"方がいい","ほうがいい","ほうがいい; ほうが良い; 方が良い"
1850,"三十","さんじゅう",""
1851,"直後","ちょくご",""
1852,"調査","ちょうさ",""
1853,"今年","ことし",""
1854,"応援","おうえん",""
1855,"使用","しよう",""
1856,"言いながら","いいながら",""
1857,"早速","さっそく",""
1858,"玄関","げんかん",""
1859,"満ちる","みちる",""
1860,"予感","よかん",""
1861,"心の中","こころのなか",""
1862,"片手","かたて",""
1863,"逃げ出す","にげだす",""
1864,"速度","そくど",""
1865,"飛び込む","とびこむ",""
1866,"探る","さぐる",""
1867,"こら","こら",""
1868,"刺激","しげき",""
1869,"物語","ものがたり",""
1870,"男子","だんし",""
1871,"ありがと","ありがと",""
1872,"もしも","もしも","若しも"
1873,"いいや","いいや",""
1874,"硬い","かたい",""
1875,"かあ","かあ",""
1876,"人","ひと","ひと"
1877,"印象","いんしょう",""
1878,"感","かん",""
1879,"願い","ねがい",""
1880,"いくつか","いくつか","幾つか"
1881,"にしては","にしては",""
1882,"夫","おっと",""
1883,"意志","いし",""
1884,"あくまで","あくまで","飽くまで; 飽く迄"
1885,"魚","さかな",""
1886,"もともと","もともと","元々; 元元; 本本"
1887,"勝利","しょうり",""
1888,"意思","いし",""
1889,"もっとも","もっとも","尤も"
1890,"こうする","こうする",""
1891,"察する","さっする",""
1892,"太陽","たいよう",""
1893,"ますます","ますます","増々; 益; 益々; 益益"
1894,"歌う","うたう",""
1895,"大体","だいたい",""
1896,"才能","さいのう",""
1897,"と思ったら","とおもったら",""
1898,"はずがない","はずがない","はずが無い; 筈がない; 筈が無い"
1899,"果たす","はたす",""
1900,"選択","せんたく",""
1901,"並べる","ならべる",""
1902,"とっても","とっても",""
1903,"中","なか","なか"
1904,"名乗る","なのる",""
1905,"東京","とうきょう",""
1906,"味わう","あじわう",""
1907,"燃える","もえる",""
1908,"自分でも","じぶんでも",""
1909,"真似","まね",""
1910,"越える","こえる",""
1911,"左手","ひだりて",""
1912,"懐かしい","なつかしい",""
1913,"パン","パン",""
1914,"入り口","いりぐち",""
1915,"部下","ぶか",""
1916,"間に","あいだに",""
1917,"鬼","おに",""
1918,"幼い","おさない",""
1919,"間違える","まちがえる",""
1920,"一度も","いちども",""
1921,"組","くみ",""
1922,"ほんの","ほんの","本の"
1923,"下げる","さげる",""
1924,"偉い","えらい",""
1925,"捕まえる","つかまえる",""
1926,"漂う","ただよう",""
1927,"鏡","かがみ",""
1928,"笑い","わらい",""
1929,"香り","かおり",""
1930,"この前","このまえ",""
1931,"優秀","ゆうしゅう",""
1932,"込める","こめる",""
1933,"発する","はっする",""
1934,"機","き",""
1935,"はずです","はずです",""
1936,"会","かい",""
1937,"あいつら","あいつら","あいつ等; 彼奴ら; 彼奴等"
1938,"たっぷり","たっぷり",""
1939,"わざと","わざと","態と"
1940,"崩れる","くずれる",""
1941,"いいこと","いいこと","いい事; 善い事; 好い事"
1942,"証明","しょうめい",""
1943,"支配","しはい",""
1944,"潰す","つぶす",""
1945,"様々","さまざま",""
1946,"感心","かんしん",""
1947,"姿勢","しせい",""
1948,"先日","せんじつ",""
1949,"今すぐ","いますぐ",""
1950,"土地","とち",""
1951,"神様","かみさま",""
1952,"あらゆる","あらゆる","凡ゆる; 有らゆる"
1953,"いろんな","いろんな","色んな"
1954,"地下","ちか",""
1955,"承知","しょうち",""
1956,"に置いて","において",""
1957,"挟む","はさむ",""
1958,"年齢","ねんれい",""
1959,"通り","とおり","とおり"
1960,"西","にし",""
1961,"事故","じこ",""
1962,"やって来る","やってくる",""
1963,"訓練","くんれん",""
1964,"学生","がくせい",""
1965,"用事","ようじ",""
1966,"一年","いちねん",""
1967,"捜す","さがす",""
1968,"組織","そしき",""
1969,"地上","ちじょう",""
1970,"責める","せめる",""
1971,"わけがない","わけがない","わけが無い; 訳がない; 訳が無い"
1972,"なす","なす","成す; 為す"
1973,"固い","かたい",""
1974,"おいおい","おいおい",""
1975,"すっごい","すっごい",""
1976,"防ぐ","ふせぐ",""
1977,"祈る","いのる",""
1978,"整える","ととのえる",""
1979,"帰り","かえり",""
1980,"温かい","あたたかい",""
1981,"把握","はあく",""
1982,"覗く","のぞく",""
1983,"九","きゅう",""
1984,"込む","こむ",""
1985,"笑い声","わらいごえ",""
1986,"音がする","おとがする",""
1987,"効く","きく",""
1988,"冬","ふゆ",""
1989,"ように言う","ようにいう",""
1990,"漏れる","もれる",""
1991,"勇気","ゆうき",""
1992,"預ける","あずける",""
1993,"仕方がない","しかたがない",""
1994,"表現","ひょうげん",""
1995,"テレビ","テレビ",""
1996,"揃う","そろう",""
1997,"記録","きろく",""
1998,"育つ","そだつ",""
1999,"まくる","まくる","捲る"
2000,"好きになる","すきになる",""
2001,"とる","とる","摂る"
2002,"金","きん",""
2003,"なり","なり",""
2004,"宣言","せんげん",""
2005,"体力","たいりょく",""
2006,"絶望","ぜつぼう",""
2007,"まっすぐ","まっすぐ","真っすぐ; 真っ直; 真っ直ぐ; 真直ぐ"
2008,"よろしくお願いします","よろしくおねがいします",""
2009,"もうちょっと","もうちょっと","もう一寸"
2010,"ご飯","ごはん",""
2011,"秒","びょう",""
2012,"空く","あく",""
2013,"吹く","ふく",""
2014,"強引","ごういん",""
2015,"百","ひゃく",""
2016,"平和","へいわ",""
2017,"甘える","あまえる",""
2018,"だけでなく","だけでなく",""
2019,"数日","すうじつ",""
2020,"骨","ほね",""
2021,"だの","だの",""
2022,"情けない","なさけない",""
2023,"決意","けつい",""
2024,"知れる","しれる",""
2025,"言い訳","いいわけ",""
2026,"下りる","おりる",""
2027,"観察","かんさつ",""
2028,"きつい","きつい",""
2029,"袋","ふくろ",""
2030,"違和感","いわかん",""
2031,"おっしゃる","おっしゃる","仰しゃる; 仰っしゃる; 仰る; 仰有る"
2032,"その通り","そのとおり",""
2033,"氷","こおり",""
2034,"辛い","つらい","つらい"
2035,"北","きた",""
2036,"出て行く","でていく",""
2037,"寄せる","よせる",""
2038,"しょうがない","しょうがない","しょうが無い; 仕様がない; 仕様が無い"
2039,"端","はし",""
2040,"メンバー","メンバー",""
2041,"助け","たすけ",""
2042,"布","ぬの",""
2043,"どうしようもない","どうしようもない","どう仕様もない; どう仕様も無い; 如何しようもない; 如何しようも無い"
2044,"丁寧","ていねい",""
2045,"土","つち",""
2046,"たまたま","たまたま","偶; 偶々; 偶偶; 適"
2047,"だいぶ","だいぶ","大分"
2048,"下手","へた",""
2049,"永遠","えいえん",""
2050,"評価","ひょうか",""
2051,"景色","けしき",""
2052,"いくらでも","いくらでも","幾らでも"
2053,"１人","ひとり",""
2054,"びっくり","びっくり","吃驚"
2055,"掛ける","かける",""
2056,"固まる","かたまる",""
2057,"美人","びじん",""
2058,"だらけ","だらけ",""
2059,"地獄","じごく",""
2060,"今に","いまに",""
2061,"この先","このさき",""
2062,"外れる","はずれる",""
2063,"翌日","よくじつ",""
2064,"小","しょう",""
2065,"埋める","うめる",""
2066,"動物","どうぶつ",""
2067,"隙間","すきま",""
2068,"いかが","いかが","如何"
2069,"油断","ゆだん",""
2070,"貫く","つらぬく",""
2071,"線","せん",""
2072,"申し訳ありません","もうしわけありません",""
2073,"続き","つづき",""
2074,"ついている","ついている","付いている"
2075,"何だか","なんだか",""
2076,"氏","し",""
2077,"刺す","さす",""
2078,"見かける","みかける",""
2079,"控える","ひかえる",""
2080,"靴","くつ",""
2081,"特殊","とくしゅ",""
2082,"主人","しゅじん",""
2083,"つ","つ",""
2084,"目標","もくひょう",""
2085,"みたいです","みたいです",""
2086,"やり方","やりかた",""
2087,"傷つく","きずつく",""
2088,"教師","きょうし",""
2089,"他にも","ほかにも",""
2090,"青","あお",""
2091,"泳ぐ","およぐ",""
2092,"騒ぎ","さわぎ",""
2093,"届ける","とどける",""
2094,"おかげ","おかげ","お蔭; お陰; 御蔭; 御陰"
2095,"派手","はで",""
2096,"崩す","くずす",""
2097,"仕掛ける","しかける",""
2098,"からこそ","からこそ",""
2099,"本日","ほんじつ",""
2100,"大体","だいたい","だいたい"
2101,"力","りょく",""
2102,"実力","じつりょく",""
2103,"踊る","おどる",""
2104,"次第","しだい",""
2105,"雲","くも",""
2106,"たびに","たびに",""
2107,"捕まる","つかまる",""
2108,"破る","やぶる",""
2109,"巻く","まく",""
2110,"もう一つ","もうひとつ",""
2111,"役目","やくめ",""
2112,"３人","さんにん",""
2113,"自慢","じまん",""
2114,"今でも","いまでも",""
2115,"駅","えき",""
2116,"要求","ようきゅう",""
2117,"高校","こうこう",""
2118,"手を出す","てをだす",""
2119,"そしたら","そしたら",""
2120,"ぶつける","ぶつける","打付ける"
2121,"範囲","はんい",""
2122,"戦","せん",""
2123,"どっか","どっか",""
2124,"その上","そのうえ",""
2125,"と言い","といい",""
2126,"顔色","かおいろ",""
2127,"音楽","おんがく",""
2128,"映画","えいが",""
2129,"仮に","かりに",""
2130,"鉄","てつ",""
2131,"今朝","けさ",""
2132,"プレゼント","プレゼント",""
2133,"自分から","じぶんから",""
2134,"ついてくる","ついてくる","ついて来る; 付いてくる; 付いて来る"
2135,"上がる","あがる","あがる; 上る; 挙がる; 揚がる"
2136,"追いつく","おいつく",""
2137,"環境","かんきょう",""
2138,"主張","しゅちょう",""
2139,"染まる","そまる",""
2140,"注ぐ","そそぐ",""
2141,"奇妙","きみょう",""
2142,"正解","せいかい",""
2143,"満たす","みたす",""
2144,"暴れる","あばれる",""
2145,"宿","やど",""
2146,"作る","つくる","つくる; 創る; 造る"
2147,"慎重","しんちょう",""
2148,"閉める","しめる",""
2149,"表","おもて",""
2150,"大勢","おおぜい",""
2151,"促す","うながす",""
2152,"と言えば","といえば",""
2153,"心から","こころから",""
2154,"暑い","あつい",""
2155,"持ち上げる","もちあげる",""
2156,"蹴る","ける",""
2157,"折れる","おれる",""
2158,"終了","しゅうりょう",""
2159,"台","だい",""
2160,"昼","ひる",""
2161,"いかにも","いかにも","如何にも"
2162,"安い","やすい",""
2163,"出発","しゅっぱつ",""
2164,"機能","きのう",""
2165,"言い出す","いいだす",""
2166,"南","みなみ",""
2167,"管理","かんり",""
2168,"性","せい",""
2169,"純粋","じゅんすい",""
2170,"こっそり","こっそり",""
2171,"草","くさ",""
2172,"卒業","そつぎょう",""
2173,"契約","けいやく",""
2174,"基本的","きほんてき",""
2175,"からかう","からかう","揶揄う"
2176,"作品","さくひん",""
2177,"振る","ふる","ふる"
2178,"ショック","ショック",""
2179,"合う","あう","あう"
2180,"なんでもない","なんでもない","何でもない; 何でも無い"
2181,"目覚める","めざめる",""
2182,"夕方","ゆうがた",""
2183,"爪","つめ",""
2184,"確保","かくほ",""
2185,"生き物","いきもの",""
2186,"現状","げんじょう",""
2187,"照らす","てらす",""
2188,"たら","たら",""
2189,"糸","いと",""
2190,"時々","ときどき",""
2191,"幸い","さいわい",""
2192,"やあ","やあ",""
2193,"足元","あしもと",""
2194,"せいか","せいか","所為か"
2195,"枚","まい",""
2196,"連れて行く","つれていく",""
2197,"緑","みどり",""
2198,"次々","つぎつぎ",""
2199,"社会","しゃかい",""
2200,"感動","かんどう",""
2201,"字","じ",""
2202,"堂々","どうどう",""
2203,"突く","つく",""
2204,"トイレ","トイレ",""
2205,"といっても","といっても","と言っても"
2206,"収まる","おさまる",""
2207,"濃い","こい",""
2208,"あえて","あえて","敢えて; 敢て"
2209,"子ども","こども",""
2210,"命じる","めいじる",""
2211,"しゃべる","しゃべる","喋る"
2212,"買い物","かいもの",""
2213,"あちこち","あちこち","彼方此方"
2214,"こんにちは","こんにちは","今日は"
2215,"不幸","ふこう",""
2216,"虫","むし",""
2217,"ひたすら","ひたすら","一向; 只管; 頓"
2218,"橋","はし",""
2219,"述べる","のべる",""
2220,"からって","からって",""
2221,"具合","ぐあい",""
2222,"おかしな","おかしな","可笑しな"
2223,"刻む","きざむ",""
2224,"かく","かく","掻く; 搔く"
2225,"舞台","ぶたい",""
2226,"教育","きょういく",""
2227,"生","なま",""
2228,"返る","かえる",""
2229,"ものである","ものである",""
2230,"機械","きかい",""
2231,"にて","にて",""
2232,"細かい","こまかい",""
2233,"ったら","ったら",""
2234,"だからって","だからって",""
2235,"徐々に","じょじょに",""
2236,"田","た",""
2237,"最低","さいてい",""
2238,"発表","はっぴょう",""
2239,"施設","しせつ",""
2240,"恋愛","れんあい",""
2241,"三つ","みっつ",""
2242,"品","ひん",""
2243,"法","ほう",""
2244,"集団","しゅうだん",""
2245,"脳","のう",""
2246,"太い","ふとい",""
2247,"夫婦","ふうふ",""
2248,"浮く","うく",""
2249,"顔を出す","かおをだす",""
2250,"おっと","おっと",""
2251,"千","せん",""
2252,"渡る","わたる",""
2253,"構う","かまう","かまう"
2254,"指摘","してき",""
2255,"隅","すみ",""
2256,"圧倒的","あっとうてき",""
2257,"招く","まねく",""
2258,"うまくいく","うまくいく","うまく行く; 上手くいく; 上手く行く; 旨くいく; 旨く行く"
2259,"具体的","ぐたいてき",""
2260,"監視","かんし",""
2261,"喜び","よろこび",""
2262,"ルール","ルール",""
2263,"生きていく","いきていく",""
2264,"声を出す","こえをだす",""
2265,"譲る","ゆずる",""
2266,"派","は",""
2267,"男女","だんじょ",""
2268,"仲","なか",""
2269,"最中","さいちゅう",""
2270,"交渉","こうしょう",""
2271,"内部","ないぶ",""
2272,"時に","ときに",""
2273,"波","なみ",""
2274,"実家","じっか",""
2275,"説得","せっとく",""
2276,"会場","かいじょう",""
2277,"ある程度","あるていど",""
2278,"１つ","ひとつ",""
2279,"結論","けつろん",""
2280,"被害","ひがい",""
2281,"逃がす","にがす",""
2282,"素早い","すばやい",""
2283,"間もない","まもない",""
2284,"とっくに","とっくに","疾っくに"
2285,"書類","しょるい",""
2286,"必要ない","ひつようない",""
2287,"共に","ともに",""
2288,"というのも","というのも","と言うのも"
2289,"半ば","なかば",""
2290,"何もかも","なにもかも",""
2291,"浴びる","あびる",""
2292,"望み","のぞみ",""
2293,"生える","はえる",""
2294,"導く","みちびく",""
2295,"個人","こじん",""
2296,"代表","だいひょう",""
2297,"放っておく","ほうっておく",""
2298,"治療","ちりょう",""
2299,"直前","ちょくぜん",""
2300,"悟る","さとる",""
2301,"着く","つく","つく"
2302,"操作","そうさ",""
2303,"ほっと","ほっと",""
2304,"岩","いわ",""
2305,"やる気","やるき",""
2306,"単に","たんに",""
2307,"感想","かんそう",""
2308,"割れる","われる",""
2309,"ものすごい","ものすごい","もの凄い; 物凄い"
2310,"狂う","くるう",""
2311,"下ろす","おろす",""
2312,"礼","れい",""
2313,"積む","つむ",""
2314,"生み出す","うみだす",""
2315,"容赦","ようしゃ",""
2316,"そうすれば","そうすれば","然うすれば"
2317,"お客さん","おきゃくさん",""
2318,"あっという間に","あっというまに",""
2319,"整う","ととのう",""
2320,"稼ぐ","かせぐ",""
2321,"親しい","したしい",""
2322,"とのこと","とのこと","との事"
2323,"映像","えいぞう",""
2324,"残念ながら","ざんねんながら",""
2325,"会議","かいぎ",""
2326,"持っていく","もっていく",""
2327,"去年","きょねん",""
2328,"夢中","むちゅう",""
2329,"上","うえ","うえ"
2330,"反省","はんせい",""
2331,"よほど","よほど","余程"
2332,"捉える","とらえる",""
2333,"接する","せっする",""
2334,"資料","しりょう",""
2335,"時には","ときには","ときには"
2336,"正面","しょうめん",""
2337,"この間","このあいだ",""
2338,"厄介","やっかい",""
2339,"預かる","あずかる",""
2340,"増やす","ふやす",""
2341,"時計","とけい",""
2342,"鳴らす","ならす",""
2343,"煙","けむり",""
2344,"交わす","かわす",""
2345,"達する","たっする",""
2346,"どうにも","どうにも","如何にも"
2347,"歯","は",""
2348,"だったり","だったり",""
2349,"休み","やすみ",""
2350,"移す","うつす",""
2351,"いかん","いかん","行かん"
2352,"誓う","ちかう",""
2353,"おいで","おいで","お出で; 御出で"
2354,"つながる","つながる","接続る; 繋がる; 繫がる"
2355,"に対し","にたいし",""
2356,"久しぶりに","ひさしぶりに",""
2357,"休憩","きゅうけい",""
2358,"重なる","かさなる",""
2359,"異なる","ことなる",""
2360,"段階","だんかい",""
2361,"逃れる","のがれる",""
2362,"もういい","もういい",""
2363,"下","もと","もと; 許"
2364,"登場","とうじょう",""
2365,"伏せる","ふせる",""
2366,"周辺","しゅうへん",""
2367,"目を覚ます","めをさます",""
2368,"人数","にんずう",""
2369,"移る","うつる",""
2370,"落ち込む","おちこむ",""
2371,"気にしない","きにしない",""
2372,"設定","せってい",""
2373,"一回","いっかい",""
2374,"辞める","やめる",""
2375,"侵入","しんにゅう",""
2376,"世間","せけん",""
2377,"仕方","しかた",""
2378,"居場所","いばしょ",""
2379,"互いに","たがいに",""
2380,"盛り上がる","もりあがる",""
2381,"発","はつ",""
2382,"都合","つごう",""
2383,"だんだん","だんだん","段々; 段段"
2384,"おや","おや",""
2385,"んな","んな",""
2386,"盗む","ぬすむ",""
2387,"お世話になる","おせわになる",""
2388,"処理","しょり",""
2389,"絡む","からむ",""
2390,"号","ごう",""
2391,"内側","うちがわ",""
2392,"もう一人","もうひとり",""
2393,"無意識","むいしき",""
2394,"湧く","わく",""
2395,"年間","ねんかん",""
2396,"奇跡","きせき",""
2397,"こりゃ","こりゃ",""
2398,"治る","なおる",""
2399,"医者","いしゃ",""
2400,"手に入る","てにはいる",""
2401,"強力","きょうりょく",""
2402,"一時","いちじ",""
2403,"一週間","いっしゅうかん",""
2404,"接触","せっしょく",""
2405,"お話し","おはなし",""
2406,"屋根","やね",""
2407,"自分自身","じぶんじしん",""
2408,"各","かく",""
2409,"個","こ",""
2410,"同意","どうい",""
2411,"角","かど",""
2412,"覚え","おぼえ",""
2413,"実感","じっかん",""
2414,"公園","こうえん",""
2415,"無","む",""
2416,"ですら","ですら",""
2417,"かつ","かつ","且; 且つ"
2418,"計算","けいさん",""
2419,"いまだ","いまだ",""
2420,"大声","おおごえ",""
2421,"乱暴","らんぼう",""
2422,"荒い","あらい",""
2423,"基本","きほん",""
2424,"世","よ",""
2425,"縁","えん",""
2426,"なるべく","なるべく","成るべく; 成る可く"
2427,"詰まる","つまる",""
2428,"三日","みっか",""
2429,"加わる","くわわる",""
2430,"さっぱり","さっぱり",""
2431,"縛る","しばる",""
2432,"何年","なんねん",""
2433,"強化","きょうか",""
2434,"データ","データ",""
2435,"謝罪","しゃざい",""
2436,"いちいち","いちいち","一々; 一一"
2437,"登る","のぼる",""
2438,"一斉に","いっせいに",""
2439,"ぜひ","ぜひ","是非"
2440,"材料","ざいりょう",""
2441,"しようとする","しようとする",""
2442,"ちょうだい","ちょうだい","頂だい; 頂戴; 頂載"
2443,"掲げる","かかげる",""
2444,"常識","じょうしき",""
2445,"権利","けんり",""
2446,"昼間","ひるま",""
2447,"合図","あいず",""
2448,"飾る","かざる",""
2449,"ホテル","ホテル",""
2450,"誰でも","だれでも",""
2451,"だっけ","だっけ",""
2452,"両","りょう",""
2453,"意図","いと",""
2454,"一生懸命","いっしょうけんめい",""
2455,"つまらない","つまらない","詰まらない; 詰らない"
2456,"溶ける","とける",""
2457,"運動","うんどう",""
2458,"見逃す","みのがす",""
2459,"もたらす","もたらす","齎す; 齎らす"
2460,"負う","おう",""
2461,"正式","せいしき",""
2462,"どうかした","どうかした",""
2463,"実","じつ",""
2464,"何人","なんにん",""
2465,"とうとう","とうとう","到頭"
2466,"市","し",""
2467,"いくつも","いくつも","幾つも"
2468,"以下","いか",""
2469,"貴重","きちょう",""
2470,"放す","はなす",""
2471,"通常","つうじょう",""
2472,"上る","のぼる",""
2473,"禁止","きんし",""
2474,"実験","じっけん",""
2475,"約","やく",""
2476,"してやる","してやる","して遣る; 為て遣る"
2477,"晴れる","はれる",""
2478,"遊び","あそび",""
2479,"連続","れんぞく",""
2480,"狙い","ねらい",""
2481,"ページ","ページ","頁"
2482,"例えば","たとえば","たとえば"
2483,"くだる","くだる","下る; 降る"
2484,"産む","うむ",""
2485,"力強い","ちからづよい",""
2486,"注文","ちゅうもん",""
2487,"どこにも","どこにも","何処にも"
2488,"とすると","とすると",""
2489,"倍","ばい",""
2490,"野","の",""
2491,"乗り込む","のりこむ",""
2492,"というと","というと","と言うと"
2493,"同情","どうじょう",""
2494,"楽しみにする","たのしみにする",""
2495,"こなす","こなす","熟す"
2496,"秋","あき",""
2497,"尊敬","そんけい",""
2498,"復活","ふっかつ",""
2499,"上手","じょうず",""
2500,"における","における","に於ける"
2501,"中","じゅう",""
2502,"大","おお",""
2503,"生","せい",""
2504,"聴く","きく",""
2505,"ごく","ごく","極; 極く"
2506,"解ける","とける",""
2507,"おとなしい","おとなしい","大人しい; 温和しい"
2508,"手足","てあし",""
2509,"野菜","やさい",""
2510,"だもの","だもの",""
2511,"となれば","となれば",""
2512,"尽くす","つくす",""
2513,"整理","せいり",""
2514,"日常","にちじょう",""
2515,"好み","このみ",""
2516,"どこまでも","どこまでも","何処までも; 何処迄も"
2517,"汚れる","よごれる",""
2518,"泊まる","とまる",""
2519,"放置","ほうち",""
2520,"対策","たいさく",""
2521,"食べ物","たべもの",""
2522,"何でもない","なんでもない",""
2523,"いかに","いかに","如何に"
2524,"ごとに","ごとに","毎に"
2525,"そっくり","そっくり",""
2526,"複数","ふくすう",""
2527,"いいね","いいね",""
2528,"過ぎ","すぎ",""
2529,"浅い","あさい",""
2530,"若者","わかもの",""
2531,"呼びかける","よびかける",""
2532,"嫉妬","しっと",""
2533,"眠い","ねむい",""
2534,"拭く","ふく",""
2535,"理想","りそう",""
2536,"手前","てまえ",""
2537,"優先","ゆうせん",""
2538,"づらい","づらい","辛い"
2539,"活躍","かつやく",""
2540,"と言っても","といっても",""
2541,"発揮","はっき",""
2542,"半年","はんとし",""
2543,"のんびり","のんびり",""
2544,"話し合う","はなしあう",""
2545,"交換","こうかん",""
2546,"いったん","いったん","一旦"
2547,"痛む","いたむ",""
2548,"向き合う","むきあう",""
2549,"近寄る","ちかよる",""
2550,"開発","かいはつ",""
2551,"逆らう","さからう",""
2552,"拍手","はくしゅ",""
2553,"柱","はしら",""
2554,"種","くさ",""
2555,"がたい","がたい",""
2556,"によると","によると","に依ると"
2557,"その先","そのさき",""
2558,"単なる","たんなる",""
2559,"気味","きみ",""
2560,"でさえ","でさえ",""
2561,"犠牲","ぎせい",""
2562,"どおり","どおり","通り"
2563,"訪ねる","たずねる",""
2564,"引き受ける","ひきうける",""
2565,"詰める","つめる",""
2566,"資格","しかく",""
2567,"チェック","チェック",""
2568,"に似て","ににて",""
2569,"ある日","あるひ",""
2570,"玉","たま",""
2571,"愚か","おろか",""
2572,"せいぜい","せいぜい","精々; 精精"
2573,"癖","くせ",""
2574,"散る","ちる",""
2575,"維持","いじ",""
2576,"よっぽど","よっぽど","余っ程"
2577,"案外","あんがい",""
2578,"散歩","さんぽ",""
2579,"注目","ちゅうもく",""
2580,"お互いに","おたがいに",""
2581,"時間がかかる","じかんがかかる",""
2582,"今のところ","いまのところ",""
2583,"両方","りょうほう",""
2584,"便利","べんり",""
2585,"聞く","きく","きく; 聴く"
2586,"かねない","かねない",""
2587,"代わる","かわる",""
2588,"不自然","ふしぜん",""
2589,"どのよう","どのよう","どの様; 何の様"
2590,"転ぶ","ころぶ",""
2591,"恨む","うらむ",""
2592,"参る","まいる","まいる; 詣る"
2593,"一般","いっぱん",""
2594,"乱れる","みだれる",""
2595,"前後","ぜんご",""
2596,"どうしたん","どうしたん",""
2597,"までもない","までもない","までも無い"
2598,"生じる","しょうじる",""
2599,"伺う","うかがう",""
2600,"聞かす","きかす",""
2601,"以降","いこう",""
2602,"引きずる","ひきずる",""
2603,"びっくりした","びっくりした",""
2604,"兄弟","きょうだい",""
2605,"体験","たいけん",""
2606,"ものになる","ものになる","物になる; 物に成る"
2607,"自宅","じたく",""
2608,"強烈","きょうれつ",""
2609,"なさそう","なさそう","無さそう"
2610,"電車","でんしゃ",""
2611,"所属","しょぞく",""
2612,"今では","いまでは",""
2613,"たび","たび","度"
2614,"ところへ","ところへ","所へ"
2615,"応じる","おうじる",""
2616,"陥る","おちいる",""
2617,"始末","しまつ",""
2618,"乾く","かわく",""
2619,"真ん中","まんなか",""
2620,"ポイント","ポイント",""
2621,"旅行","りょこう",""
2622,"でして","でして",""
2623,"退屈","たいくつ",""
2624,"指す","さす",""
2625,"除く","のぞく",""
2626,"生命","せいめい",""
2627,"手伝い","てつだい",""
2628,"飽きる","あきる",""
2629,"かぶる","かぶる","冠る; 被る"
2630,"その後","そのあと","そのあと; 其の後; 其後"
2631,"魅力","みりょく",""
2632,"乗り越える","のりこえる",""
2633,"役割","やくわり",""
2634,"飯","めし",""
2635,"犯す","おかす",""
2636,"葉","は",""
2637,"持ち主","もちぬし",""
2638,"根","ね",""
2639,"きっかけ","きっかけ","切っかけ; 切っ掛け; 切掛; 切掛け"
2640,"苦痛","くつう",""
2641,"悲しみ","かなしみ",""
2642,"丸","まる",""
2643,"これら","これら","是等; 此れ等; 此等"
2644,"方々","かたがた",""
2645,"もったいない","もったいない","勿体ない; 勿体無い; 物体ない"
2646,"疑い","うたがい",""
2647,"危機","きき",""
2648,"選択肢","せんたくし",""
2649,"特徴","とくちょう",""
2650,"汚い","きたない",""
2651,"停止","ていし",""
2652,"一杯","いっぱい",""
2653,"くっつく","くっつく","くっ付く; 食っ付く"
2654,"伴う","ともなう",""
2655,"変更","へんこう",""
2656,"に比べ","にくらべ",""
2657,"数える","かぞえる",""
2658,"ゼロ","ゼロ","零"
2659,"等","とう",""
2660,"挙げる","あげる",""
2661,"勘弁","かんべん",""
2662,"事前","じぜん",""
2663,"いっそ","いっそ",""
2664,"問う","とう","とう; 訪う"
2665,"証","あかし",""
2666,"跡","あと",""
2667,"実行","じっこう",""
2668,"抜け出す","ぬけだす",""
2669,"相手にする","あいてにする",""
2670,"次第に","しだいに",""
2671,"勝ち","かち",""
2672,"化","か",""
2673,"対","たい",""
2674,"一方的","いっぽうてき",""
2675,"酔う","よう",""
2676,"風","ふう","ふう"
2677,"商品","しょうひん",""
2678,"上下","じょうげ",""
2679,"惜しい","おしい",""
2680,"おめでとう","おめでとう","お目出度う; お芽出度う; 御目出度う"
2681,"下る","くだる",""
2682,"かと思うと","かとおもうと",""
2683,"初","はつ",""
2684,"順調","じゅんちょう",""
2685,"優れる","すぐれる",""
2686,"誇る","ほこる",""
2687,"調整","ちょうせい",""
2688,"対処","たいしょ",""
2689,"夢を見る","ゆめをみる",""
2690,"二度","にど",""
2691,"困難","こんなん",""
2692,"グループ","グループ",""
2693,"バランス","バランス",""
2694,"追加","ついか",""
2695,"割る","わる",""
2696,"雇う","やとう",""
2697,"愛情","あいじょう",""
2698,"がち","がち","勝ち"
2699,"服装","ふくそう",""
2700,"スピード","スピード",""
2701,"たまる","たまる","溜まる; 溜る"
2702,"主に","おもに",""
2703,"べく","べく",""
2704,"豊か","ゆたか",""
2705,"悩み","なやみ",""
2706,"棚","たな",""
2707,"当たる","あたる","あたる; 中たる; 中る; 当る"
2708,"感じがする","かんじがする",""
2709,"を通して","をとおして",""
2710,"この手","このて",""
2711,"保証","ほしょう",""
2712,"設置","せっち",""
2713,"近所","きんじょ",""
2714,"再開","さいかい",""
2715,"ぴったり","ぴったり",""
2716,"疲れ","つかれ",""
2717,"体調","たいちょう",""
2718,"かなう","かなう","叶う; 敵う; 適う"
2719,"対する","たいする",""
2720,"どちらも","どちらも","何方も"
2721,"容易","ようい",""
2722,"できるだけ","できるだけ","出来るだけ; 出来る丈"
2723,"頭から","あたまから",""
2724,"用いる","もちいる",""
2725,"付近","ふきん",""
2726,"筋","すじ",""
2727,"数字","すうじ",""
2728,"務める","つとめる",""
2729,"追い出す","おいだす",""
2730,"施す","ほどこす",""
2731,"叱る","しかる",""
2732,"にしておく","にしておく","にして置く"
2733,"要素","ようそ",""
2734,"安定","あんてい",""
2735,"およそ","およそ","凡そ"
2736,"アメリカ","アメリカ","亜墨利加; 亜米利加"
2737,"場面","ばめん",""
2738,"一種","いっしゅ",""
2739,"季節","きせつ",""
2740,"こもる","こもる","篭もる; 篭る; 籠もる; 籠る; 隠る"
2741,"添える","そえる",""
2742,"にもかかわらず","にもかかわらず","にも拘らず; にも拘わらず; にも関らず; にも関わらず"
2743,"風景","ふうけい",""
2744,"かねる","かねる","兼ねる"
2745,"しつこい","しつこい",""
2746,"新聞","しんぶん",""
2747,"不明","ふめい",""
2748,"今頃","いまごろ",""
2749,"かわいそう","かわいそう","可哀そう; 可哀想; 可哀相"
2750,"憎む","にくむ",""
2751,"積極的","せっきょくてき",""
2752,"前回","ぜんかい",""
2753,"真の","しんの",""
2754,"成果","せいか",""
2755,"に従って","にしたがって",""
2756,"収める","おさめる",""
2757,"必要とする","ひつようとする",""
2758,"保護","ほご",""
2759,"成立","せいりつ",""
2760,"日本人","にほんじん",""
2761,"下す","くだす",""
2762,"申し上げる","もうしあげる",""
2763,"あちら","あちら",""
2764,"評判","ひょうばん",""
2765,"一面","いちめん",""
2766,"関係者","かんけいしゃ",""
2767,"ふさわしい","ふさわしい","相応しい"
2768,"個人的","こじんてき",""
2769,"嘘","うそ","うそ; 噓"
2770,"生かす","いかす",""
2771,"いつから","いつから","何時から"
2772,"入り込む","はいりこむ",""
2773,"年上","としうえ",""
2774,"最終的","さいしゅうてき",""
2775,"拒否","きょひ",""
2776,"セット","セット",""
2777,"家庭","かてい",""
2778,"明確","めいかく",""
2779,"特定","とくてい",""
2780,"出てくる","でてくる",""
2781,"はるか","はるか","遙か; 遥か"
2782,"そういうもの","そういうもの",""
2783,"決断","けつだん",""
2784,"欠ける","かける",""
2785,"地位","ちい",""
2786,"想定","そうてい",""
2787,"歓迎","かんげい",""
2788,"曲がる","まがる",""
2789,"たって","たって",""
2790,"表面","ひょうめん",""
2791,"不足","ふそく",""
2792,"でないと","でないと",""
2793,"２つ","ふたつ",""
2794,"近づける","ちかづける",""
2795,"提供","ていきょう",""
2796,"経過","けいか",""
2797,"熱心","ねっしん",""
2798,"出入り","でいり",""
2799,"処分","しょぶん",""
2800,"載る","のる",""
2801,"下","か",""
2802,"元","もと","もと; 基; 本; 素"
2803,"載せる","のせる",""
2804,"規模","きぼ",""
2805,"意味がある","いみがある",""
2806,"詰まる","つまる","つまる"
2807,"詳細","しょうさい",""
2808,"何回","なんかい",""
2809,"売る","うる","うる"
2810,"地域","ちいき",""
2811,"好む","このむ",""
2812,"悲しむ","かなしむ",""
2813,"よす","よす","止す"
2814,"始まり","はじまり",""
2815,"親子","おやこ",""
2816,"皮","かわ",""
2817,"備える","そなえる",""
2818,"持ち込む","もちこむ",""
2819,"成績","せいせき",""
2820,"指定","してい",""
2821,"頼み","たのみ",""
2822,"中には","なかには",""
2823,"一見","いっけん",""
2824,"固める","かためる",""
2825,"この中","このなか",""
2826,"地方","ちほう",""
2827,"世界中","せかいじゅう",""
2828,"念のため","ねんのため",""
2829,"大事にする","だいじにする",""
2830,"義務","ぎむ",""
2831,"世話","せわ",""
2832,"肝心","かんじん",""
2833,"見に行く","みにいく",""
2834,"塗る","ぬる",""
2835,"なしに","なしに","無しに"
2836,"うっかり","うっかり",""
2837,"対抗","たいこう",""
2838,"本格的","ほんかくてき",""
2839,"身につける","みにつける",""
2840,"模様","もよう",""
2841,"おしまい","おしまい","お仕舞; お仕舞い; お終い; 御仕舞; 御仕舞い; 御終い"
2842,"発展","はってん",""
2843,"キロ","キロ",""
2844,"記す","しるす",""
2845,"作り","つくり",""
2846,"ところから","ところから",""
2847,"性質","せいしつ",""
2848,"どうしたらいい","どうしたらいい","どうしたら良い"
2849,"慰める","なぐさめる",""
2850,"いざ","いざ",""
2851,"分かれる","わかれる",""
2852,"代わり","かわり",""
2853,"出会い","であい",""
2854,"座","ざ",""
2855,"入り","いり",""
2856,"出身","しゅっしん",""
2857,"案","あん",""
2858,"当初","とうしょ",""
2859,"実現","じつげん",""
2860,"文化","ぶんか",""
2861,"変わり","かわり",""
2862,"一定","いってい",""
2863,"目に見える","めにみえる",""
2864,"したる","したる",""
2865,"教わる","おそわる",""
2866,"引き出す","ひきだす",""
2867,"かえって","かえって","却って"
2868,"指導","しどう",""
2869,"深刻","しんこく",""
2870,"一般的","いっぱんてき",""
2871,"表す","あらわす",""
2872,"期間","きかん",""
2873,"じっくり","じっくり",""
2874,"築く","きずく",""
2875,"精神的","せいしんてき",""
2876,"他に","ほかに","ほかに; 外に"
2877,"逃す","のがす",""
2878,"極めて","きわめて",""
2879,"焼ける","やける",""
2880,"敷く","しく",""
2881,"負担","ふたん",""
2882,"方針","ほうしん",""
2883,"小学校","しょうがっこう",""
2884,"争い","あらそい",""
2885,"争う","あらそう",""
2886,"賛成","さんせい",""
2887,"経る","へる",""
2888,"姿を見せる","すがたをみせる",""
2889,"取り上げる","とりあげる",""
2890,"というものは","というものは","と言うものは; と言う物は"
2891,"尽きる","つきる",""
2892,"新鮮","しんせん",""
2893,"思い切る","おもいきる",""
2894,"ものなら","ものなら","物なら"
2895,"持ち出す","もちだす",""
2896,"重大","じゅうだい",""
2897,"共有","きょうゆう",""
2898,"勧める","すすめる",""
2899,"いいところ","いいところ",""
2900,"暮らし","くらし",""
2901,"日","にち",""
2902,"外","がい",""
2903,"大切にする","たいせつにする",""
2904,"抗議","こうぎ",""
2905,"割","わり",""
2906,"解釈","かいしゃく",""
2907,"夜中","よなか",""
2908,"一致","いっち",""
2909,"健康","けんこう",""
2910,"大いに","おおいに",""
2911,"その他","そのほか",""
2912,"にやっ","にやっ",""
2913,"余り","あまり",""
2914,"社","しゃ",""
2915,"苦しみ","くるしみ",""
2916,"挑戦","ちょうせん",""
2917,"何十","なんじゅう",""
2918,"建てる","たてる",""
2919,"高まる","たかまる",""
2920,"よく言う","よくいう",""
2921,"毎年","まいとし",""
2922,"歩む","あゆむ",""
2923,"根拠","こんきょ",""
2924,"よそ","よそ","他所; 余所; 外"
2925,"数々","かずかず",""
2926,"午前","ごぜん",""
2927,"高める","たかめる",""
2928,"余地","よち",""
2929,"来年","らいねん",""
2930,"足る","たる",""
2931,"からには","からには",""
2932,"利益","りえき",""
2933,"連れる","つれる","つれる"
2934,"英語","えいご",""
2935,"最終","さいしゅう",""
2936,"中でも","なかでも",""
2937,"厚い","あつい",""
2938,"改める","あらためる",""
2939,"ケース","ケース",""
2940,"悪くなる","わるくなる",""
2941,"習う","ならう",""
2942,"達成","たっせい",""
2943,"前提","ぜんてい",""
2944,"帰す","かえす",""
2945,"減らす","へらす",""
2946,"つなぐ","つなぐ","繋ぐ"
2947,"分析","ぶんせき",""
2948,"共に","ともに","ともに; 供に; 倶に"
2949,"役立つ","やくだつ",""
2950,"一時的","いちじてき",""
2951,"長年","ながねん",""
2952,"よくある","よくある","良くある"
2953,"生涯","しょうがい",""
2954,"大胆","だいたん",""
2955,"こうした","こうした","斯うした"
2956,"こだわる","こだわる","拘る; 拘わる"
2957,"共通","きょうつう",""
2958,"制限","せいげん",""
2959,"質","しつ",""
2960,"多数","たすう",""
2961,"様々","さまざま","さまざま; 様様"
2962,"定める","さだめる",""
2963,"外出","がいしゅつ",""
2964,"徹底的","てっていてき",""
2965,"比較的","ひかくてき",""
2966,"実際は","じっさいは",""
2967,"まとまる","まとまる","纏まる"
2968,"地元","じもと",""
2969,"恵まれる","めぐまれる",""
2970,"経営","けいえい",""
2971,"中止","ちゅうし",""
2972,"検討","けんとう",""
2973,"働き","はたらき",""
2974,"引き上げる","ひきあげる",""
2975,"提出","ていしゅつ",""
2976,"非難","ひなん",""
2977,"数年","すうねん",""
2978,"抱く","だく","だく"
2979,"よくなる","よくなる","良くなる"
2980,"強める","つよめる",""
2981,"専門","せんもん",""
2982,"海外","かいがい",""
2983,"向け","むけ",""
2984,"行方","ゆくえ",""
2985,"傾向","けいこう",""
2986,"ものにする","ものにする","物にする"
2987,"以内","いない",""
2988,"はじめ","はじめ","初め; 始め"
2989,"後半","こうはん",""
2990,"関連","かんれん",""
2991,"議論","ぎろん",""
2992,"拡大","かくだい",""
2993,"設ける","もうける",""
2994,"努める","つとめる",""
2995,"出席","しゅっせき",""
2996,"全国","ぜんこく",""
2997,"背景","はいけい",""
2998,"基準","きじゅん",""
2999,"どのように","どのように","どの様に; 何の様に"
3000,"思うように","おもうように",""
3001,"ふう","ふう",""
3002,"身近","みぢか",""
3003,"幅","はば",""
3004,"強調","きょうちょう",""
3005,"見直す","みなおす",""
3006,"占める","しめる",""
3007,"はぁ","はぁ",""
3008,"あたし","あたし","私"
3009,"魔法","まほう",""
3010,"頷く","うなずく",""
3011,"剣","けん",""
3012,"呟く","つぶやく",""
3013,"微笑む","ほほえむ",""
3014,"ふふ","ふふ",""
3015,"撫でる","なでる",""
3016,"貴様","きさま",""
3017,"っす","っす",""
3018,"キス","キス",""
3019,"眼","め",""
3020,"屋敷","やしき",""
3021,"居る","いる",""
3022,"美味しい","おいしい",""
3023,"貴族","きぞく",""
3024,"掴む","つかむ",""
3025,"すいません","すいません",""
3026,"顔を上げる","かおをあげる",""
3027,"戦闘","せんとう",""
3028,"貰う","もらう",""
3029,"騎士","きし",""
3030,"よー","よー",""
3031,"魔","ま",""
3032,"軍","ぐん",""
3033,"魔力","まりょく",""
3034,"撃つ","うつ",""
3035,"王子","おうじ",""
3036,"ああああ","ああああ","嗚呼嗚呼"
3037,"凄い","すごい",""
3038,"更に","さらに",""
3039,"獣","けもの",""
3040,"苦笑","くしょう",""
3041,"デート","デート",""
3042,"呆れる","あきれる",""
3043,"手を伸ばす","てをのばす",""
3044,"己","おのれ",""
3045,"拳","こぶし",""
3046,"指先","ゆびさき",""
3047,"漏らす","もらす",""
3048,"喋る","しゃべる",""
3049,"悪魔","あくま",""
3050,"わたくし","わたくし","私"
3051,"睨む","にらむ",""
3052,"声を上げる","こえをあげる",""
3053,"ふむ","ふむ",""
3054,"見開く","みひらく",""
3055,"上手い","うまい",""
3056,"お兄ちゃん","おにいちゃん",""
3057,"御","ご",""
3058,"お腹","おなか",""
3059,"何故","なぜ",""
3060,"溢れる","あふれる",""
3061,"見下ろす","みおろす",""
3062,"はは","はは",""
3063,"老人","ろうじん",""
3064,"一同","いちどう",""
3065,"死体","したい",""
3066,"為","ため",""
3067,"青年","せいねん",""
3068,"学園","がくえん",""
3069,"元々","もともと",""
3070,"口元","くちもと",""
3071,"舐める","なめる",""
3072,"戸惑う","とまどう",""
3073,"お姉ちゃん","おねえちゃん",""
3074,"ママ","ママ",""
3075,"母さん","かあさん",""
3076,"携帯","けいたい",""
3077,"音を立てる","おとをたてる",""
3078,"ははは","ははは",""
3079,"姫","ひめ",""
3080,"四人","よにん",""
3081,"一撃","いちげき",""
3082,"殿","どの",""
3083,"ヤツ","ヤツ",""
3084,"お前ら","おまえら",""
3085,"うわっ","うわっ",""
3086,"俺","おれ","おれ; 己"
3087,"抱きしめる","だきしめる",""
3088,"まぁ","まぁ",""
3089,"気持ちいい","きもちいい",""
3090,"ある人","あるひと",""
3091,"覆う","おおう","おおう; 掩う; 蓋う; 蔽う; 被う"
3092,"うわあ","うわあ",""
3093,"わし","わし","儂; 私"
3094,"うむ","うむ",""
3095,"ねー","ねー",""
3096,"ホント","ホント",""
3097,"さぁ","さぁ",""
3098,"頷く","うなずく","うなずく; 点頭く; 肯く; 首肯く"
3099,"君","くん","くん"
3100,"お前","おまえ","おまえ; 御前"
3101,"ねぇ","ねぇ",""
3102,"震わせる","ふるわせる",""
3103,"首を振る","くびをふる",""
3104,"野郎","やろう",""
3105,"肉体","にくたい",""
3106,"操る","あやつる",""
3107,"っち","っち",""
3108,"恐らく","おそらく",""
3109,"想い","おもい",""
3110,"フッ","フッ",""
3111,"目を閉じる","めをとじる",""
3112,"ポケット","ポケット",""
3113,"馬車","ばしゃ",""
3114,"撮る","とる",""
3115,"私達","わたしたち",""
3116,"ええっ","ええっ",""
3117,"ナイフ","ナイフ",""
3118,"親父","おやじ",""
3119,"ヤバい","ヤバい",""
3120,"兵士","へいし",""
3121,"矢","や",""
3122,"見回す","みまわす",""
3123,"護衛","ごえい",""
3124,"兵","へい",""
3125,"ってば","ってば",""
3126,"首を傾げる","くびをかしげる",""
3127,"酷い","ひどい",""
3128,"ちょっ","ちょっ",""
3129,"今更","いまさら",""
3130,"ドレス","ドレス",""
3131,"王国","おうこく",""
3132,"あはは","あはは",""
3133,"パパ","パパ",""
3134,"手を振る","てをふる",""
3135,"くそ","くそ","屎; 糞"
3136,"怯える","おびえる",""
3137,"飲み込む","のみこむ",""
3138,"程","ほど",""
3139,"照れる","てれる",""
3140,"ノック","ノック",""
3141,"戦場","せんじょう",""
3142,"斬る","きる",""
3143,"内心","ないしん",""
3144,"脚","あし",""
3145,"技","わざ",""
3146,"スカート","スカート",""
3147,"安堵","あんど",""
3148,"顎","あご",""
3149,"メール","メール",""
3150,"最強","さいきょう",""
3151,"貴方","あなた",""
3152,"脇","わき",""
3153,"人類","じんるい",""
3154,"お姉さん","おねえさん",""
3155,"囁く","ささやく",""
3156,"騙す","だます",""
3157,"とやら","とやら",""
3158,"塊","かたまり",""
3159,"呆然","ぼうぜん",""
3160,"チーム","チーム",""
3161,"お菓子","おかし",""
3162,"部隊","ぶたい",""
3163,"訊く","きく",""
3164,"発動","はつどう",""
3165,"呪い","のろい",""
3166,"試合","しあい",""
3167,"でしたら","でしたら",""
3168,"槍","やり",""
3169,"繋がる","つながる",""
3170,"やれやれ","やれやれ",""
3171,"弾く","ひく",""
3172,"僕たち","ぼくたち",""
3173,"みたいだ","みたいだ",""
3174,"なー","なー",""
3175,"僕ら","ぼくら",""
3176,"ええと","ええと",""
3177,"気持ちよい","きもちよい",""
3178,"ホントに","ホントに",""
3179,"ていうか","ていうか","て言うか"
3180,"確かに","たしかに","たしかに; 慥かに"
3181,"おはようございます","おはようございます","お早うございます"
3182,"おじさん","おじさん","伯父さん; 叔父さん; 小父さん"
3183,"お前たち","おまえたち",""
3184,"奴ら","やつら",""
3185,"ほんとに","ほんとに",""
3186,"君たち","きみたち",""
3187,"二人","ふたり","ふたり; ２人"
3188,"けれども","けれども",""
3189,"ため息をつく","ためいきをつく",""
3190,"頑張る","がんばる","がんばる"
3191,"呟く","つぶやく","つぶやく"
3192,"立ち止まる","たちどまる",""
3193,"ことが出来る","ことができる",""
3194,"モノ","モノ",""
3195,"ハッ","ハッ",""
3196,"アレ","アレ",""
3197,"お嬢様","おじょうさま",""
3198,"ため息","ためいき",""
3199,"僕","ぼく","ぼく"
3200,"かなあ","かなあ",""
3201,"城","じょう",""
3202,"伝説","でんせつ",""
3203,"銃","じゅう",""
3204,"盾","たて",""
3205,"駆け寄る","かけよる",""
3206,"無数","むすう",""
3207,"喧嘩","けんか",""
3208,"通路","つうろ",""
3209,"父さん","とうさん",""
3210,"天使","てんし",""
3211,"可愛らしい","かわいらしい",""
3212,"見渡す","みわたす",""
3213,"地図","ちず",""
3214,"傍","そば",""
3215,"大人しい","おとなしい",""
3216,"揺らす","ゆらす",""
3217,"困惑","こんわく",""
3218,"隊","たい",""
3219,"イベント","イベント",""
3220,"あのね","あのね",""
3221,"吐き出す","はきだす",""
3222,"目を向ける","めをむける",""
3223,"昨夜","ゆうべ",""
3224,"刀","かたな",""
3225,"気持ち悪い","きもちわるい",""
3226,"回収","かいしゅう",""
3227,"室内","しつない",""
3228,"脱出","だっしゅつ",""
3229,"竜","りゅう",""
3230,"画面","がめん",""
3231,"銀","ぎん",""
3232,"無茶","むちゃ",""
3233,"舞う","まう",""
3234,"夕食","ゆうしょく",""
3235,"歪む","ゆがむ",""
3236,"不意","ふい",""
3237,"刃","は",""
3238,"布団","ふとん",""
3239,"天才","てんさい",""
3240,"唐突","とうとつ",""
3241,"手に取る","てにとる",""
3242,"らしき","らしき",""
3243,"メイド","メイド",""
3244,"曲","きょく",""
3245,"親友","しんゆう",""
3246,"出現","しゅつげん",""
3247,"風呂","ふろ",""
3248,"任務","にんむ",""
3249,"ドキドキ","ドキドキ",""
3250,"膨らむ","ふくらむ",""
3251,"下着","したぎ",""
3252,"奥さん","おくさん",""
3253,"人影","ひとかげ",""
3254,"翼","つばさ",""
3255,"社長","しゃちょう",""
3256,"ダメージ","ダメージ",""
3257,"回避","かいひ",""
3258,"大地","だいち",""
3259,"染める","そめる",""
3260,"僅か","わずか",""
3261,"頭上","ずじょう",""
3262,"威力","いりょく",""
3263,"遮る","さえぎる",""
3264,"振り回す","ふりまわす",""
3265,"ったく","ったく",""
3266,"言う通り","いうとおり",""
3267,"目を細める","めをほそめる",""
3268,"サイズ","サイズ",""
3269,"攻める","せめる",""
3270,"試験","しけん",""
3271,"不機嫌","ふきげん",""
3272,"鍛える","きたえる",""
3273,"朝食","ちょうしょく",""
3274,"途端","とたん",""
3275,"地球","ちきゅう",""
3276,"かもしれん","かもしれん",""
3277,"食堂","しょくどう",""
3278,"気が付く","きがつく",""
3279,"店員","てんいん",""
3280,"カード","カード",""
3281,"もしもし","もしもし",""
3282,"ぎゅっと","ぎゅっと",""
3283,"一発","いっぱつ",""
3284,"うんうん","うんうん",""
3285,"教会","きょうかい",""
3286,"やばい","やばい",""
3287,"フフ","フフ",""
3288,"前","まえ","まえ"
3289,"お父様","おとうさま",""
3290,"こいつら","こいつら","こいつ等; 此奴ら; 此奴等"
3291,"子供たち","こどもたち",""
3292,"かなぁ","かなぁ",""
3293,"問い","とい",""
3294,"そりゃあ","そりゃあ",""
3295,"ガキ","ガキ",""
3296,"コーヒー","コーヒー","珈琲"
3297,"ふふふ","ふふふ",""
3298,"なんだと","なんだと","何だと"
3299,"あなたたち","あなたたち","あなた達; 貴女たち; 貴女達; 貴方たち; 貴方達"
3300,"押しつける","おしつける",""
3301,"様","ざま",""
3302,"小説","しょうせつ",""
3303,"眉","まゆ",""
3304,"小声","こごえ",""
3305,"拭う","ぬぐう",""
3306,"防御","ぼうぎょ",""
3307,"生き残る","いきのこる",""
3308,"皿","さら",""
3309,"五十","ごじゅう",""
3310,"バイト","バイト",""
3311,"彼氏","かれし",""
3312,"筋肉","きんにく",""
3313,"紅茶","こうちゃ",""
3314,"衣装","いしょう",""
3315,"突き出す","つきだす",""
3316,"罠","わな",""
3317,"片付ける","かたづける",""
3318,"駆ける","かける",""
3319,"充分","じゅうぶん",""
3320,"被害者","ひがいしゃ",""
3321,"卵","たまご",""
3322,"何やら","なにやら",""
3323,"カメラ","カメラ",""
3324,"混じる","まじる",""
3325,"空中","くうちゅう",""
3326,"匹","ひき",""
3327,"生物","せいぶつ",""
3328,"合流","ごうりゅう",""
3329,"足を止める","あしをとめる",""
3330,"いやあ","いやあ",""
3331,"再会","さいかい",""
3332,"羨ましい","うらやましい",""
3333,"二階","にかい",""
3334,"仕草","しぐさ",""
3335,"回転","かいてん",""
3336,"師匠","ししょう",""
3337,"跳ねる","はねる",""
3338,"お客様","おきゃくさま",""
3339,"待機","たいき",""
3340,"ほんの少し","ほんのすこし",""
3341,"即座に","そくざに",""
3342,"完了","かんりょう",""
3343,"手元","てもと",""
3344,"吸い込む","すいこむ",""
3345,"パーティー","パーティー",""
3346,"誕生日","たんじょうび",""
3347,"テスト","テスト",""
3348,"動作","どうさ",""
3349,"てめえ","てめえ","手前"
3350,"暴走","ぼうそう",""
3351,"お風呂","おふろ",""
3352,"言い切る","いいきる",""
3353,"気まずい","きまずい",""
3354,"挑む","いどむ",""
3355,"枝","えだ",""
3356,"台詞","せりふ",""
3357,"帯びる","おびる",""
3358,"女神","めがみ",""
3359,"片方","かたほう",""
3360,"反論","はんろん",""
3361,"返答","へんとう",""
3362,"黒髪","くろかみ",""
3363,"大会","たいかい",""
3364,"互い","たがい",""
3365,"鎧","よろい",""
3366,"噛む","かむ",""
3367,"ちらり","ちらり",""
3368,"袖","そで",""
3369,"装備","そうび",""
3370,"異様","いよう",""
3371,"迷い","まよい",""
3372,"戦力","せんりょく",""
3373,"体勢","たいせい",""
3374,"後方","こうほう",""
3375,"見覚え","みおぼえ",""
3376,"暗闇","くらやみ",""
3377,"輝き","かがやき",""
3378,"背を向ける","せをむける",""
3379,"屋上","おくじょう",""
3380,"曖昧","あいまい",""
3381,"システム","システム",""
3382,"お尻","おしり",""
3383,"わっ","わっ",""
3384,"のう","のう",""
3385,"無理やり","むりやり",""
3386,"かすか","かすか","幽か; 微か"
3387,"問いかける","といかける",""
3388,"でござる","でござる","で御座る"
3389,"入る","はいる","はいる; 這入る"
3390,"真っ白","まっしろ",""
3391,"手のひら","てのひら",""
3392,"越し","ごし",""
3393,"すなわち","すなわち","乃ち; 則ち; 即ち; 輒"
3394,"抱きつく","だきつく",""
3395,"気のせい","きのせい",""
3396,"見合わせる","みあわせる",""
3397,"ボタン","ボタン","釦; 鈕"
3398,"めちゃくちゃ","めちゃくちゃ","滅茶苦茶; 目茶苦茶"
3399,"イヤ","イヤ",""
3400,"ふーん","ふーん",""
3401,"最も","もっとも","もっとも; 尤も"
3402,"身分","みぶん",""
3403,"砂","すな",""
3404,"都市","とし",""
3405,"第三","だいさん",""
3406,"師","し",""
3407,"旦那","だんな",""
3408,"不気味","ぶきみ",""
3409,"美","び",""
3410,"眼差し","まなざし",""
3411,"歓声","かんせい",""
3412,"時刻","じこく",""
3413,"ケーキ","ケーキ",""
3414,"宙","ちゅう",""
3415,"群れ","むれ",""
3416,"霧","きり",""
3417,"桜","さくら",""
3418,"手首","てくび",""
3419,"後にする","あとにする",""
3420,"素材","そざい",""
3421,"精一杯","せいいっぱい",""
3422,"広場","ひろば",""
3423,"裾","すそ",""
3424,"叶う","かなう",""
3425,"何となく","なんとなく",""
3426,"表示","ひょうじ",""
3427,"万が一","まんがいち",""
3428,"やけに","やけに",""
3429,"嵐","あらし",""
3430,"明かり","あかり",""
3431,"復讐","ふくしゅう",""
3432,"妄想","もうそう",""
3433,"変態","へんたい",""
3434,"宝石","ほうせき",""
3435,"具","ぐ",""
3436,"追い詰める","おいつめる",""
3437,"拘束","こうそく",""
3438,"そんな風に","そんなふうに",""
3439,"どうかな","どうかな",""
3440,"踏み込む","ふみこむ",""
3441,"かも知れない","かもしれない",""
3442,"理屈","りくつ",""
3443,"滑る","すべる",""
3444,"英雄","えいゆう",""
3445,"先端","せんたん",""
3446,"まあまあ","まあまあ",""
3447,"ミス","ミス",""
3448,"針","はり",""
3449,"前方","ぜんぽう",""
3450,"窺う","うかがう",""
3451,"聖","せい",""
3452,"一時間","いちじかん",""
3453,"襲撃","しゅうげき",""
3454,"放課後","ほうかご",""
3455,"髪の毛","かみのけ",""
3456,"見捨てる","みすてる",""
3457,"覗き込む","のぞきこむ",""
3458,"故郷","こきょう",""
3459,"崩壊","ほうかい",""
3460,"嫌がる","いやがる",""
3461,"めく","めく",""
3462,"背筋","せすじ",""
3463,"民","たみ",""
3464,"推測","すいそく",""
3465,"選手","せんしゅ",""
3466,"じゃねぇ","じゃねぇ",""
3467,"いつも通り","いつもどおり",""
3468,"予想外","よそうがい",""
3469,"現象","げんしょう",""
3470,"無表情","むひょうじょう",""
3471,"淡々","たんたん",""
3472,"声がする","こえがする",""
3473,"三年","さんねん",""
3474,"陣","じん",""
3475,"息を吐く","いきをつく",""
3476,"へぇ","へぇ",""
3477,"ひとまず","ひとまず","ひと先ず; 一と先ず; 一まず; 一先; 一先ず"
3478,"ハハハ","ハハハ",""
3479,"握りしめる","にぎりしめる",""
3480,"立ち去る","たちさる",""
3481,"ウソ","ウソ",""
3482,"いい加減","いいかげん",""
3483,"かっ","かっ",""
3484,"引っかかる","ひっかかる",""
3485,"言うとおり","いうとおり",""
3486,"クソ","クソ",""
3487,"たどり着く","たどりつく",""
3488,"振るう","ふるう",""
3489,"違う","ちがう","ちがう"
3490,"いつもより","いつもより","何時もより"
3491,"おおい","おおい",""
3492,"今さら","いまさら",""
3493,"もしくは","もしくは","若しくは"
3494,"指さす","ゆびさす",""
3495,"ガラス","ガラス","硝子"
3496,"果たして","はたして",""
3497,"ふうん","ふうん",""
3498,"やたら","やたら","矢鱈"
3499,"なんとも","なんとも","何とも"
3500,"やり取り","やりとり",""
3501,"歳","とし",""
3502,"んで","んで",""
3503,"一旦","いったん",""
3504,"に過ぎない","にすぎない",""
3505,"メッセージ","メッセージ",""
3506,"寸前","すんぜん",""
3507,"その辺","そのへん",""
3508,"目にする","めにする",""
3509,"とて","とて",""
3510,"四十","よんじゅう",""
3511,"正義","せいぎ",""
3512,"胸元","むなもと",""
3513,"冷える","ひえる",""
3514,"裸","はだか",""
3515,"なぜなら","なぜなら","何故なら"
3516,"棒","ぼう",""
3517,"ビル","ビル",""
3518,"皮肉","ひにく",""
3519,"巡る","めぐる",""
3520,"淡い","あわい",""
3521,"憧れる","あこがれる",""
3522,"杖","つえ",""
3523,"事になる","ことになる",""
3524,"そこそこ","そこそこ",""
3525,"塞ぐ","ふさぐ",""
3526,"本来なら","ほんらいなら",""
3527,"薄暗い","うすぐらい",""
3528,"動き出す","うごきだす",""
3529,"柄","がら",""
3530,"削る","けずる",""
3531,"幽霊","ゆうれい",""
3532,"かもね","かもね",""
3533,"お酒","おさけ",""
3534,"封印","ふういん",""
3535,"獲物","えもの",""
3536,"若干","じゃっかん",""
3537,"候補","こうほ",""
3538,"誤魔化す","ごまかす",""
3539,"再生","さいせい",""
3540,"宿る","やどる",""
3541,"ぐっと","ぐっと",""
3542,"ギリギリ","ギリギリ",""
3543,"女王","じょおう",""
3544,"姿を消す","すがたをけす",""
3545,"シャツ","シャツ",""
3546,"継ぐ","つぐ",""
3547,"キャラ","キャラ",""
3548,"途端に","とたんに",""
3549,"致す","いたす",""
3550,"食らう","くらう",""
3551,"ネット","ネット",""
3552,"懐","ふところ",""
3553,"蛇","へび",""
3554,"要するに","ようするに",""
3555,"走り出す","はしりだす",""
3556,"デザイン","デザイン",""
3557,"向き直る","むきなおる",""
3558,"怪物","かいぶつ",""
3559,"何人か","なんにんか",""
3560,"ゆえ","ゆえ","故"
3561,"腐る","くさる",""
3562,"辿り着く","たどりつく",""
3563,"冷める","さめる",""
3564,"はーい","はーい",""
3565,"仮面","かめん",""
3566,"見据える","みすえる",""
3567,"唱える","となえる",""
3568,"通り過ぎる","とおりすぎる",""
3569,"谷","たに",""
3570,"何故か","なぜか",""
3571,"宇宙","うちゅう",""
3572,"金髪","きんぱつ",""
3573,"主人公","しゅじんこう",""
3574,"鈍い","にぶい",""
3575,"叫び","さけび",""
3576,"この辺り","このあたり",""
3577,"ルート","ルート",""
3578,"二日","ふつか",""
3579,"犯罪","はんざい",""
3580,"首を横に振る","くびをよこにふる",""
3581,"外見","がいけん",""
3582,"売れる","うれる",""
3583,"雷","かみなり",""
3584,"接近","せっきん",""
3585,"演技","えんぎ",""
3586,"真っ直ぐ","まっすぐ",""
3587,"ばっか","ばっか",""
3588,"しばし","しばし","暫し"
3589,"んち","んち","ん家; 家"
3590,"しがみつく","しがみつく","しがみ付く"
3591,"引き寄せる","ひきよせる",""
3592,"それどころか","それどころか","それ処か"
3593,"化け物","ばけもの",""
3594,"セリフ","セリフ",""
3595,"叩きつける","たたきつける",""
3596,"なんだって","なんだって","何だって"
3597,"付き","つき",""
3598,"とある","とある","と或る"
3599,"マシ","マシ",""
3600,"早速","さっそく","さっそく"
3601,"戦","いくさ",""
3602,"解除","かいじょ",""
3603,"危うい","あやうい",""
3604,"地味","じみ",""
3605,"兄さん","にいさん",""
3606,"自殺","じさつ",""
3607,"ソファ","ソファ",""
3608,"灰色","はいいろ",""
3609,"吹き飛ばす","ふきとばす",""
3610,"倉庫","そうこ",""
3611,"金色","きんいろ",""
3612,"幸福","こうふく",""
3613,"押し付ける","おしつける",""
3614,"考え込む","かんがえこむ",""
3615,"治す","なおす",""
3616,"夏休み","なつやすみ",""
3617,"正面から","しょうめんから",""
3618,"儀式","ぎしき",""
3619,"舌打ち","したうち",""
3620,"中学","ちゅうがく",""
3621,"本心","ほんしん",""
3622,"折る","おる",""
3623,"尻尾","しっぽ",""
3624,"消滅","しょうめつ",""
3625,"耳元","みみもと",""
3626,"ファン","ファン",""
3627,"狼","おおかみ",""
3628,"本音","ほんね",""
3629,"リーダー","リーダー",""
3630,"姿を現す","すがたをあらわす",""
3631,"一族","いちぞく",""
3632,"ちっ","ちっ",""
3633,"ゆえに","ゆえに","故に"
3634,"エネルギー","エネルギー",""
3635,"欲望","よくぼう",""
3636,"配置","はいち",""
3637,"お兄さん","おにいさん",""
3638,"田舎","いなか",""
3639,"会長","かいちょう",""
3640,"この辺","このへん",""
3641,"小学生","しょうがくせい",""
3642,"十五","じゅうご",""
3643,"お疲れ","おつかれ",""
3644,"てっきり","てっきり",""
3645,"負け","まけ",""
3646,"部長","ぶちょう",""
3647,"手渡す","てわたす",""
3648,"眼鏡","めがね",""
3649,"キラキラ","キラキラ",""
3650,"堪える","こらえる",""
3651,"吐息","といき",""
3652,"目が覚める","めがさめる",""
3653,"でかい","でかい",""
3654,"雑誌","ざっし",""
3655,"帽子","ぼうし",""
3656,"警備","けいび",""
3657,"器用","きよう",""
3658,"校舎","こうしゃ",""
3659,"どく","どく","退く"
3660,"両腕","りょううで",""
3661,"商売","しょうばい",""
3662,"突破","とっぱ",""
3663,"身長","しんちょう",""
3664,"気を付ける","きをつける",""
3665,"お嬢さん","おじょうさん",""
3666,"戦士","せんし",""
3667,"漫画","まんが",""
3668,"姉妹","しまい",""
3669,"金属","きんぞく",""
3670,"言い聞かせる","いいきかせる",""
3671,"指輪","ゆびわ",""
3672,"閉じ込める","とじこめる",""
3673,"足取り","あしどり",""
3674,"目が合う","めがあう",""
3675,"商人","しょうにん",""
3676,"奴隷","どれい",""
3677,"塔","とう",""
3678,"羽","はね",""
3679,"ぽい","ぽい",""
3680,"起き上がる","おきあがる",""
3681,"俯く","うつむく",""
3682,"１人で","ひとりで",""
3683,"響き","ひびき",""
3684,"ご存じ","ごぞんじ",""
3685,"ごとく","ごとく","如く"
3686,"ノ","ノ",""
3687,"すぐさま","すぐさま","すぐ様; 直ぐさま; 直ぐ様"
3688,"ちょうどいい","ちょうどいい","ちょうど良い; 丁度いい; 丁度良い"
3689,"おー","おー",""
3690,"ありえない","ありえない","あり得ない; 有り得ない; 有得ない"
3691,"ごとき","ごとき","如き"
3692,"こぼれる","こぼれる","溢れる; 零れる"
3693,"誤魔化す","ごまかす","ごまかす; 胡魔化す; 胡麻化す; 誤摩化す; 誤魔かす"
3694,"こぼす","こぼす","溢す; 零す"
3695,"えーと","えーと",""
3696,"連れていく","つれていく",""
3697,"お疲れさま","おつかれさま",""
3698,"偉い","えらい","えらい; 豪い"
3699,"思いっきり","おもいっきり",""
3700,"初めて","はじめて","はじめて; 始めて; 甫めて"
3701,"書","しょ",""
3702,"捧げる","ささげる",""
3703,"素人","しろうと",""
3704,"快感","かいかん",""
3705,"無論","むろん",""
3706,"患者","かんじゃ",""
3707,"神経","しんけい",""
3708,"級","きゅう",""
3709,"ひょっとして","ひょっとして",""
3710,"見慣れる","みなれる",""
3711,"叶える","かなえる",""
3712,"怒鳴る","どなる",""
3713,"ノート","ノート",""
3714,"幻","まぼろし",""
3715,"這う","はう",""
3716,"二本","にほん",""
3717,"遭遇","そうぐう",""
3718,"メニュー","メニュー",""
3719,"断言","だんげん",""
3720,"乙女","おとめ",""
3721,"仕える","つかえる",""
3722,"制御","せいぎょ",""
3723,"大半","たいはん",""
3724,"さえも","さえも",""
3725,"値段","ねだん",""
3726,"兄貴","あにき",""
3727,"手を引く","てをひく",""
3728,"階","かい",""
3729,"力になる","ちからになる",""
3730,"すげえ","すげえ",""
3731,"見知る","みしる",""
3732,"プロ","プロ",""
3733,"微笑","びしょう",""
3734,"毛","け",""
3735,"そうなんです","そうなんです",""
3736,"尻","しり",""
3737,"想う","おもう",""
3738,"丸い","まるい",""
3739,"落下","らっか",""
3740,"どう見ても","どうみても",""
3741,"後輩","こうはい",""
3742,"理性","りせい",""
3743,"策","さく",""
3744,"カップ","カップ",""
3745,"部活","ぶかつ",""
3746,"出口","でぐち",""
3747,"驚愕","きょうがく",""
3748,"お昼","おひる",""
3749,"えへへ","えへへ",""
3750,"そうなると","そうなると",""
3751,"であります","であります",""
3752,"引き抜く","ひきぬく",""
3753,"加速","かそく",""
3754,"封じる","ふうじる",""
3755,"類","るい",""
3756,"なき","なき","無き"
3757,"横たわる","よこたわる",""
3758,"へへ","へへ",""
3759,"目を丸くする","めをまるくする",""
3760,"微か","かすか",""
3761,"服を着る","ふくをきる",""
3762,"数人","すうにん",""
3763,"高校生","こうこうせい",""
3764,"十年","じゅうねん",""
3765,"逸らす","そらす",""
3766,"一口","ひとくち",""
3767,"液体","えきたい",""
3768,"排除","はいじょ",""
3769,"閉まる","しまる",""
3770,"池","いけ",""
3771,"見抜く","みぬく",""
3772,"疲労","ひろう",""
3773,"士","し",""
3774,"祝福","しゅくふく",""
3775,"手放す","てばなす",""
3776,"咲く","さく",""
3777,"団","だん",""
3778,"故","ゆえ",""
3779,"これくらい","これくらい","これ位; 是位"
3780,"睨みつける","にらみつける",""
3781,"意味がない","いみがない",""
3782,"気はない","きはない",""
3783,"私たち","わたしたち","わたしたち; わたし達; 私達"
3784,"時折","ときおり",""
3785,"いつだって","いつだって","何時だって"
3786,"声をあげる","こえをあげる",""
3787,"一人で","ひとりで","ひとりで; 独りで; １人で"
3788,"馬鹿","ばか","ばか; 破家; 莫迦; 馬稼"
3789,"はしゃぐ","はしゃぐ","燥ぐ"
3790,"ずるい","ずるい","狡い"
3791,"その代わり","そのかわり",""
3792,"フフフ","フフフ",""
3793,"少なくとも","すくなくとも",""
3794,"俺ら","おれら",""
3795,"はあっ","はあっ",""
3796,"使い","つかい",""
3797,"やだ","やだ",""
3798,"待つ","まつ","まつ; 俟つ"
3799,"１年","いちねん",""
3800,"見せつける","みせつける",""
3801,"フォロー","フォロー",""
3802,"絞る","しぼる",""
3803,"好きにする","すきにする",""
3804,"いえいえ","いえいえ",""
3805,"固定","こてい",""
3806,"戸","と",""
3807,"嫁","よめ",""
3808,"不審","ふしん",""
3809,"同行","どうこう",""
3810,"鞄","かばん",""
3811,"飼う","かう",""
3812,"要る","いる",""
3813,"センチ","センチ",""
3814,"畑","はたけ",""
3815,"電気","でんき",""
3816,"孤独","こどく",""
3817,"婚約","こんやく",""
3818,"予測","よそく",""
3819,"肯定","こうてい",""
3820,"そうなんですか","そうなんですか",""
3821,"上空","じょうくう",""
3822,"カウンター","カウンター",""
3823,"被る","かぶる",""
3824,"先程","さきほど",""
3825,"グラス","グラス",""
3826,"っきり","っきり","っ切り; っ限り"
3827,"一匹","いっぴき",""
3828,"状","じょう",""
3829,"柔らか","やわらか",""
3830,"住人","じゅうにん",""
3831,"平然","へいぜん",""
3832,"心底","しんそこ",""
3833,"拒絶","きょぜつ",""
3834,"男の人","おとこのひと",""
3835,"横顔","よこがお",""
3836,"孫","まご",""
3837,"きっちり","きっちり",""
3838,"牙","きば",""
3839,"散々","さんざん",""
3840,"目撃","もくげき",""
3841,"ボール","ボール",""
3842,"躊躇","ちゅうちょ",""
3843,"滲む","にじむ",""
3844,"悲鳴を上げる","ひめいをあげる",""
3845,"捜査","そうさ",""
3846,"本能","ほんのう",""
3847,"木々","きぎ",""
3848,"指差す","ゆびさす",""
3849,"国家","こっか",""
3850,"購入","こうにゅう",""
3851,"賭ける","かける",""
3852,"皆様","みなさま",""
3853,"無邪気","むじゃき",""
3854,"幸運","こううん",""
3855,"帰って来る","かえってくる",""
3856,"友","とも",""
3857,"見張る","みはる",""
3858,"報酬","ほうしゅう",""
3859,"深呼吸","しんこきゅう",""
3860,"大人になる","おとなになる",""
3861,"ただでさえ","ただでさえ","唯でさえ"
3862,"作り出す","つくりだす",""
3863,"餌","えさ",""
3864,"間近","まぢか",""
3865,"着替え","きがえ",""
3866,"お帰り","おかえり",""
3867,"微笑み","ほほえみ",""
3868,"使い方","つかいかた",""
3869,"鳴く","なく",""
3870,"途切れる","とぎれる",""
3871,"出迎える","でむかえる",""
3872,"器","うつわ",""
3873,"高","こう",""
3874,"マスター","マスター",""
3875,"利く","きく",""
3876,"右腕","みぎうで",""
3877,"めくる","めくる","捲る"
3878,"単語","たんご",""
3879,"だろうに","だろうに",""
3880,"ある意味","あるいみ",""
3881,"胸を張る","むねをはる",""
3882,"纏う","まとう",""
3883,"早々","そうそう",""
3884,"いじめる","いじめる","苛める; 虐める"
3885,"溜まる","たまる",""
3886,"っぱなし","っぱなし","っ放し"
3887,"腰を下ろす","こしをおろす",""
3888,"駆けつける","かけつける",""
3889,"早め","はやめ",""
3890,"結構","けっこう","けっこう"
3891,"確か","たしか","たしか; 慥か; 確"
3892,"かしこまる","かしこまる","畏まる"
3893,"飲み物","のみもの",""
3894,"いつの間に","いつのまに",""
3895,"のあまり","のあまり","の余り"
3896,"ゴミ","ゴミ",""
3897,"同じくらい","おなじくらい",""
3898,"捕らえる","とらえる",""
3899,"ちっとも","ちっとも","些とも"
3900,"アホ","アホ",""
3901,"暖かい","あたたかい",""
3902,"忠告","ちゅうこく",""
3903,"無意味","むいみ",""
3904,"騒がしい","さわがしい",""
3905,"脳裏","のうり",""
3906,"悪","あく",""
3907,"透明","とうめい",""
3908,"響き渡る","ひびきわたる",""
3909,"傾く","かたむく",""
3910,"仰ぐ","あおぐ",""
3911,"暴力","ぼうりょく",""
3912,"晩","ばん",""
3913,"お邪魔","おじゃま",""
3914,"領域","りょういき",""
3915,"小柄","こがら",""
3916,"お弁当","おべんとう",""
3917,"お休み","おやすみ",""
3918,"看板","かんばん",""
3919,"感じ取る","かんじとる",""
3920,"そう言えば","そういえば",""
3921,"是非","ぜひ",""
3922,"カーテン","カーテン",""
3923,"メモ","メモ",""
3924,"勘","かん",""
3925,"大抵","たいてい",""
3926,"数十","すうじゅう",""
3927,"方面","ほうめん",""
3928,"植物","しょくぶつ",""
3929,"確率","かくりつ",""
3930,"例外","れいがい",""
3931,"支度","したく",""
3932,"罰","ばつ",""
3933,"こちらこそ","こちらこそ",""
3934,"演じる","えんじる",""
3935,"造る","つくる",""
3936,"避難","ひなん",""
3937,"入学","にゅうがく",""
3938,"お手伝い","おてつだい",""
3939,"美少女","びしょうじょ",""
3940,"誇り","ほこり",""
3941,"丘","おか",""
3942,"突き刺さる","つきささる",""
3943,"首筋","くびすじ",""
3944,"口に出す","くちにだす",""
3945,"興味深い","きょうみぶかい",""
3946,"弟子","でし",""
3947,"見当たる","みあたる",""
3948,"板","いた",""
3949,"反撃","はんげき",""
3950,"心の底","こころのそこ",""
3951,"唸る","うなる",""
3952,"トラブル","トラブル",""
3953,"しめる","しめる","締める"
3954,"所詮","しょせん",""
3955,"撮影","さつえい",""
3956,"一点","いってん",""
3957,"呪う","のろう",""
3958,"小屋","こや",""
3959,"汚す","よごす",""
3960,"その頃","そのころ",""
3961,"うふふ","うふふ",""
3962,"わっ","わっ",""
3963,"それはそれで","それはそれで",""
3964,"くそっ","くそっ",""
3965,"誘い","さそい",""
3966,"浮かび上がる","うかびあがる",""
3967,"遠ざかる","とおざかる",""
3968,"文句を言う","もんくをいう",""
3969,"店内","てんない",""
3970,"はっと","はっと",""
3971,"通信","つうしん",""
3972,"悪意","あくい",""
3973,"通用","つうよう",""
3974,"構成","こうせい",""
3975,"押し込む","おしこむ",""
3976,"当日","とうじつ",""
3977,"贈る","おくる",""
3978,"説教","せっきょう",""
3979,"つる","つる","釣る"
3980,"空く","あく","あく; 明く; 開く"
3981,"好く","すく",""
3982,"襲いかかる","おそいかかる",""
3983,"鳴き声","なきごえ",""
3984,"いい子","いいこ",""
3985,"面白い","おもしろい","おもしろい"
3986,"引き取る","ひきとる",""
3987,"あのさ","あのさ",""
3988,"ケンカ","ケンカ",""
3989,"顔をしかめる","かおをしかめる",""
3990,"どれくらい","どれくらい","どれ位; 何れくらい; 何れ位"
3991,"おまけに","おまけに","お負けに; 御負けに"
3992,"覗く","のぞく","のぞく; 窺く; 覘く"
3993,"ハハ","ハハ",""
3994,"手をかける","てをかける",""
3995,"１回","いっかい",""
3996,"だからといって","だからといって","だからと言って"
3997,"突きつける","つきつける",""
3998,"さすがは","さすがは","流石は"
3999,"あり得ない","ありえない",""
4000,"何らか","なんらか",""
4001,"歩み寄る","あゆみよる",""
4002,"等しい","ひとしい",""
4003,"垂れる","たれる",""
4004,"敏感","びんかん",""
4005,"深夜","しんや",""
4006,"輪","わ",""
4007,"鍋","なべ",""
4008,"この後","このあと",""
4009,"装う","よそおう",""
4010,"攻略","こうりゃく",""
4011,"億","おく",""
4012,"不快","ふかい",""
4013,"体重","たいじゅう",""
4014,"専用","せんよう",""
4015,"眉間","みけん",""
4016,"付き合い","つきあい",""
4017,"昇る","のぼる",""
4018,"湯","ゆ",""
4019,"晒す","さらす",""
4020,"残酷","ざんこく",""
4021,"放る","ほうる",""
4022,"歩","ほ",""
4023,"錯覚","さっかく",""
4024,"誘導","ゆうどう",""
4025,"救い","すくい",""
4026,"優雅","ゆうが",""
4027,"切り替える","きりかえる",""
4028,"罪悪感","ざいあくかん",""
4029,"気絶","きぜつ",""
4030,"理不尽","りふじん",""
4031,"好意","こうい",""
4032,"沢山","たくさん",""
4033,"国民","こくみん",""
4034,"財布","さいふ",""
4035,"事務所","じむしょ",""
4036,"ああいう","ああいう",""
4037,"憧れ","あこがれ",""
4038,"魅力的","みりょくてき",""
4039,"人質","ひとじち",""
4040,"列","れつ",""
4041,"臭い","くさい",""
4042,"修行","しゅぎょう",""
4043,"率いる","ひきいる",""
4044,"怪訝","けげん",""
4045,"盛大","せいだい",""
4046,"職業","しょくぎょう",""
4047,"同然","どうぜん",""
4048,"腕を組む","うでをくむ",""
4049,"容姿","ようし",""
4050,"鎖","くさり",""
4051,"締める","しめる",""
4052,"内緒","ないしょ",""
4053,"反射的","はんしゃてき",""
4054,"パターン","パターン",""
4055,"到達","とうたつ",""
4056,"一件","いっけん",""
4057,"どう考えても","どうかんがえても",""
4058,"いい人","いいひと",""
4059,"装置","そうち",""
4060,"教授","きょうじゅ",""
4061,"包み込む","つつみこむ",""
4062,"衝動","しょうどう",""
4063,"尖る","とがる",""
4064,"親切","しんせつ",""
4065,"目に入る","めにはいる",""
4066,"ベンチ","ベンチ",""
4067,"埋まる","うまる",""
4068,"礼を言う","れいをいう",""
4069,"弾","たま",""
4070,"ニュース","ニュース",""
4071,"パンツ","パンツ",""
4072,"緩む","ゆるむ",""
4073,"潜む","ひそむ",""
4074,"はっきり言う","はっきりいう",""
4075,"再度","さいど",""
4076,"そうじゃなくて","そうじゃなくて",""
4077,"逮捕","たいほ",""
4078,"傍ら","かたわら",""
4079,"タオル","タオル",""
4080,"名誉","めいよ",""
4081,"配る","くばる",""
4082,"食","しょく",""
4083,"どうするか","どうするか",""
4084,"横目","よこめ",""
4085,"何とも","なんとも",""
4086,"医師","いし",""
4087,"界","かい",""
4088,"肩をすくめる","かたをすくめる",""
4089,"大げさ","おおげさ",""
4090,"おばさん","おばさん","伯母さん; 叔母さん; 小母さん"
4091,"心地よい","ここちよい",""
4092,"やり取り","やりとり","やりとり; 遣り取り"
4093,"溢れる","あふれる","あふれる"
4094,"あくまでも","あくまでも","飽くまでも; 飽く迄も"
4095,"そんな風に","そんなふうに","そんなふうに"
4096,"お帰り","おかえり","おかえり; 御帰り"
4097,"滅ぼす","ほろぼす",""
4098,"凄まじい","すさまじい",""
4099,"燃やす","もやす",""
4100,"そうだよね","そうだよね",""
4101,"額","ひたい",""
4102,"入口","いりぐち",""
4103,"文章","ぶんしょう",""
4104,"手を取る","てをとる",""
4105,"我に返る","われにかえる",""
4106,"茶","ちゃ",""
4107,"顔立ち","かおだち",""
4108,"その分","そのぶん",""
4109,"鼓動","こどう",""
4110,"貼る","はる",""
4111,"頭を抱える","あたまをかかえる",""
4112,"台所","だいどころ",""
4113,"相応しい","ふさわしい",""
4114,"人達","ひとたち",""
4115,"現代","げんだい",""
4116,"ネタ","ネタ",""
4117,"掌","てのひら",""
4118,"弁当","べんとう",""
4119,"顔面","がんめん",""
4120,"流","りゅう",""
4121,"何にも","なんにも",""
4122,"お母様","おかあさま",""
4123,"目線","めせん",""
4124,"権力","けんりょく",""
4125,"突入","とつにゅう",""
4126,"昼食","ちゅうしょく",""
4127,"十二","じゅうに",""
4128,"なのである","なのである",""
4129,"事がある","ことがある",""
4130,"気遣う","きづかう",""
4131,"ズボン","ズボン",""
4132,"苦い","にがい",""
4133,"覚悟を決める","かくごをきめる",""
4134,"思い込む","おもいこむ",""
4135,"親戚","しんせき",""
4136,"意地悪","いじわる",""
4137,"遥か","はるか",""
4138,"大陸","たいりく",""
4139,"お湯","おゆ",""
4140,"加減","かげん",""
4141,"物音","ものおと",""
4142,"祖父","そふ",""
4143,"発想","はっそう",""
4144,"ハンカチ","ハンカチ",""
4145,"敗北","はいぼく",""
4146,"シンプル","シンプル",""
4147,"モデル","モデル",""
4148,"深々","ふかぶか",""
4149,"無限","むげん",""
4150,"足を踏み入れる","あしをふみいれる",""
4151,"見失う","みうしなう",""
4152,"お任せ","おまかせ",""
4153,"潰れる","つぶれる",""
4154,"食料","しょくりょう",""
4155,"数秒","すうびょう",""
4156,"バラバラ","バラバラ",""
4157,"テンション","テンション",""
4158,"上昇","じょうしょう",""
4159,"消費","しょうひ",""
4160,"言","げん",""
4161,"脅す","おどす",""
4162,"帰れ","かえれ",""
4163,"記事","きじ",""
4164,"顔を合わせる","かおをあわせる",""
4165,"混ぜる","まぜる",""
4166,"係","かかり",""
4167,"伝う","つたう",""
4168,"叫び声","さけびごえ",""
4169,"未だ","まだ",""
4170,"寝室","しんしつ",""
4171,"夫人","ふじん",""
4172,"無理矢理","むりやり",""
4173,"らっしゃる","らっしゃる",""
4174,"高級","こうきゅう",""
4175,"脅威","きょうい",""
4176,"緩める","ゆるめる",""
4177,"すく","すく","空く"
4178,"上司","じょうし",""
4179,"用件","ようけん",""
4180,"調子に乗る","ちょうしにのる",""
4181,"遅刻","ちこく",""
4182,"食材","しょくざい",""
4183,"試みる","こころみる",""
4184,"横になる","よこになる",""
4185,"付き合う","つきあう","つきあう; つき合う; 付合う"
4186,"取引","とりひき",""
4187,"何かしら","なにかしら",""
4188,"３年","さんねん",""
4189,"方","かた","かた"
4190,"お腹","おなか","おなか; お中; 御中; 御腹"
4191,"開ける","あける","あける; 明ける; 空ける"
4192,"ホッと","ホッと",""
4193,"言いかける","いいかける",""
4194,"叩く","たたく","たたく; 敲く"
4195,"顔つき","かおつき",""
4196,"鮮やか","あざやか",""
4197,"揃う","そろう","そろう"
4198,"お言葉","おことば",""
4199,"一番","いちばん","いちばん; １番"
4200,"そんなもん","そんなもん",""
4201,"よう","よう",""
4202,"度","たび",""
4203,"街","がい",""
4204,"追う","おう","おう; 逐う"
4205,"刃","やいば",""
4206,"恨み","うらみ",""
4207,"曲げる","まげる",""
4208,"いじる","いじる","弄る"
4209,"差す","さす",""
4210,"到底","とうてい",""
4211,"繋ぐ","つなぐ",""
4212,"プライド","プライド",""
4213,"職人","しょくにん",""
4214,"像","ぞう",""
4215,"枕","まくら",""
4216,"差し込む","さしこむ",""
4217,"図書館","としょかん",""
4218,"可能性が高い","かのうせいがたかい",""
4219,"同時","どうじ",""
4220,"弱点","じゃくてん",""
4221,"おっさん","おっさん",""
4222,"政府","せいふ",""
4223,"確定","かくてい",""
4224,"矛盾","むじゅん",""
4225,"泣き声","なきごえ",""
4226,"振動","しんどう",""
4227,"真っ先に","まっさきに",""
4228,"自転車","じてんしゃ",""
4229,"耳にする","みみにする",""
4230,"帰宅","きたく",""
4231,"目的地","もくてきち",""
4232,"再現","さいげん",""
4233,"拒む","こばむ",""
4234,"無力","むりょく",""
4235,"林","はやし",""
4236,"愉快","ゆかい",""
4237,"言い放つ","いいはなつ",""
4238,"値","あたい",""
4239,"揃える","そろえる",""
4240,"死亡","しぼう",""
4241,"苦笑い","にがわらい",""
4242,"任す","まかす",""
4243,"ふっと","ふっと",""
4244,"塩","しお",""
4245,"ボロボロ","ボロボロ",""
4246,"賢い","かしこい",""
4247,"あの頃","あのころ",""
4248,"銀色","ぎんいろ",""
4249,"磨く","みがく",""
4250,"静寂","せいじゃく",""
4251,"夜空","よぞら",""
4252,"眩しい","まぶしい",""
4253,"自己紹介","じこしょうかい",""
4254,"構造","こうぞう",""
4255,"にっこり","にっこり",""
4256,"大型","おおがた",""
4257,"工場","こうじょう",""
4258,"手配","てはい",""
4259,"切り裂く","きりさく",""
4260,"黄金","おうごん",""
4261,"先頭","せんとう",""
4262,"サイン","サイン",""
4263,"有効","ゆうこう",""
4264,"女の人","おんなのひと",""
4265,"砕ける","くだける",""
4266,"何事","なにごと",""
4267,"弓","ゆみ",""
4268,"光栄","こうえい",""
4269,"バス","バス",""
4270,"リスク","リスク",""
4271,"ようこそ","ようこそ",""
4272,"押し寄せる","おしよせる",""
4273,"込む","こむ","こむ; 混む; 篭む; 籠む"
4274,"出番","でばん",""
4275,"皮膚","ひふ",""
4276,"二回","にかい",""
4277,"牛","うし",""
4278,"砕く","くだく",""
4279,"支援","しえん",""
4280,"湖","みずうみ",""
4281,"さも","さも","然も"
4282,"班","はん",""
4283,"別れ","わかれ",""
4284,"慕う","したう",""
4285,"めっちゃ","めっちゃ",""
4286,"進行","しんこう",""
4287,"番号","ばんごう",""
4288,"掛かる","かかる",""
4289,"人差し指","ひとさしゆび",""
4290,"済み","ずみ",""
4291,"持ち","もち",""
4292,"祭り","まつり",""
4293,"ハッと","ハッと",""
4294,"その通り","そのとおり","そのとおり; 其の通り"
4295,"というところ","というところ","という所; と言うところ; と言う所"
4296,"何より","なにより","なにより"
4297,"たちまち","たちまち","忽ち"
4298,"続ける","つづける","つづける"
4299,"お休み","おやすみ","おやすみ; 御休み"
4300,"っこ","っこ",""
4301,"店","てん",""
4302,"種","たね",""
4303,"角度","かくど",""
4304,"振り払う","ふりはらう",""
4305,"三度","さんど",""
4306,"絶叫","ぜっきょう",""
4307,"課題","かだい",""
4308,"本番","ほんばん",""
4309,"温泉","おんせん",""
4310,"ライン","ライン",""
4311,"外部","がいぶ",""
4312,"子供の頃","こどものころ",""
4313,"言動","げんどう",""
4314,"向き","むき",""
4315,"坂","さか",""
4316,"知り合う","しりあう",""
4317,"崩れ落ちる","くずれおちる",""
4318,"ふりをする","ふりをする","振りをする"
4319,"せん","せん",""
4320,"胃","い",""
4321,"経緯","いきさつ",""
4322,"自室","じしつ",""
4323,"爆弾","ばくだん",""
4324,"見届ける","みとどける",""
4325,"とっとと","とっとと",""
4326,"馬鹿にする","ばかにする",""
4327,"こんな風に","こんなふうに",""
4328,"絆","きずな",""
4329,"豪華","ごうか",""
4330,"仕業","しわざ",""
4331,"硬直","こうちょく",""
4332,"病","やまい",""
4333,"高度","こうど",""
4334,"霊","れい",""
4335,"振り下ろす","ふりおろす",""
4336,"頼もしい","たのもしい",""
4337,"捜索","そうさく",""
4338,"意","い",""
4339,"好奇心","こうきしん",""
4340,"言い返す","いいかえす",""
4341,"戻って来る","もどってくる",""
4342,"未だに","いまだに",""
4343,"スープ","スープ",""
4344,"蘇る","よみがえる",""
4345,"お方","おかた",""
4346,"マンション","マンション",""
4347,"哀れ","あわれ",""
4348,"駆け出す","かけだす",""
4349,"別人","べつじん",""
4350,"博士","はかせ",""
4351,"派遣","はけん",""
4352,"咄嗟に","とっさに",""
4353,"あれこれ","あれこれ","彼是; 彼此"
4354,"トップ","トップ",""
4355,"弱る","よわる",""
4356,"掘る","ほる",""
4357,"身内","みうち",""
4358,"体内","たいない",""
4359,"独特","どくとく",""
4360,"励ます","はげます",""
4361,"反対側","はんたいがわ",""
4362,"体温","たいおん",""
4363,"お返し","おかえし",""
4364,"座り込む","すわりこむ",""
4365,"気楽","きらく",""
4366,"入院","にゅういん",""
4367,"運","うん",""
4368,"腰掛ける","こしかける",""
4369,"生意気","なまいき",""
4370,"ステージ","ステージ",""
4371,"美味い","うまい",""
4372,"寄り添う","よりそう",""
4373,"偉大","いだい",""
4374,"目つき","めつき",""
4375,"住民","じゅうみん",""
4376,"都","と",""
4377,"よいしょ","よいしょ",""
4378,"携帯電話","けいたいでんわ",""
4379,"コート","コート",""
4380,"風邪","かぜ",""
4381,"力を込める","ちからをこめる",""
4382,"当てる","あてる","あてる"
4383,"狩り","かり",""
4384,"ことによって","ことによって","事によって"
4385,"なんという","なんという","何という; 何と言う"
4386,"奴ら","やつら","やつら; やつ等; 奴等"
4387,"わがまま","わがまま","我がまま; 我が侭; 我が儘; 我侭; 我儘"
4388,"俯く","うつむく","うつむく; うつ向く; 俯向く"
4389,"４人","よにん",""
4390,"なしで","なしで","無しで"
4391,"打つ","うつ","うつ"
4392,"窺う","うかがう","うかがう; 覗う"
4393,"限り","かぎり","かぎり"
4394,"今のうち","いまのうち",""
4395,"チッ","チッ",""
4396,"話し合い","はなしあい",""
4397,"振る舞う","ふるまう",""
4398,"うっすら","うっすら","薄っすら; 薄ら"
4399,"向こう側","むこうがわ",""
4400,"さほど","さほど","左程; 然程"
4401,"心","しん",""
4402,"場","じょう",""
4403,"取り囲む","とりかこむ",""
4404,"観念","かんねん",""
4405,"登録","とうろく",""
4406,"スイッチ","スイッチ",""
4407,"殺人","さつじん",""
4408,"道路","どうろ",""
4409,"殺し","ころし",""
4410,"サービス","サービス",""
4411,"気を遣う","きをつかう",""
4412,"次々に","つぎつぎに",""
4413,"斜め","ななめ",""
4414,"懸命","けんめい",""
4415,"中庭","なかにわ",""
4416,"有利","ゆうり",""
4417,"夕飯","ゆうはん",""
4418,"探索","たんさく",""
4419,"刺さる","ささる",""
4420,"揉む","もむ",""
4421,"ぐるぐる","ぐるぐる",""
4422,"履く","はく",""
4423,"呪文","じゅもん",""
4424,"恐る恐る","おそるおそる",""
4425,"決まり","きまり",""
4426,"誕生","たんじょう",""
4427,"贅沢","ぜいたく",""
4428,"監督","かんとく",""
4429,"書","しょ","しょ"
4430,"すっと","すっと",""
4431,"職員","しょくいん",""
4432,"釣る","つる",""
4433,"手間","てま",""
4434,"庇う","かばう",""
4435,"ポーズ","ポーズ",""
4436,"シーン","シーン",""
4437,"破れる","やぶれる",""
4438,"スタイル","スタイル",""
4439,"ふわふわ","ふわふわ",""
4440,"上位","じょうい",""
4441,"なんぞ","なんぞ",""
4442,"降り注ぐ","ふりそそぐ",""
4443,"色んな","いろんな",""
4444,"目を逸らす","めをそらす",""
4445,"新人","しんじん",""
4446,"気力","きりょく",""
4447,"赤ちゃん","あかちゃん",""
4448,"突撃","とつげき",""
4449,"死者","ししゃ",""
4450,"ペース","ペース",""
4451,"判明","はんめい",""
4452,"明かす","あかす",""
4453,"観る","みる",""
4454,"人目","ひとめ",""
4455,"証言","しょうげん",""
4456,"どころ","どころ",""
4457,"なあに","なあに",""
4458,"勢力","せいりょく",""
4459,"中学生","ちゅうがくせい",""
4460,"醜い","みにくい",""
4461,"蓋","ふた",""
4462,"思い浮かべる","おもいうかべる",""
4463,"制する","せいする",""
4464,"人格","じんかく",""
4465,"涙を流す","なみだをながす",""
4466,"まさしく","まさしく","正しく"
4467,"兼ねる","かねる",""
4468,"からすれば","からすれば",""
4469,"曇る","くもる",""
4470,"上着","うわぎ",""
4471,"五分","ごぶ",""
4472,"中途半端","ちゅうとはんぱ",""
4473,"緊急","きんきゅう",""
4474,"決心","けっしん",""
4475,"念","ねん",""
4476,"検査","けんさ",""
4477,"運転","うんてん",""
4478,"解散","かいさん",""
4479,"不利","ふり",""
4480,"スペース","スペース",""
4481,"凝視","ぎょうし",""
4482,"何かと","なにかと",""
4483,"象徴","しょうちょう",""
4484,"支払う","しはらう",""
4485,"焦り","あせり",""
4486,"絶える","たえる",""
4487,"横から","よこから",""
4488,"かわす","かわす","躱す; 避わす"
4489,"一緒に","いっしょに","いっしょに"
4490,"迷惑をかける","めいわくをかける",""
4491,"諦める","あきらめる","あきらめる"
4492,"１日","いちにち",""
4493,"よーし","よーし",""
4494,"というわけだ","というわけだ","という訳だ; と言う訳だ"
4495,"周り","まわり","まわり"
4496,"いやらしい","いやらしい","厭らしい; 嫌らしい"
4497,"よこす","よこす","寄こす; 寄越す; 遣す"
4498,"嘘をつく","うそをつく",""
4499,"なんとかなる","なんとかなる","何とかなる"
4500,"打ち合わせ","うちあわせ",""
4501,"一","ひと",""
4502,"す","す","為"
4503,"公","こう",""
4504,"飛び降りる","とびおりる",""
4505,"顔を覗く","かおをのぞく",""
4506,"挑発","ちょうはつ",""
4507,"帰還","きかん",""
4508,"欠片","かけら",""
4509,"否","いいえ",""
4510,"コンビニ","コンビニ",""
4511,"秘める","ひめる",""
4512,"反射","はんしゃ",""
4513,"本部","ほんぶ",""
4514,"泥","どろ",""
4515,"化粧","けしょう",""
4516,"惚れる","ほれる",""
4517,"踏み出す","ふみだす",""
4518,"くぐる","くぐる","潜る"
4519,"可哀想","かわいそう",""
4520,"目に遭う","めにあう",""
4521,"世話になる","せわになる",""
4522,"機嫌","きげん",""
4523,"分厚い","ぶあつい",""
4524,"無関係","むかんけい",""
4525,"昼休み","ひるやすみ",""
4526,"そんな中","そんななか",""
4527,"何一つ","なにひとつ",""
4528,"切ない","せつない",""
4529,"すらも","すらも",""
4530,"政治","せいじ",""
4531,"ダンス","ダンス",""
4532,"層","そう",""
4533,"警告","けいこく",""
4534,"着地","ちゃくち",""
4535,"旧","きゅう",""
4536,"アピール","アピール",""
4537,"満面","まんめん",""
4538,"嗅ぐ","かぐ",""
4539,"方角","ほうがく",""
4540,"息をつく","いきをつく",""
4541,"温度","おんど",""
4542,"投げ出す","なげだす",""
4543,"独り言","ひとりごと",""
4544,"悪夢","あくむ",""
4545,"位","くらい",""
4546,"傘","かさ",""
4547,"カレー","カレー",""
4548,"もう一回","もういっかい",""
4549,"苦しめる","くるしめる",""
4550,"ぽつり","ぽつり",""
4551,"異変","いへん",""
4552,"市民","しみん",""
4553,"在る","ある",""
4554,"陰","かげ",""
4555,"眼前","がんぜん",""
4556,"迎えに来る","むかえにくる",""
4557,"説","せつ",""
4558,"職","しょく",""
4559,"こする","こする","擦る"
4560,"合格","ごうかく",""
4561,"クリア","クリア",""
4562,"敷地","しきち",""
4563,"限定","げんてい",""
4564,"喰う","くう",""
4565,"一角","いっかく",""
4566,"取り込む","とりこむ",""
4567,"思い返す","おもいかえす",""
4568,"じみる","じみる","染みる"
4569,"お疲れ様","おつかれさま",""
4570,"力を入れる","ちからをいれる",""
4571,"意地","いじ",""
4572,"あるらしい","あるらしい",""
4573,"紫","むらさき",""
4574,"使命","しめい",""
4575,"追い込む","おいこむ",""
4576,"あからさま","あからさま","偸閑; 明白; 白地"
4577,"興味を持つ","きょうみをもつ",""
4578,"結婚式","けっこんしき",""
4579,"匂い","におい","におい; 匂; 臭い"
4580,"引き返す","ひきかえす",""
4581,"お断り","おことわり",""
4582,"ただただ","ただただ","只々; 唯々; 唯唯"
4583,"わかりやすい","わかりやすい","分かりやすい; 分かり易い"
4584,"堪える","こらえる","こらえる; 怺える"
4585,"買う","かう","かう"
4586,"もしや","もしや","若しや"
4587,"いわば","いわば","言わば; 謂わば"
4588,"優しい","やさしい","やさしい"
4589,"回る","まわる","まわる; 廻る"
4590,"引く","ひく","ひく; 曳く; 牽く"
4591,"いでる","いでる","出でる"
4592,"あの方","あのかた",""
4593,"こととなる","こととなる","事となる; 事と成る"
4594,"ばれる","ばれる",""
4595,"真っ暗","まっくら",""
4596,"うわー","うわー",""
4597,"どなた","どなた","何方"
4598,"多すぎる","おおすぎる",""
4599,"子たち","こたち",""
4600,"マズイ","マズイ",""
4601,"臭い","におい",""
4602,"お待たせしました","おまたせしました",""
4603,"熊","くま",""
4604,"放棄","ほうき",""
4605,"芝居","しばい",""
4606,"水面","すいめん",""
4607,"お別れ","おわかれ",""
4608,"無くなる","なくなる",""
4609,"群","ぐん",""
4610,"振り","ふり",""
4611,"損","そん",""
4612,"匂いがする","においがする",""
4613,"高速","こうそく",""
4614,"瓶","びん",""
4615,"お気に入り","おきにいり",""
4616,"吸収","きゅうしゅう",""
4617,"一個","いっこ",""
4618,"段","だん",""
4619,"憎い","にくい",""
4620,"進化","しんか",""
4621,"ふわり","ふわり",""
4622,"乱す","みだす",""
4623,"集合","しゅうごう",""
4624,"抜き","ぬき",""
4625,"息を吐く","いきをはく",""
4626,"煽る","あおる",""
4627,"油","あぶら",""
4628,"瞼","まぶた",""
4629,"混ざる","まざる",""
4630,"繰り出す","くりだす",""
4631,"年下","としした",""
4632,"初対面","しょたいめん",""
4633,"同僚","どうりょう",""
4634,"神社","じんじゃ",""
4635,"に限って","にかぎって",""
4636,"緊張感","きんちょうかん",""
4637,"敵意","てきい",""
4638,"墓","はか",""
4639,"前に進む","まえにすすむ",""
4640,"指揮","しき",""
4641,"解消","かいしょう",""
4642,"劣る","おとる",""
4643,"頭部","とうぶ",""
4644,"泡","あわ",""
4645,"潜る","もぐる",""
4646,"スタート","スタート",""
4647,"休日","きゅうじつ",""
4648,"持って行く","もっていく",""
4649,"涼しい","すずしい",""
4650,"頼り","たより",""
4651,"閉ざす","とざす",""
4652,"披露","ひろう",""
4653,"きょとん","きょとん",""
4654,"優しくする","やさしくする",""
4655,"卑怯","ひきょう",""
4656,"干渉","かんしょう",""
4657,"スタッフ","スタッフ",""
4658,"一階","いっかい",""
4659,"冒険","ぼうけん",""
4660,"親指","おやゆび",""
4661,"肘","ひじ",""
4662,"立ち尽くす","たちつくす",""
4663,"何事も","なにごとも",""
4664,"騒動","そうどう",""
4665,"切り出す","きりだす",""
4666,"起動","きどう",""
4667,"目当て","めあて",""
4668,"繊細","せんさい",""
4669,"舐める","なめる","なめる; 嘗める; 甞める"
4670,"パソコン","パソコン",""
4671,"衝突","しょうとつ",""
4672,"誰だって","だれだって",""
4673,"身を乗り出す","みをのりだす",""
4674,"打ち明ける","うちあける",""
4675,"自己","じこ",""
4676,"思惑","おもわく",""
4677,"そうかもしれない","そうかもしれない",""
4678,"対峙","たいじ",""
4679,"借金","しゃっきん",""
4680,"遺体","いたい",""
4681,"紐","ひも",""
4682,"惹く","ひく",""
4683,"同","どう",""
4684,"手続き","てつづき",""
4685,"すれ違う","すれちがう",""
4686,"くすぐったい","くすぐったい","擽ぐったい; 擽ったい"
4687,"ほとんどない","ほとんどない","殆どない; 殆ど無い"
4688,"咄嗟に","とっさに","とっさに"
4689,"怖い","こわい","こわい; 恐い"
4690,"上手くいく","うまくいく",""
4691,"お久しぶり","おひさしぶり",""
4692,"晒す","さらす","さらす; 曝す"
4693,"おばあちゃん","おばあちゃん","お婆ちゃん; お祖母ちゃん"
4694,"と言われる","といわれる","といわれる"
4695,"噴き出す","ふきだす",""
4696,"手がかり","てがかり",""
4697,"心当たり","こころあたり",""
4698,"面倒くさい","めんどうくさい",""
4699,"素晴らしい","すばらしい","すばらしい; 素晴しい"
4700,"痛い","いたい","いたい; 甚い"
4701,"どうか","どうか","同化"
4702,"高","たか",""
4703,"概念","がいねん",""
4704,"に決まっている","にきまっている",""
4705,"日本語","にほんご",""
4706,"余","よ",""
4707,"潤む","うるむ",""
4708,"嘆く","なげく",""
4709,"力が抜ける","ちからがぬける",""
4710,"幼い頃","おさないころ",""
4711,"殺害","さつがい",""
4712,"招待","しょうたい",""
4713,"決着","けっちゃく",""
4714,"放り込む","ほうりこむ",""
4715,"振り上げる","ふりあげる",""
4716,"黄色い","きいろい",""
4717,"尾","お",""
4718,"お姫様","おひめさま",""
4719,"ペン","ペン",""
4720,"非","ひ",""
4721,"不安定","ふあんてい",""
4722,"カップル","カップル",""
4723,"快楽","かいらく",""
4724,"受け継ぐ","うけつぐ",""
4725,"撤退","てったい",""
4726,"相性","あいしょう",""
4727,"遭う","あう",""
4728,"一度だけ","いちどだけ",""
4729,"最期","さいご",""
4730,"スーツ","スーツ",""
4731,"なくても","なくても","無くても"
4732,"決定的","けっていてき",""
4733,"要請","ようせい",""
4734,"配慮","はいりょ",""
4735,"員","いん",""
4736,"義理","ぎり",""
4737,"理論","りろん",""
4738,"ぶる","ぶる","振る"
4739,"まして","まして","増して; 況して"
4740,"物騒","ぶっそう",""
4741,"連れ出す","つれだす",""
4742,"一晩","ひとばん",""
4743,"ぎこちない","ぎこちない",""
4744,"鳴り響く","なりひびく",""
4745,"友情","ゆうじょう",""
4746,"ライバル","ライバル",""
4747,"緑色","みどりいろ",""
4748,"留守","るす",""
4749,"二度目","にどめ",""
4750,"如く","ごとく",""
4751,"さっと","さっと","颯っと; 颯と"
4752,"見に来る","みにくる",""
4753,"ＯＫ","オッケー",""
4754,"アドバイス","アドバイス",""
4755,"冷蔵庫","れいぞうこ",""
4756,"優勝","ゆうしょう",""
4757,"気遣い","きづかい",""
4758,"不要","ふよう",""
4759,"青ざめる","あおざめる",""
4760,"章","しょう",""
4761,"現に","げんに",""
4762,"凍る","こおる",""
4763,"吹き飛ぶ","ふきとぶ",""
4764,"気にしないで","きにしないで",""
4765,"覚醒","かくせい",""
4766,"サポート","サポート",""
4767,"裂く","さく",""
4768,"止む","やむ",""
4769,"たった一人","たったひとり",""
4770,"着ける","つける",""
4771,"退く","しりぞく",""
4772,"本体","ほんたい",""
4773,"地点","ちてん",""
4774,"素振り","そぶり",""
4775,"きっぱり","きっぱり",""
4776,"大騒ぎ","おおさわぎ",""
4777,"存じる","ぞんじる",""
4778,"初日","しょにち",""
4779,"年頃","としごろ",""
4780,"持って来る","もってくる",""
4781,"独立","どくりつ",""
4782,"効率","こうりつ",""
4783,"陽","ひ",""
4784,"つる","つる","吊る"
4785,"去る","さる","さる; 避る"
4786,"そこで","そこで","其処で"
4787,"弱々しい","よわよわしい",""
4788,"止む","やむ","やむ; 已む; 罷む"
4789,"投げつける","なげつける",""
4790,"絶対に","ぜったいに",""
4791,"死に","しに",""
4792,"考えてみれば","かんがえてみれば",""
4793,"いい感じ","いいかんじ",""
4794,"纏う","まとう","まとう"
4795,"あるだけ","あるだけ","在るだけ; 有るだけ"
4796,"ケガ","ケガ",""
4797,"ご迷惑","ごめいわく",""
4798,"眉をひそめる","まゆをひそめる",""
4799,"こん","こん",""
4800,"なんというか","なんというか","なんと言うか; 何と言うか"
4801,"物体","ぶったい",""
4802,"差し上げる","さしあげる",""
4803,"交流","こうりゅう",""
4804,"仕込む","しこむ",""
4805,"なぞる","なぞる",""
4806,"収穫","しゅうかく",""
4807,"直撃","ちょくげき",""
4808,"各地","かくち",""
4809,"拠点","きょてん",""
4810,"四つ","よっつ",""
4811,"アイドル","アイドル",""
4812,"急速","きゅうそく",""
4813,"キッチン","キッチン",""
4814,"欲","よく",""
4815,"最低限","さいていげん",""
4816,"へん","へん","辺"
4817,"久々","ひさびさ",""
4818,"国内","こくない",""
4819,"樹","き",""
4820,"無防備","むぼうび",""
4821,"兄妹","けいまい",""
4822,"浮気","うわき",""
4823,"すっきり","すっきり",""
4824,"眠り","ねむり",""
4825,"一行","いっこう",""
4826,"放送","ほうそう",""
4827,"花火","はなび",""
4828,"きゃあ","きゃあ",""
4829,"金額","きんがく",""
4830,"天気","てんき",""
4831,"浸る","ひたる",""
4832,"心地","ここち",""
4833,"プール","プール",""
4834,"店主","てんしゅ",""
4835,"無用","むよう",""
4836,"らか","らか",""
4837,"情熱","じょうねつ",""
4838,"瞬時","しゅんじ",""
4839,"歩み","あゆみ",""
4840,"洗濯","せんたく",""
4841,"毎回","まいかい",""
4842,"ジュース","ジュース",""
4843,"道理","どうり",""
4844,"元に戻る","もとにもどる",""
4845,"同級生","どうきゅうせい",""
4846,"相手をする","あいてをする",""
4847,"嫌がらせ","いやがらせ",""
4848,"うんざり","うんざり",""
4849,"結末","けつまつ",""
4850,"一刻も早く","いっこくもはやく",""
4851,"滞在","たいざい",""
4852,"ふらふら","ふらふら",""
4853,"通過","つうか",""
4854,"落ち着ける","おちつける",""
4855,"なんてこと","なんてこと","なんて事; 何てこと; 何て事"
4856,"読み取る","よみとる",""
4857,"文","ぶん",""
4858,"であれ","であれ",""
4859,"紅","くれない",""
4860,"動機","どうき",""
4861,"一通り","ひととおり",""
4862,"末","すえ",""
4863,"特有","とくゆう",""
4864,"演奏","えんそう",""
4865,"後を追う","あとをおう",""
4866,"誘拐","ゆうかい",""
4867,"放り出す","ほうりだす",""
4868,"順番","じゅんばん",""
4869,"イケメン","イケメン",""
4870,"無礼","ぶれい",""
4871,"澄む","すむ",""
4872,"じゃう","じゃう",""
4873,"距離を取る","きょりをとる",""
4874,"何気ない","なにげない",""
4875,"信仰","しんこう",""
4876,"お土産","おみやげ",""
4877,"発射","はっしゃ",""
4878,"小娘","こむすめ",""
4879,"そうすると","そうすると",""
4880,"上半身","じょうはんしん",""
4881,"荒れる","あれる",""
4882,"リアル","リアル",""
4883,"滅びる","ほろびる",""
4884,"行方不明","ゆくえふめい",""
4885,"いくつ","いくつ","幾つ"
4886,"仕組み","しくみ",""
4887,"誰","だれ","だれ"
4888,"ハッキリ","ハッキリ",""
4889,"３日","みっか",""
4890,"どっちも","どっちも",""
4891,"向かい合う","むかいあう",""
4892,"２人とも","ふたりとも",""
4893,"なおさら","なおさら","なお更; 尚さら; 尚更; 猶さら; 猶更"
4894,"ついていく","ついていく","ついて行く; 付いていく; 付いて行く"
4895,"仕方ない","しかたない","しかたない; 仕方無い"
4896,"目をやる","めをやる",""
4897,"慌てる","あわてる","あわてる; 周章てる"
4898,"かといって","かといって","かと言って"
4899,"良く","よく",""
4900,"後ろ姿","うしろすがた",""
4901,"弾","だん",""
4902,"位","い",""
4903,"愛しい","いとしい",""
4904,"リボン","リボン",""
4905,"片隅","かたすみ",""
4906,"大規模","だいきぼ",""
4907,"コントロール","コントロール",""
4908,"館","やかた",""
4909,"巨人","きょじん",""
4910,"よしよし","よしよし",""
4911,"この際","このさい",""
4912,"映す","うつす",""
4913,"ものとする","ものとする","物とする"
4914,"悲劇","ひげき",""
4915,"見学","けんがく",""
4916,"整備","せいび",""
4917,"痛","つう",""
4918,"箇所","かしょ",""
4919,"席を立つ","せきをたつ",""
4920,"アパート","アパート",""
4921,"文字通り","もじどおり",""
4922,"全滅","ぜんめつ",""
4923,"不愉快","ふゆかい",""
4924,"鈴","すず",""
4925,"小僧","こぞう",""
4926,"取材","しゅざい",""
4927,"余る","あまる",""
4928,"乾杯","かんぱい",""
4929,"太る","ふとる",""
4930,"または","または","又は"
4931,"ありゃ","ありゃ",""
4932,"知恵","ちえ",""
4933,"習慣","しゅうかん",""
4934,"溺れる","おぼれる",""
4935,"耳を傾ける","みみをかたむける",""
4936,"ピンク","ピンク",""
4937,"次回","じかい",""
4938,"弾む","はずむ",""
4939,"長い間","ながいあいだ",""
4940,"パワー","パワー",""
4941,"申し訳ございません","もうしわけございません",""
4942,"観客","かんきゃく",""
4943,"一員","いちいん",""
4944,"引き起こす","ひきおこす",""
4945,"割と","わりと",""
4946,"阻止","そし",""
4947,"圧倒","あっとう",""
4948,"真相","しんそう",""
4949,"一家","いっか",""
4950,"ビール","ビール",""
4951,"外国","がいこく",""
4952,"情","じょう",""
4953,"一礼","いちれい",""
4954,"面々","めんめん",""
4955,"企画","きかく",""
4956,"何しろ","なにしろ",""
4957,"諸君","しょくん",""
4958,"来週","らいしゅう",""
4959,"やり直す","やりなおす",""
4960,"お部屋","おへや",""
4961,"お呼び","および",""
4962,"華やか","はなやか",""
4963,"企業","きぎょう",""
4964,"さえあれば","さえあれば",""
4965,"腹が立つ","はらがたつ",""
4966,"手入れ","ていれ",""
4967,"遊びに来る","あそびにくる",""
4968,"さようなら","さようなら","左様なら"
4969,"お祝い","おいわい",""
4970,"極端","きょくたん",""
4971,"一緒になる","いっしょになる",""
4972,"本に","ほんに",""
4973,"呼び止める","よびとめる",""
4974,"急激","きゅうげき",""
4975,"何百","なんびゃく",""
4976,"下半身","かはんしん",""
4977,"うるせえ","うるせえ",""
4978,"左腕","さわん",""
4979,"かなー","かなー",""
4980,"吸う","すう","すう; 喫う"
4981,"いくらなんでも","いくらなんでも","いくら何でも; 幾ら何でも"
4982,"ろくに","ろくに","碌に"
4983,"穴","あな","あな; 孔"
4984,"時間をかける","じかんをかける",""
4985,"庇う","かばう","かばう"
4986,"ためらう","ためらう","躊躇う"
4987,"もしかすると","もしかすると","若しかすると"
4988,"こないだ","こないだ","此間"
4989,"いかなる","いかなる","如何なる"
4990,"打ち込む","うちこむ",""
4991,"バカにする","バカにする",""
4992,"キツい","キツい",""
4993,"ヶ月","かげつ",""
4994,"どのくらい","どのくらい","どの位; 何のくらい; 何の位"
4995,"ところが","ところが",""
4996,"いささか","いささか","些か; 些さか; 聊; 聊か"
4997,"えーっと","えーっと",""
4998,"いやー","いやー",""
4999,"ほれ","ほれ",""
5000,"こんな風に","こんなふうに","こんなふうに"
5001,"開ける","ひらける",""
5002,"十数","じゅうすう",""
5003,"強制","きょうせい",""
5004,"立ち向かう","たちむかう",""
5005,"機関","きかん",""
5006,"上等","じょうとう",""
5007,"迫力","はくりょく",""
5008,"箸","はし",""
5009,"託する","たくする",""
5010,"身構える","みがまえる",""
5011,"黙り込む","だまりこむ",""
5012,"開催","かいさい",""
5013,"物事","ものごと",""
5014,"に従い","にしたがい",""
5015,"製","せい",""
5016,"渦","うず",""
5017,"気にするな","きにするな",""
5018,"留める","とめる",""
5019,"馴染む","なじむ",""
5020,"突如","とつじょ",""
5021,"駆け抜ける","かけぬける",""
5022,"束","たば",""
5023,"両者","りょうしゃ",""
5024,"営業","えいぎょう",""
5025,"口を挟む","くちをはさむ",""
5026,"何だって","なんだって",""
5027,"尋常","じんじょう",""
5028,"どうにかなる","どうにかなる",""
5029,"脳内","のうない",""
5030,"くるり","くるり","転"
5031,"絶句","ぜっく",""
5032,"辺","へん",""
5033,"痙攣","けいれん",""
5034,"神聖","しんせい",""
5035,"採用","さいよう",""
5036,"些細","ささい",""
5037,"とは限らない","とはかぎらない",""
5038,"考慮","こうりょ",""
5039,"駆る","かる",""
5040,"赤ん坊","あかんぼう",""
5041,"本質","ほんしつ",""
5042,"オーラ","オーラ",""
5043,"そういうことか","そういうことか",""
5044,"憎しみ","にくしみ",""
5045,"誘惑","ゆうわく",""
5046,"がっかり","がっかり",""
5047,"体格","たいかく",""
5048,"州","しゅう",""
5049,"一瞥","いちべつ",""
5050,"露骨","ろこつ",""
5051,"生地","きじ",""
5052,"擦る","する",""
5053,"人材","じんざい",""
5054,"運営","うんえい",""
5055,"何事か","なにごとか",""
5056,"出来","でき",""
5057,"着物","きもの",""
5058,"作り上げる","つくりあげる",""
5059,"歪める","ゆがめる",""
5060,"再","さい",""
5061,"結果的","けっかてき",""
5062,"獲得","かくとく",""
5063,"上回る","うわまわる",""
5064,"突進","とっしん",""
5065,"資金","しきん",""
5066,"降ろす","おろす",""
5067,"猿","さる",""
5068,"チャイム","チャイム",""
5069,"称する","しょうする",""
5070,"爽やか","さわやか",""
5071,"崖","がけ",""
5072,"正気","しょうき",""
5073,"組む","くむ","くむ"
5074,"くすぐる","くすぐる","擽る"
5075,"癒す","いやす",""
5076,"生まれ","うまれ",""
5077,"へー","へー",""
5078,"見出す","みいだす",""
5079,"付き","つき","つき; 付"
5080,"わざとらしい","わざとらしい","態とらしい"
5081,"ってね","ってね",""
5082,"騙す","だます","だます; 瞞す"
5083,"ましてや","ましてや","況してや"
5084,"像","ぞう","ぞう"
5085,"仕掛け","しかけ",""
5086,"割に","わりに",""
5087,"受付","うけつけ",""
5088,"乗る","のる","のる; 乘る"
5089,"膝をつく","ひざをつく",""
5090,"こと自体","ことじたい",""
5091,"からといって","からといって","からと言って"
5092,"知る","しる","しる; 識る"
5093,"当然のこと","とうぜんのこと",""
5094,"ていい","ていい","て良い"
5095,"一つ一つ","ひとつひとつ",""
5096,"揉む","もむ","もむ"
5097,"合わせる","あわせる","あわせる; 併せる; 合せる"
5098,"引きつる","ひきつる",""
5099,"そん","そん",""
5100,"しき","しき","四季"
5101,"印","しるし",""
5102,"センス","センス",""
5103,"耳に入る","みみにはいる",""
5104,"案の定","あんのじょう",""
5105,"悪化","あっか",""
5106,"数時間","すうじかん",""
5107,"繰り広げる","くりひろげる",""
5108,"気軽","きがる",""
5109,"目を輝かす","めをかがやかす",""
5110,"過程","かてい",""
5111,"泣き出す","なきだす",""
5112,"前髪","まえがみ",""
5113,"重み","おもみ",""
5114,"出してくれる","だしてくれる",""
5115,"武装","ぶそう",""
5116,"ほらほら","ほらほら",""
5117,"ニヤニヤ","ニヤニヤ",""
5118,"一層","いっそう",""
5119,"恥","はじ",""
5120,"肩を落とす","かたをおとす",""
5121,"たげる","たげる",""
5122,"よくする","よくする","善くする; 能くする; 良くする"
5123,"語","ご",""
5124,"泉","いずみ",""
5125,"深める","ふかめる",""
5126,"通","つう",""
5127,"宗教","しゅうきょう",""
5128,"指示を出す","しじをだす",""
5129,"モード","モード",""
5130,"路地","ろじ",""
5131,"未知","みち",""
5132,"副","ふく",""
5133,"憎悪","ぞうお",""
5134,"傷口","きずぐち",""
5135,"力を貸す","ちからをかす",""
5136,"この場合","このばあい",""
5137,"思想","しそう",""
5138,"遊びに行く","あそびにいく",""
5139,"ストレス","ストレス",""
5140,"こういった","こういった",""
5141,"手加減","てかげん",""
5142,"勤める","つとめる",""
5143,"我ながら","われながら",""
5144,"前向き","まえむき",""
5145,"沈める","しずめる",""
5146,"抗う","あらがう",""
5147,"幕","まく",""
5148,"比較","ひかく",""
5149,"揺さぶる","ゆさぶる",""
5150,"傾ける","かたむける",""
5151,"広大","こうだい",""
5152,"無謀","むぼう",""
5153,"偽物","にせもの",""
5154,"顔を見せる","かおをみせる",""
5155,"痕跡","こんせき",""
5156,"殺意","さつい",""
5157,"一段","いちだん",""
5158,"賑やか","にぎやか",""
5159,"ベル","ベル",""
5160,"咳払い","せきばらい",""
5161,"青白い","あおじろい",""
5162,"代物","しろもの",""
5163,"教科書","きょうかしょ",""
5164,"っぷり","っぷり",""
5165,"宝","たから",""
5166,"であるから","であるから",""
5167,"巣","す",""
5168,"娘さん","むすめさん",""
5169,"密着","みっちゃく",""
5170,"浮かれる","うかれる",""
5171,"破滅","はめつ",""
5172,"上品","じょうひん",""
5173,"赴く","おもむく",""
5174,"転がす","ころがす",""
5175,"ヒント","ヒント",""
5176,"果て","はて",""
5177,"察知","さっち",""
5178,"跳ぶ","とぶ",""
5179,"広まる","ひろまる",""
5180,"奥様","おくさま",""
5181,"懸念","けねん",""
5182,"中断","ちゅうだん",""
5183,"単位","たんい",""
5184,"妨害","ぼうがい",""
5185,"犯罪者","はんざいしゃ",""
5186,"頼りない","たよりない",""
5187,"見返す","みかえす",""
5188,"砂糖","さとう",""
5189,"にやり","にやり",""
5190,"別に","べつに","べつに"
5191,"己","おのれ","おのれ; 己れ"
5192,"興味ない","きょうみない",""
5193,"あらかじめ","あらかじめ","予め"
5194,"何という","なんという",""
5195,"３つ","みっつ",""
5196,"おずおず","おずおず","怖ず怖ず"
5197,"片づける","かたづける",""
5198,"ご飯","ごはん","ごはん; 御飯"
5199,"きゃっ","きゃっ",""
5200,"さりげない","さりげない","さり気ない; 然りげ無い; 然り気ない; 然り気無い"
5201,"とも","とも","伴; 供; 侶"
5202,"月","げつ",""
5203,"効く","きく","きく; 利く"
5204,"刹那","せつな",""
5205,"ついで","ついで","序; 序で"
5206,"二百","にひゃく",""
5207,"手を貸す","てをかす",""
5208,"潜り込む","もぐりこむ",""
5209,"手術","しゅじゅつ",""
5210,"持ち帰る","もちかえる",""
5211,"ものですから","ものですから",""
5212,"生き延びる","いきのびる",""
5213,"むく","むく","剝く; 剥く"
5214,"早朝","そうちょう",""
5215,"揺らぐ","ゆらぐ",""
5216,"バッグ","バッグ",""
5217,"対面","たいめん",""
5218,"症状","しょうじょう",""
5219,"動画","どうが",""
5220,"毛布","もうふ",""
5221,"どんだけ","どんだけ",""
5222,"散らばる","ちらばる",""
5223,"市場","しじょう",""
5224,"聞き出す","ききだす",""
5225,"存分","ぞんぶん",""
5226,"レース","レース",""
5227,"微塵","みじん",""
5228,"現","げん",""
5229,"鼻を鳴らす","はなをならす",""
5230,"アニメ","アニメ",""
5231,"うっとり","うっとり",""
5232,"基礎","きそ",""
5233,"気を失う","きをうしなう",""
5234,"渦巻く","うずまく",""
5235,"週","しゅう",""
5236,"共","とも",""
5237,"濡らす","ぬらす",""
5238,"芯","しん",""
5239,"離婚","りこん",""
5240,"間抜け","まぬけ",""
5241,"番組","ばんぐみ",""
5242,"膨大","ぼうだい",""
5243,"聞き取る","ききとる",""
5244,"訪問","ほうもん",""
5245,"薄れる","うすれる",""
5246,"コップ","コップ","洋杯; 洋盃"
5247,"普段から","ふだんから",""
5248,"思い知る","おもいしる",""
5249,"誇らしい","ほこらしい",""
5250,"不自由","ふじゆう",""
5251,"数百","すうひゃく",""
5252,"飛び散る","とびちる",""
5253,"物言い","ものいい",""
5254,"居間","いま",""
5255,"殺気","さっき",""
5256,"不器用","ぶきよう",""
5257,"真","ま",""
5258,"衣服","いふく",""
5259,"翌朝","よくあさ",""
5260,"紳士","しんし",""
5261,"他国","たこく",""
5262,"駒","こま",""
5263,"泥棒","どろぼう",""
5264,"すかさず","すかさず","隙かさず"
5265,"着せる","きせる",""
5266,"幹部","かんぶ",""
5267,"解説","かいせつ",""
5268,"彼方","かなた",""
5269,"突き刺す","つきさす",""
5270,"松","まつ",""
5271,"頂点","ちょうてん",""
5272,"思い浮かぶ","おもいうかぶ",""
5273,"美女","びじょ",""
5274,"ぐったり","ぐったり",""
5275,"港","みなと",""
5276,"食欲","しょくよく",""
5277,"圧力","あつりょく",""
5278,"失望","しつぼう",""
5279,"瞬き","まばたき",""
5280,"入手","にゅうしゅ",""
5281,"寺","じ",""
5282,"ぶつ","ぶつ","打つ; 撲つ"
5283,"何にも","なんにも","なんにも"
5284,"力ない","ちからない",""
5285,"問いかけ","といかけ",""
5286,"こんばんは","こんばんは","今晩は"
5287,"はめる","はめる","塡める; 填める; 嵌める; 篏める"
5288,"やらかす","やらかす","遣らかす"
5289,"面持ち","おももち",""
5290,"わあっ","わあっ",""
5291,"散々","さんざん","さんざん; 散散"
5292,"はずない","はずない","はず無い; 筈ない; 筈無い"
5293,"落ち着き","おちつき",""
5294,"仲間たち","なかまたち",""
5295,"生まれてくる","うまれてくる",""
5296,"といえど","といえど","と言えど"
5297,"何やら","なにやら","なにやら"
5298,"ええっと","ええっと",""
5299,"つか","つか",""
5300,"かざす","かざす","翳す"
5301,"本","もと",""
5302,"大","おお","おお"
5303,"類","たぐい",""
5304,"枠","わく",""
5305,"不在","ふざい",""
5306,"退治","たいじ",""
5307,"目を見る","めをみる",""
5308,"以後","いご",""
5309,"飛行機","ひこうき",""
5310,"よっしゃ","よっしゃ",""
5311,"サボる","サボる",""
5312,"震え","ふるえ",""
5313,"処刑","しょけい",""
5314,"愛らしい","あいらしい",""
5315,"血液","けつえき",""
5316,"送り込む","おくりこむ",""
5317,"縦","たて",""
5318,"科学","かがく",""
5319,"さよなら","さよなら",""
5320,"丸める","まるめる",""
5321,"後退","こうたい",""
5322,"戸惑い","とまどい",""
5323,"役に立てる","やくにたてる",""
5324,"ホール","ホール",""
5325,"関心","かんしん",""
5326,"防衛","ぼうえい",""
5327,"タイトル","タイトル",""
5328,"アップ","アップ",""
5329,"頼りになる","たよりになる",""
5330,"双方","そうほう",""
5331,"夢見る","ゆめみる",""
5332,"図る","はかる",""
5333,"区","く",""
5334,"ゆったり","ゆったり",""
5335,"来たる","きたる",""
5336,"その上で","そのうえで",""
5337,"試練","しれん",""
5338,"ぐう","ぐう",""
5339,"登校","とうこう",""
5340,"マーク","マーク",""
5341,"頂戴","ちょうだい",""
5342,"モテる","モテる",""
5343,"保存","ほぞん",""
5344,"的確","てきかく",""
5345,"帰り道","かえりみち",""
5346,"敵う","かなう",""
5347,"引き裂く","ひきさく",""
5348,"美貌","びぼう",""
5349,"給料","きゅうりょう",""
5350,"数分","すうふん",""
5351,"天国","てんごく",""
5352,"心強い","こころづよい",""
5353,"障害","しょうがい",""
5354,"祝う","いわう",""
5355,"かと思えば","かとおもえば",""
5356,"有する","ゆうする",""
5357,"まあね","まあね",""
5358,"破片","はへん",""
5359,"連携","れんけい",""
5360,"言われてみれば","いわれてみれば",""
5361,"涙目","なみだめ",""
5362,"割り込む","わりこむ",""
5363,"エンジン","エンジン",""
5364,"ずれる","ずれる",""
5365,"大して","たいして",""
5366,"絶望的","ぜつぼうてき",""
5367,"吐き捨てる","はきすてる",""
5368,"忠実","ちゅうじつ",""
5369,"拳を握る","こぶしをにぎる",""
5370,"垂らす","たらす",""
5371,"全体に","ぜんたいに",""
5372,"消耗","しょうもう",""
5373,"申し訳なさそう","もうしわけなさそう",""
5374,"予約","よやく",""
5375,"欲する","ほっする",""
5376,"消え去る","きえさる",""
5377,"湯気","ゆげ",""
5378,"湿る","しめる",""
5379,"ぽかん","ぽかん",""
5380,"頻繁","ひんぱん",""
5381,"独自","どくじ",""
5382,"ご褒美","ごほうび",""
5383,"くう","くう",""
5384,"祈り","いのり",""
5385,"引き継ぐ","ひきつぐ",""
5386,"外側","そとがわ",""
5387,"力が入る","ちからがはいる",""
5388,"思案","しあん",""
5389,"菓子","かし",""
5390,"かろうじて","かろうじて","辛うじて"
5391,"くれぐれも","くれぐれも","呉々も; 呉れ呉れも; 呉呉も"
5392,"驚くほど","おどろくほど",""
5393,"おめでとうございます","おめでとうございます","おめでとう御座います; お目出度うございます; 御目出度う御座います"
5394,"これまでに","これまでに","此れまでに"
5395,"申し出","もうしで",""
5396,"それとも","それとも","其れ共"
5397,"もう一つ","もうひとつ","もうひとつ; もう１つ"
5398,"１","いち",""
5399,"乗せる","のせる","のせる; 載せる"
5400,"みるみる","みるみる","見る見る"
5401,"道","どう",""
5402,"両足","りょうあし",""
5403,"担う","になう",""
5404,"測る","はかる",""
5405,"一室","いっしつ",""
5406,"一般人","いっぱんじん",""
5407,"直感","ちょっかん",""
5408,"要は","ようは",""
5409,"縄","なわ",""
5410,"進路","しんろ",""
5411,"灰","はい",""
5412,"目を伏せる","めをふせる",""
5413,"常","つね",""
5414,"真顔","まがお",""
5415,"心得る","こころえる",""
5416,"豚","ぶた",""
5417,"ワイン","ワイン",""
5418,"コース","コース",""
5419,"強大","きょうだい",""
5420,"身を包む","みをつつむ",""
5421,"華","はな",""
5422,"唾","つば",""
5423,"午前中","ごぜんちゅう",""
5424,"駅前","えきまえ",""
5425,"修理","しゅうり",""
5426,"我が家","わがや",""
5427,"中国","ちゅうごく",""
5428,"ヒーロー","ヒーロー",""
5429,"頭を振る","かぶりをふる",""
5430,"気の毒","きのどく",""
5431,"正","せい",""
5432,"演出","えんしゅつ",""
5433,"対立","たいりつ",""
5434,"またしても","またしても","又しても"
5435,"輩","やから",""
5436,"喫茶店","きっさてん",""
5437,"ささやか","ささやか","細やか"
5438,"区別","くべつ",""
5439,"世代","せだい",""
5440,"じっと見る","じっとみる",""
5441,"飾り","かざり",""
5442,"声が出る","こえがでる",""
5443,"好き勝手","すきかって",""
5444,"連れて来る","つれてくる",""
5445,"他者","たしゃ",""
5446,"封筒","ふうとう",""
5447,"頑丈","がんじょう",""
5448,"メイン","メイン",""
5449,"険しい","けわしい",""
5450,"性能","せいのう",""
5451,"作成","さくせい",""
5452,"総","そう",""
5453,"断つ","たつ",""
5454,"何とかなる","なんとかなる",""
5455,"次元","じげん",""
5456,"たった今","たったいま",""
5457,"作家","さっか",""
5458,"充実","じゅうじつ",""
5459,"一連","いちれん",""
5460,"財産","ざいさん",""
5461,"回答","かいとう",""
5462,"改善","かいぜん",""
5463,"作","さく",""
5464,"懇願","こんがん",""
5465,"露出","ろしゅつ",""
5466,"無造作","むぞうさ",""
5467,"溶かす","とかす",""
5468,"張り切る","はりきる",""
5469,"即答","そくとう",""
5470,"阻む","はばむ",""
5471,"裏腹","うらはら",""
5472,"苛立ち","いらだち",""
5473,"予算","よさん",""
5474,"佇む","たたずむ",""
5475,"追い払う","おいはらう",""
5476,"お似合い","おにあい",""
5477,"手袋","てぶくろ",""
5478,"小型","こがた",""
5479,"主役","しゅやく",""
5480,"なんだかんだ","なんだかんだ","何だかんだ; 何だ彼だ"
5481,"込める","こめる","こめる; 篭める; 籠める; 罩める"
5482,"行き","いき",""
5483,"当たり","あたり",""
5484,"ご機嫌","ごきげん",""
5485,"体","からだ","からだ; 身体; 躯; 躰"
5486,"少し","すこし","すこし; 些し"
5487,"引っ越す","ひっこす",""
5488,"もがく","もがく","藻掻く; 藻搔く; 踠く"
5489,"カッコ","カッコ",""
5490,"お祭り","おまつり",""
5491,"二つ","ふたつ","ふたつ; ２つ"
5492,"もって","もって","以って; 以て"
5493,"つまむ","つまむ","抓む; 摘まむ; 摘む; 撮む"
5494,"さらう","さらう","拐う; 掠う; 攫う"
5495,"見てもらう","みてもらう",""
5496,"成り立つ","なりたつ",""
5497,"こん","こん","此; 此ん"
5498,"たかが","たかが","高が"
5499,"気合い","きあい",""
5500,"それなら","それなら","其れなら"
5501,"頭","とう",""
5502,"子","し",""
5503,"島","とう",""
5504,"何だと","なんだと",""
5505,"図","ず",""
5506,"照明","しょうめい",""
5507,"握手","あくしゅ",""
5508,"敵対","てきたい",""
5509,"言葉を失う","ことばをうしなう",""
5510,"用がある","ようがある",""
5511,"企む","たくらむ",""
5512,"頭痛","ずつう",""
5513,"処置","しょち",""
5514,"目を通す","めをとおす",""
5515,"記念","きねん",""
5516,"物理的","ぶつりてき",""
5517,"たり","たり",""
5518,"明白","めいはく",""
5519,"反動","はんどう",""
5520,"やめておく","やめておく","止めておく"
5521,"温める","あたためる",""
5522,"詰め寄る","つめよる",""
5523,"院","いん",""
5524,"平凡","へいぼん",""
5525,"平穏","へいおん",""
5526,"中年","ちゅうねん",""
5527,"了承","りょうしょう",""
5528,"四方","しほう",""
5529,"小さい頃","ちいさいころ",""
5530,"私自身","わたしじしん",""
5531,"執着","しゅうちゃく",""
5532,"出来上がる","できあがる",""
5533,"装飾","そうしょく",""
5534,"踵を返す","きびすをかえす",""
5535,"道中","どうちゅう",""
5536,"身動き","みうごき",""
5537,"ぽん","ぽん",""
5538,"練る","ねる",""
5539,"のち","のち","後"
5540,"通話","つうわ",""
5541,"不穏","ふおん",""
5542,"目を離す","めをはなす",""
5543,"一流","いちりゅう",""
5544,"拷問","ごうもん",""
5545,"歓喜","かんき",""
5546,"聞き返す","ききかえす",""
5547,"パートナー","パートナー",""
5548,"古代","こだい",""
5549,"リスト","リスト",""
5550,"青春","せいしゅん",""
5551,"販売","はんばい",""
5552,"さする","さする","摩る; 擦る"
5553,"前進","ぜんしん",""
5554,"盛る","もる",""
5555,"言語","げんご",""
5556,"羽織る","はおる",""
5557,"逆転","ぎゃくてん",""
5558,"初めから","はじめから",""
5559,"呼び方","よびかた",""
5560,"どうしたら","どうしたら",""
5561,"虎","とら",""
5562,"切り捨てる","きりすてる",""
5563,"に当たって","にあたって",""
5564,"厳重","げんじゅう",""
5565,"幸せにする","しあわせにする",""
5566,"埃","ほこり",""
5567,"宿題","しゅくだい",""
5568,"してみれば","してみれば",""
5569,"スーパー","スーパー",""
5570,"指名","しめい",""
5571,"縫う","ぬう",""
5572,"属する","ぞくする",""
5573,"刃物","はもの",""
5574,"原","はら",""
5575,"寿命","じゅみょう",""
5576,"まみれる","まみれる","塗れる"
5577,"これで","これで",""
5578,"にこやか","にこやか","柔やか"
5579,"どこにもない","どこにもない","何処にもない"
5580,"囁く","ささやく","ささやく; 私語く"
5581,"いっつも","いっつも",""
5582,"１時間","いちじかん",""
5583,"どうでもよい","どうでもよい",""
5584,"吠える","ほえる",""
5585,"および","および","及; 及び"
5586,"フランス","フランス","仏蘭西; 佛蘭西"
5587,"止める","とめる","とめる; 停める; 留める"
5588,"に過ぎない","にすぎない","にすぎない"
5589,"静かに","しずかに",""
5590,"ビックリ","ビックリ",""
5591,"引き続く","ひきつづく",""
5592,"ざわめき","ざわめき","騒めき"
5593,"つつく","つつく","突く; 突つく; 突付く"
5594,"有様","ありさま",""
5595,"折","おり",""
5596,"とてつもない","とてつもない","途轍もない; 途轍も無い"
5597,"らも","らも",""
5598,"羨ましい","うらやましい","うらやましい"
5599,"投げかける","なげかける",""
5600,"飛びつく","とびつく",""
5601,"辛い","からい",""
5602,"食う","くう","くう; 啖う; 喰う"
5603,"交代","こうたい",""
5604,"予想通り","よそうどおり",""
5605,"手助け","てだすけ",""
5606,"出","で",""
5607,"辿る","たどる",""
5608,"構え","かまえ",""
5609,"調べ","しらべ",""
5610,"鞭","むち",""
5611,"舞い上がる","まいあがる",""
5612,"空っぽ","からっぽ",""
5613,"十三","じゅうさん",""
5614,"富","とみ",""
5615,"黄色","きいろ",""
5616,"包丁","ほうちょう",""
5617,"囚われる","とらわれる",""
5618,"甲高い","かんだかい",""
5619,"ねえねえ","ねえねえ",""
5620,"粉","こな",""
5621,"どうかと思う","どうかとおもう",""
5622,"猛烈","もうれつ",""
5623,"設備","せつび",""
5624,"小刻み","こきざみ",""
5625,"だに","だに",""
5626,"感嘆","かんたん",""
5627,"呑む","のむ",""
5628,"痺れる","しびれる",""
5629,"強いる","しいる",""
5630,"物質","ぶっしつ",""
5631,"後頭部","こうとうぶ",""
5632,"シャワー","シャワー",""
5633,"待ち合わせ","まちあわせ",""
5634,"法律","ほうりつ",""
5635,"重","じゅう",""
5636,"吹き出す","ふきだす",""
5637,"提示","ていじ",""
5638,"社員","しゃいん",""
5639,"だらしない","だらしない","だらし無い"
5640,"明後日","あさって",""
5641,"ぱっと","ぱっと",""
5642,"送り出す","おくりだす",""
5643,"十六","じゅうろく",""
5644,"曰く","いわく",""
5645,"前日","ぜんじつ",""
5646,"何日","なんにち",""
5647,"宝物","たからもの",""
5648,"救出","きゅうしゅつ",""
5649,"芸術","げいじゅつ",""
5650,"職場","しょくば",""
5651,"衣","ころも",""
5652,"住所","じゅうしょ",""
5653,"過剰","かじょう",""
5654,"汚れ","よごれ",""
5655,"日頃","ひごろ",""
5656,"すっ","すっ","素っ"
5657,"球","きゅう",""
5658,"手を打つ","てをうつ",""
5659,"本棚","ほんだな",""
5660,"現実的","げんじつてき",""
5661,"形成","けいせい",""
5662,"自力","じりき",""
5663,"側から","そばから",""
5664,"例え","たとえ",""
5665,"ひっそり","ひっそり",""
5666,"さえすれば","さえすれば",""
5667,"倒れ込む","たおれこむ",""
5668,"重力","じゅうりょく",""
5669,"空を飛ぶ","そらをとぶ",""
5670,"浴びせる","あびせる",""
5671,"くらいなら","くらいなら",""
5672,"軌道","きどう",""
5673,"国境","こっきょう",""
5674,"ついさっき","ついさっき",""
5675,"一直線","いっちょくせん",""
5676,"権限","けんげん",""
5677,"募る","つのる",""
5678,"くるくる","くるくる",""
5679,"言うまでもない","いうまでもない",""
5680,"早い","はやい","はやい; 捷い; 疾い; 速い"
5681,"真っ黒","まっくろ",""
5682,"行ってくる","いってくる","いってくる; いって来る; 行って来る"
5683,"ニコニコ","ニコニコ",""
5684,"ご一緒","ごいっしょ",""
5685,"このくらい","このくらい","この位; 此の位"
5686,"ノリ","ノリ",""
5687,"賭け","かけ",""
5688,"１週間","いっしゅうかん",""
5689,"大した","たいした","たいした"
5690,"はじめまして","はじめまして","初めまして; 始めまして"
5691,"語りかける","かたりかける",""
5692,"ご両親","ごりょうしん",""
5693,"あらあら","あらあら","粗々"
5694,"逸らす","そらす","そらす"
5695,"ごらん","ごらん","ご覧; 御覧"
5696,"おそらくは","おそらくは","恐らくは"
5697,"蹴る","ける","ける"
5698,"思い当たる","おもいあたる",""
5699,"我が","わが","わが; 吾が; 我"
5700,"みっともない","みっともない","見っともない"
5701,"徹底","てってい",""
5702,"陰に","いんに",""
5703,"宮","みや",""
5704,"致命的","ちめいてき",""
5705,"修復","しゅうふく",""
5706,"稽古","けいこ",""
5707,"誤る","あやまる",""
5708,"流れ込む","ながれこむ",""
5709,"側面","そくめん",""
5710,"寝かせる","ねかせる",""
5711,"一緒にする","いっしょにする",""
5712,"ムカつく","ムカつく",""
5713,"見極める","みきわめる",""
5714,"仰向け","あおむけ",""
5715,"不敵","ふてき",""
5716,"修正","しゅうせい",""
5717,"恋をする","こいをする",""
5718,"棟","むね",""
5719,"見物","けんぶつ",""
5720,"紛れる","まぎれる",""
5721,"主義","しゅぎ",""
5722,"ゴール","ゴール",""
5723,"よくよく","よくよく","善く善く; 能く能く; 良く良く"
5724,"日曜日","にちようび",""
5725,"もどかしい","もどかしい",""
5726,"食器","しょっき",""
5727,"切","せつ",""
5728,"未熟","みじゅく",""
5729,"保管","ほかん",""
5730,"大通り","おおどおり",""
5731,"手作り","てづくり",""
5732,"恐縮","きょうしゅく",""
5733,"作用","さよう",""
5734,"と比べて","とくらべて",""
5735,"禁じる","きんじる",""
5736,"引退","いんたい",""
5737,"知らせ","しらせ",""
5738,"根性","こんじょう",""
5739,"枯れる","かれる",""
5740,"重たい","おもたい",""
5741,"一向に","いっこうに",""
5742,"高価","こうか",""
5743,"付け加える","つけくわえる",""
5744,"愚痴","ぐち",""
5745,"ずらす","ずらす",""
5746,"遠ざける","とおざける",""
5747,"切断","せつだん",""
5748,"統一","とういつ",""
5749,"標的","ひょうてき",""
5750,"大切な人","たいせつなひと",""
5751,"この方","このかた",""
5752,"妊娠","にんしん",""
5753,"流行","りゅうこう",""
5754,"初めまして","はじめまして",""
5755,"傲慢","ごうまん",""
5756,"臨む","のぞむ",""
5757,"六十","ろくじゅう",""
5758,"成す","なす",""
5759,"制止","せいし",""
5760,"行","こう",""
5761,"宿す","やどす",""
5762,"域","いき",""
5763,"にこにこ","にこにこ",""
5764,"ならともかく","ならともかく",""
5765,"言い分","いいぶん",""
5766,"ざっと","ざっと",""
5767,"家事","かじ",""
5768,"ミルク","ミルク",""
5769,"拗ねる","すねる",""
5770,"ぶつぶつ","ぶつぶつ",""
5771,"家具","かぐ",""
5772,"降り立つ","おりたつ",""
5773,"冷静になる","れいせいになる",""
5774,"恩","おん",""
5775,"視点","してん",""
5776,"鐘","かね",""
5777,"空ける","あける",""
5778,"誰にでも","だれにでも",""
5779,"他人事","ひとごと",""
5780,"代償","だいしょう",""
5781,"復帰","ふっき",""
5782,"豊富","ほうふ",""
5783,"麻痺","まひ",""
5784,"に応じて","におうじて",""
5785,"なおも","なおも","尚も; 猶も"
5786,"組み合わせ","くみあわせ",""
5787,"ありそう","ありそう","有りそう"
5788,"割と","わりと","わりと; 割りと"
5789,"おしゃべり","おしゃべり","お喋り; 御喋り"
5790,"うずくまる","うずくまる","踞る; 蹲る"
5791,"ご苦労","ごくろう",""
5792,"冷や汗","ひやあせ",""
5793,"どうにもならない","どうにもならない","如何にもならない"
5794,"すぐにでも","すぐにでも","直ぐにでも"
5795,"我々","われわれ","われわれ; 吾々; 吾吾; 我我"
5796,"ところでは","ところでは","所では"
5797,"向かい","むかい",""
5798,"おかえりなさい","おかえりなさい","お帰りなさい; 御帰りなさい"
5799,"控えめ","ひかえめ",""
5800,"ぎりぎり","ぎりぎり",""
5801,"教え","おしえ",""
5802,"上機嫌","じょうきげん",""
5803,"志","こころざし",""
5804,"今月","こんげつ",""
5805,"ニヤリ","ニヤリ",""
5806,"可憐","かれん",""
5807,"逃走","とうそう",""
5808,"自分の力","じぶんのちから",""
5809,"そりゃそうだ","そりゃそうだ",""
5810,"老","ろう",""
5811,"もとへ","もとへ",""
5812,"溜める","ためる",""
5813,"愕然","がくぜん",""
5814,"掻く","かく",""
5815,"多","た",""
5816,"密か","ひそか",""
5817,"事業","じぎょう",""
5818,"惜しむ","おしむ",""
5819,"果物","くだもの",""
5820,"に備えて","にそなえて",""
5821,"申し出る","もうしでる",""
5822,"飲み干す","のみほす",""
5823,"実戦","じっせん",""
5824,"偽","にせ",""
5825,"見下す","みくだす",""
5826,"異性","いせい",""
5827,"知らす","しらす",""
5828,"偽り","いつわり",""
5829,"ぐるりと","ぐるりと",""
5830,"パニック","パニック",""
5831,"とんだ","とんだ",""
5832,"ストレート","ストレート",""
5833,"音声","おんせい",""
5834,"よく見ると","よくみると",""
5835,"思い切り","おもいきり",""
5836,"振り切る","ふりきる",""
5837,"写る","うつる",""
5838,"反発","はんぱつ",""
5839,"学","がく",""
5840,"学年","がくねん",""
5841,"堪能","たんのう",""
5842,"からすると","からすると",""
5843,"生まれ変わる","うまれかわる",""
5844,"堂","どう",""
5845,"神妙","しんみょう",""
5846,"ドラマ","ドラマ",""
5847,"所有","しょゆう",""
5848,"取り返す","とりかえす",""
5849,"紡ぐ","つむぐ",""
5850,"一冊","いっさつ",""
5851,"商店街","しょうてんがい",""
5852,"裏側","うらがわ",""
5853,"率","りつ",""
5854,"書物","しょもつ",""
5855,"引き離す","ひきはなす",""
5856,"詰め込む","つめこむ",""
5857,"ビビる","ビビる",""
5858,"怪しむ","あやしむ",""
5859,"形式","けいしき",""
5860,"出向く","でむく",""
5861,"日記","にっき",""
5862,"狂気","きょうき",""
5863,"往復","おうふく",""
5864,"世紀","せいき",""
5865,"シーツ","シーツ",""
5866,"目の当たり","まのあたり",""
5867,"積み上げる","つみあげる",""
5868,"微笑ましい","ほほえましい",""
5869,"兼","けん",""
5870,"従業員","じゅうぎょういん",""
5871,"未練","みれん",""
5872,"計る","はかる",""
5873,"正常","せいじょう",""
5874,"真正面","ましょうめん",""
5875,"陽気","ようき",""
5876,"栄養","えいよう",""
5877,"意識を失う","いしきをうしなう",""
5878,"予備","よび",""
5879,"解き放つ","ときはなつ",""
5880,"絞り出す","しぼりだす",""
5881,"不意打ち","ふいうち",""
5882,"根本的","こんぽんてき",""
5883,"地区","ちく",""
5884,"はまる","はまる","填まる; 填る; 嵌まる; 嵌る"
5885,"いまいち","いまいち","今いち; 今一"
5886,"それはない","それはない","それは無い"
5887,"手つき","てつき",""
5888,"ぴたり","ぴたり",""
5889,"お見舞い","おみまい",""
5890,"しみじみ","しみじみ","染み染み; 沁み沁み; 泌み泌み"
5891,"腰かける","こしかける",""
5892,"この辺り","このあたり","このあたり; 此の辺り"
5893,"登る","のぼる","のぼる; 上る; 昇る"
5894,"ともあれ","ともあれ","兎もあれ"
5895,"至る","いたる","いたる; 到る"
5896,"見つけ出す","みつけだす",""
5897,"それと","それと","其れと"
5898,"笑いかける","わらいかける",""
5899,"じゃなきゃ","じゃなきゃ","じゃ無きゃ"
5900,"始め","はじめ",""
5901,"所","しょ",""
5902,"小","こ",""
5903,"館","かん",""
5904,"説得力","せっとくりょく",""
5905,"境","さかい",""
5906,"保護者","ほごしゃ",""
5907,"杯","はい",""
5908,"この野郎","このやろう",""
5909,"犯行","はんこう",""
5910,"不良","ふりょう",""
5911,"回数","かいすう",""
5912,"足を運ぶ","あしをはこぶ",""
5913,"仲直り","なかなおり",""
5914,"通報","つうほう",""
5915,"ややこしい","ややこしい",""
5916,"拾い上げる","ひろいあげる",""
5917,"格","かく",""
5918,"工夫","くふう",""
5919,"驚かす","おどろかす",""
5920,"訂正","ていせい",""
5921,"納める","おさめる",""
5922,"生き返る","いきかえる",""
5923,"お楽しみ","おたのしみ",""
5924,"屈辱","くつじょく",""
5925,"一筋","ひとすじ",""
5926,"通り抜ける","とおりぬける",""
5927,"後者","こうしゃ",""
5928,"映し出す","うつしだす",""
5929,"その気になる","そのきになる",""
5930,"大嫌い","だいきらい",""
5931,"触れ合う","ふれあう",""
5932,"担ぐ","かつぐ",""
5933,"順番に","じゅんばんに",""
5934,"適切","てきせつ",""
5935,"延々","えんえん",""
5936,"軍隊","ぐんたい",""
5937,"火事","かじ",""
5938,"追及","ついきゅう",""
5939,"取り残す","とりのこす",""
5940,"却下","きゃっか",""
5941,"ふふん","ふふん",""
5942,"素","す",""
5943,"立て直す","たてなおす",""
5944,"末に","すえに",""
5945,"解体","かいたい",""
5946,"別々","べつべつ",""
5947,"断ち切る","たちきる",""
5948,"実在","じつざい",""
5949,"試しに","ためしに",""
5950,"知","ち",""
5951,"批判","ひはん",""
5952,"スプーン","スプーン",""
5953,"意を決する","いをけっする",""
5954,"籠","かご",""
5955,"最大限","さいだいげん",""
5956,"張り付く","はりつく",""
5957,"恥じる","はじる",""
5958,"三回","さんかい",""
5959,"埋め尽くす","うめつくす",""
5960,"堅い","かたい",""
5961,"真意","しんい",""
5962,"引っ込む","ひっこむ",""
5963,"守り","まもり",""
5964,"愛おしい","いとおしい",""
5965,"強制的","きょうせいてき",""
5966,"古","いにしえ",""
5967,"ついつい","ついつい",""
5968,"内臓","ないぞう",""
5969,"今となっては","いまとなっては",""
5970,"面会","めんかい",""
5971,"極める","きわめる",""
5972,"免れる","まぬがれる",""
5973,"幻想","げんそう",""
5974,"息苦しい","いきぐるしい",""
5975,"第四","だいよん",""
5976,"時間が経つ","じかんがたつ",""
5977,"アイデア","アイデア",""
5978,"冷やす","ひやす",""
5979,"お家","おうち",""
5980,"お目にかかる","おめにかかる",""
5981,"ってか","ってか",""
5982,"２回","にかい",""
5983,"アリ","アリ",""
5984,"改めて","あらためて","あらためて; 新ためて"
5985,"パッと","パッと",""
5986,"せえ","せえ",""
5987,"送る","おくる","おくる"
5988,"言い訳","いいわけ","いいわけ; 言いわけ; 言い分け; 言分け; 言訳"
5989,"それなのに","それなのに",""
5990,"渡る","わたる","わたる; 亘る; 亙る; 弥る; 渉る"
5991,"間もない","まもない","まもない"
5992,"都合のいい","つごうのいい",""
5993,"分","ぶん","ぶん"
5994,"やっていく","やっていく","やって行く; 遣って行く"
5995,"気まぐれ","きまぐれ",""
5996,"きっかけに","きっかけに","切っ掛けに"
5997,"お守り","おまもり",""
5998,"出て来る","でてくる",""
5999,"見える","みえる","みえる"
6000,"ド","ド",""
6001,"二週間","にしゅうかん",""
6002,"青空","あおぞら",""
6003,"天然","てんねん",""
6004,"飛び上がる","とびあがる",""
6005,"ＯＫ","オッケー","オッケー"
6006,"甘やかす","あまやかす",""
6007,"絡める","からめる",""
6008,"越す","こす",""
6009,"後日","ごじつ",""
6010,"婦人","ふじん",""
6011,"吉","きち",""
6012,"当人","とうにん",""
6013,"信念","しんねん",""
6014,"待ち構える","まちかまえる",""
6015,"抱き寄せる","だきよせる",""
6016,"万全","ばんぜん",""
6017,"境遇","きょうぐう",""
6018,"業務","ぎょうむ",""
6019,"面倒を見る","めんどうをみる",""
6020,"ほっとく","ほっとく",""
6021,"押し倒す","おしたおす",""
6022,"黙々","もくもく",""
6023,"一目","ひとめ",""
6024,"改造","かいぞう",""
6025,"押さえつける","おさえつける",""
6026,"手遅れ","ておくれ",""
6027,"講義","こうぎ",""
6028,"どうだい","どうだい",""
6029,"放り投げる","ほうりなげる",""
6030,"土下座","どげざ",""
6031,"そら","そら",""
6032,"好きなだけ","すきなだけ",""
6033,"牛乳","ぎゅうにゅう",""
6034,"華奢","きゃしゃ",""
6035,"不吉","ふきつ",""
6036,"運転手","うんてんしゅ",""
6037,"ラッキー","ラッキー",""
6038,"真っ青","まっさお",""
6039,"三百","さんびゃく",""
6040,"そうですが","そうですが",""
6041,"風情","ふぜい",""
6042,"官","かん",""
6043,"詩","し",""
6044,"振り絞る","ふりしぼる",""
6045,"背の高い","せのたかい",""
6046,"紫色","むらさきいろ",""
6047,"立ち直る","たちなおる",""
6048,"フォーク","フォーク",""
6049,"継続","けいぞく",""
6050,"沼","ぬま",""
6051,"京都","きょうと",""
6052,"一分","いちぶ",""
6053,"所へ","ところへ",""
6054,"レストラン","レストラン",""
6055,"功績","こうせき",""
6056,"様","ざま","ざま; 態"
6057,"会釈","えしゃく",""
6058,"するべき","するべき",""
6059,"活用","かつよう",""
6060,"あったかい","あったかい",""
6061,"劇","げき",""
6062,"一夜","いちや",""
6063,"目元","めもと",""
6064,"受験","じゅけん",""
6065,"足場","あしば",""
6066,"誠実","せいじつ",""
6067,"文明","ぶんめい",""
6068,"合間","あいま",""
6069,"根元","ねもと",""
6070,"目前","もくぜん",""
6071,"静まり返る","しずまりかえる",""
6072,"暴く","あばく",""
6073,"旗","はた",""
6074,"仲良し","なかよし",""
6075,"滝","たき",""
6076,"画像","がぞう",""
6077,"銀行","ぎんこう",""
6078,"押す","おす","おす; 圧す; 捺す"
6079,"すがる","すがる","縋る"
6080,"２","に",""
6081,"あいにく","あいにく","合憎; 生憎"
6082,"気にかける","きにかける",""
6083,"か月","かげつ",""
6084,"まだしも","まだしも","未だしも"
6085,"よくやった","よくやった","良くやった"
6086,"始まる","はじまる","はじまる"
6087,"ごろ","ごろ",""
6088,"振り","ふり","ふり; 風"
6089,"イライラ","イライラ",""
6090,"何度も","なんども",""
6091,"しきりに","しきりに","頻りに"
6092,"いつの間にか","いつのまにか","いつのまにか; 何時の間にか"
6093,"こめかみ","こめかみ","蟀谷; 顳; 顳顬"
6094,"弾ける","はじける",""
6095,"りする","りする","利する"
6096,"行き先","いきさき",""
6097,"金持ち","かねもち",""
6098,"今更","いまさら","いまさら; 今さら"
6099,"今日","きょう","きょう"
6100,"並","なみ",""
6101,"変","へん","へん; 變"
6102,"干す","ほす",""
6103,"伝言","でんごん",""
6104,"疑問に思う","ぎもんにおもう",""
6105,"縮める","ちぢめる",""
6106,"帯","おび",""
6107,"かの","かの","彼"
6108,"上目遣い","うわめづかい",""
6109,"プログラム","プログラム",""
6110,"クール","クール",""
6111,"井","い",""
6112,"公開","こうかい",""
6113,"貧乏","びんぼう",""
6114,"要望","ようぼう",""
6115,"その際","そのさい",""
6116,"苛立つ","いらだつ",""
6117,"制度","せいど",""
6118,"費用","ひよう",""
6119,"滅多に","めったに",""
6120,"脅かす","おびやかす",""
6121,"トラック","トラック",""
6122,"遂げる","とげる",""
6123,"相応","そうおう",""
6124,"皆無","かいむ",""
6125,"気取る","きどる",""
6126,"察し","さっし",""
6127,"弁護士","べんごし",""
6128,"足早","あしばや",""
6129,"対照的","たいしょうてき",""
6130,"十七","じゅうしち",""
6131,"価値観","かちかん",""
6132,"一秒","いちびょう",""
6133,"定期的","ていきてき",""
6134,"励む","はげむ",""
6135,"歩き回る","あるきまわる",""
6136,"半日","はんにち",""
6137,"日差し","ひざし",""
6138,"タクシー","タクシー",""
6139,"現地","げんち",""
6140,"集う","つどう",""
6141,"交える","まじえる",""
6142,"尊重","そんちょう",""
6143,"一帯","いったい",""
6144,"柵","さく",""
6145,"ほんのり","ほんのり",""
6146,"臆病","おくびょう",""
6147,"版","はん",""
6148,"地震","じしん",""
6149,"恐れ","おそれ",""
6150,"悪戯","いたずら",""
6151,"畳","たたみ",""
6152,"お詫び","おわび",""
6153,"絶対的","ぜったいてき",""
6154,"どうと","どうと",""
6155,"連","れん",""
6156,"でもって","でもって",""
6157,"戦略","せんりゃく",""
6158,"のみならず","のみならず",""
6159,"見て取る","みてとる",""
6160,"加工","かこう",""
6161,"ターゲット","ターゲット",""
6162,"豆","まめ",""
6163,"疑惑","ぎわく",""
6164,"鼻先","はなさき",""
6165,"リズム","リズム",""
6166,"研究所","けんきゅうじょ",""
6167,"何があっても","なにがあっても",""
6168,"小鳥","ことり",""
6169,"吹っ飛ぶ","ふっとぶ",""
6170,"臭い","くさい","くさい"
6171,"街中","まちなか",""
6172,"質問をする","しつもんをする",""
6173,"出世","しゅっせ",""
6174,"十八","じゅうはち",""
6175,"とぼける","とぼける","恍ける; 惚ける"
6176,"高鳴る","たかなる",""
6177,"忍び込む","しのびこむ",""
6178,"局","きょく",""
6179,"甲","こう",""
6180,"汁","しる",""
6181,"見","み",""
6182,"冗談じゃない","じょうだんじゃない",""
6183,"追跡","ついせき",""
6184,"最善","さいぜん",""
6185,"よろめく","よろめく","蹌踉めく"
6186,"贈り物","おくりもの",""
6187,"きらきら","きらきら",""
6188,"ポン","ポン",""
6189,"ご挨拶","ごあいさつ",""
6190,"ひっくり返す","ひっくりかえす",""
6191,"くっつける","くっつける","くっ付ける; 食っ付ける"
6192,"それこそ","それこそ","其れこそ"
6193,"履く","はく","はく; 佩く; 帯く; 着く; 穿く"
6194,"さながら","さながら","宛ら"
6195,"に当たって","にあたって","にあたって"
6196,"本当に","ほんとうに","ほんとうに"
6197,"無理もない","むりもない",""
6198,"ねだる","ねだる","強請る"
6199,"言うことを聞く","いうことをきく",""
6200,"回す","まわす","まわす; 廻す"
6201,"車","しゃ",""
6202,"器","き",""
6203,"悪","わる",""
6204,"軽蔑","けいべつ",""
6205,"だけあって","だけあって",""
6206,"大物","おおもの",""
6207,"脇腹","わきばら",""
6208,"今晩","こんばん",""
6209,"雑談","ざつだん",""
6210,"言い残す","いいのこす",""
6211,"スケジュール","スケジュール",""
6212,"共にする","ともにする",""
6213,"当分","とうぶん",""
6214,"キャラクター","キャラクター",""
6215,"庶民","しょみん",""
6216,"コピー","コピー",""
6217,"散らす","ちらす",""
6218,"平静","へいせい",""
6219,"威嚇","いかく",""
6220,"手早い","てばやい",""
6221,"迎えに行く","むかえにいく",""
6222,"明ける","あける",""
6223,"勧める","すすめる","すすめる; 奨める; 薦める"
6224,"気を抜く","きをぬく",""
6225,"無能","むのう",""
6226,"チーズ","チーズ",""
6227,"吹き込む","ふきこむ",""
6228,"濁る","にごる",""
6229,"見透かす","みすかす",""
6230,"走り去る","はしりさる",""
6231,"並み","なみ",""
6232,"乳","ちち",""
6233,"委員","いいん",""
6234,"建つ","たつ",""
6235,"皺","しわ",""
6236,"委員長","いいんちょう",""
6237,"仕入れる","しいれる",""
6238,"都会","とかい",""
6239,"従える","したがえる",""
6240,"食い込む","くいこむ",""
6241,"有無","うむ",""
6242,"何なのか","なんなのか",""
6243,"記者","きしゃ",""
6244,"構築","こうちく",""
6245,"宣伝","せんでん",""
6246,"参加者","さんかしゃ",""
6247,"当の","とうの",""
6248,"仮","かり",""
6249,"生産","せいさん",""
6250,"存在感","そんざいかん",""
6251,"願望","がんぼう",""
6252,"最","さい",""
6253,"五百","ごひゃく",""
6254,"と言うと","というと",""
6255,"対決","たいけつ",""
6256,"お辞儀","おじぎ",""
6257,"関わり","かかわり",""
6258,"快い","こころよい",""
6259,"京","きょう",""
6260,"やっつける","やっつける","やっ付ける; 遣っつける; 遣っ付ける"
6261,"引き下がる","ひきさがる",""
6262,"助言","じょげん",""
6263,"気が済む","きがすむ",""
6264,"万人","ばんにん",""
6265,"口々","くちぐち",""
6266,"食卓","しょくたく",""
6267,"旅立つ","たびだつ",""
6268,"分だけ","ぶんだけ",""
6269,"貢献","こうけん",""
6270,"とどまる","とどまる","止まる; 留まる"
6271,"天下","てんか",""
6272,"最新","さいしん",""
6273,"就職","しゅうしょく",""
6274,"大幅","おおはば",""
6275,"寝顔","ねがお",""
6276,"ドン","ドン",""
6277,"めんどくさい","めんどくさい",""
6278,"１枚","いちまい",""
6279,"割に","わりに","わりに; 割りに"
6280,"見たところ","みたところ",""
6281,"大抵","たいてい","たいてい; 大てい"
6282,"湧き上がる","わきあがる",""
6283,"おやすみなさい","おやすみなさい","お休みなさい; 御休みなさい"
6284,"わけではありません","わけではありません","訳ではありません"
6285,"及び","および",""
6286,"抱きかかえる","だきかかえる",""
6287,"おもむろに","おもむろに","徐に; 徐ろに"
6288,"時々","ときどき","ときどき; 時どき; 時時"
6289,"ひと言","ひとこと",""
6290,"下ろす","おろす","おろす; 下す; 降ろす"
6291,"もとより","もとより","元より; 固より; 素より"
6292,"任せる","まかせる","まかせる; 委せる"
6293,"癖","くせ","くせ"
6294,"タダ","タダ",""
6295,"２日","ふつか",""
6296,"小","しょう","しょう"
6297,"子どもたち","こどもたち",""
6298,"つくづく","つくづく","熟; 熟々; 熟熟"
6299,"１本","いっぽん",""
6300,"尽くす","つくす","つくす; 尽す; 盡す"
6301,"冊","さつ",""
6302,"取り乱す","とりみだす",""
6303,"今になって","いまになって",""
6304,"塀","へい",""
6305,"調達","ちょうたつ",""
6306,"不便","ふべん",""
6307,"無人","むじん",""
6308,"からして","からして",""
6309,"ってよ","ってよ",""
6310,"四年","よねん",""
6311,"肺","はい",""
6312,"病人","びょうにん",""
6313,"スポーツ","スポーツ",""
6314,"究極","きゅうきょく",""
6315,"支持","しじ",""
6316,"咎める","とがめる",""
6317,"読書","どくしょ",""
6318,"手を上げる","てをあげる",""
6319,"口実","こうじつ",""
6320,"原稿","げんこう",""
6321,"あしらう","あしらう","遇う; 配う"
6322,"色気","いろけ",""
6323,"髪型","かみがた",""
6324,"少なくなる","すくなくなる",""
6325,"細工","さいく",""
6326,"留まる","とまる",""
6327,"のく","のく",""
6328,"体制","たいせい",""
6329,"行き来","ゆきき",""
6330,"礼儀","れいぎ",""
6331,"粒","つぶ",""
6332,"押し殺す","おしころす",""
6333,"空腹","くうふく",""
6334,"急ぎ","いそぎ",""
6335,"ピンチ","ピンチ",""
6336,"有能","ゆうのう",""
6337,"人口","じんこう",""
6338,"だったろう","だったろう",""
6339,"平等","びょうどう",""
6340,"そっぽを向く","そっぽをむく",""
6341,"得","とく",""
6342,"頭脳","ずのう",""
6343,"走り回る","はしりまわる",""
6344,"入れ替わる","いれかわる",""
6345,"不正","ふせい",""
6346,"眠気","ねむけ",""
6347,"ぞっと","ぞっと",""
6348,"軽やか","かろやか",""
6349,"どうせなら","どうせなら",""
6350,"貧しい","まずしい",""
6351,"に沿って","にそって",""
6352,"決する","けっする",""
6353,"何度でも","なんどでも",""
6354,"低下","ていか",""
6355,"身を隠す","みをかくす",""
6356,"手柄","てがら",""
6357,"言葉を交わす","ことばをかわす",""
6358,"幾","いく",""
6359,"ほい","ほい",""
6360,"取り組む","とりくむ",""
6361,"五日","いつか",""
6362,"横切る","よこぎる",""
6363,"違反","いはん",""
6364,"調理","ちょうり",""
6365,"侮辱","ぶじょく",""
6366,"経済","けいざい",""
6367,"重視","じゅうし",""
6368,"直し","なおし",""
6369,"裁判","さいばん",""
6370,"形相","ぎょうそう",""
6371,"代理","だいり",""
6372,"欲求","よっきゅう",""
6373,"平","ひら",""
6374,"網","あみ",""
6375,"コツ","コツ",""
6376,"牽制","けんせい",""
6377,"建設","けんせつ",""
6378,"出血","しゅっけつ",""
6379,"大気","たいき",""
6380,"割って入る","わってはいる",""
6381,"役者","やくしゃ",""
6382,"死人","しにん",""
6383,"睡眠","すいみん",""
6384,"不","ふ",""
6385,"拍子","ひょうし",""
6386,"寺","てら",""
6387,"いってらっしゃい","いってらっしゃい","行ってらっしゃい"
6388,"立てる","たてる","たてる"
6389,"まし","まし","増し"
6390,"捉える","とらえる","とらえる; 捕える; 捕らえる"
6391,"おもちゃ","おもちゃ","玩具"
6392,"ってな","ってな",""
6393,"睨む","にらむ","にらむ"
6394,"すり抜ける","すりぬける",""
6395,"できるようになる","できるようになる","出来るようになる"
6396,"通りかかる","とおりかかる",""
6397,"めでたい","めでたい","愛でたい; 目出度い; 芽出度い"
6398,"２時","にじ",""
6399,"振る舞い","ふるまい",""
6400,"めがける","めがける","目がける; 目掛ける"
6401,"どく","どく",""
6402,"放出","ほうしゅつ",""
6403,"無理をする","むりをする",""
6404,"気恥ずかしい","きはずかしい",""
6405,"一瞬にして","いっしゅんにして",""
6406,"ストップ","ストップ",""
6407,"陸","りく",""
6408,"とく","とく",""
6409,"奪い取る","うばいとる",""
6410,"突き飛ばす","つきとばす",""
6411,"向上","こうじょう",""
6412,"先月","せんげつ",""
6413,"懐く","なつく",""
6414,"流行る","はやる",""
6415,"個室","こしつ",""
6416,"目を合わせる","めをあわせる",""
6417,"竹","たけ",""
6418,"威厳","いげん",""
6419,"欠かす","かかす",""
6420,"にわかに","にわかに",""
6421,"お顔","おかお",""
6422,"抱き上げる","だきあげる",""
6423,"立ちはだかる","たちはだかる",""
6424,"自動","じどう",""
6425,"共感","きょうかん",""
6426,"核","かく",""
6427,"すんなり","すんなり",""
6428,"率直","そっちょく",""
6429,"仕切る","しきる",""
6430,"心境","しんきょう",""
6431,"承諾","しょうだく",""
6432,"ちょい","ちょい",""
6433,"離脱","りだつ",""
6434,"入","いり",""
6435,"右側","みぎがわ",""
6436,"段々","だんだん",""
6437,"報告書","ほうこくしょ",""
6438,"自動車","じどうしゃ",""
6439,"人殺し","ひとごろし",""
6440,"二重","にじゅう",""
6441,"植える","うえる",""
6442,"丈","たけ",""
6443,"逃亡","とうぼう",""
6444,"落胆","らくたん",""
6445,"足跡","あしあと",""
6446,"対等","たいとう",""
6447,"学者","がくしゃ",""
6448,"野球","やきゅう",""
6449,"メリット","メリット",""
6450,"ベスト","ベスト",""
6451,"立ち寄る","たちよる",""
6452,"取り付ける","とりつける",""
6453,"抱き合う","だきあう",""
6454,"数学","すうがく",""
6455,"精","せい",""
6456,"毎朝","まいあさ",""
6457,"自業自得","じごうじとく",""
6458,"切り離す","きりはなす",""
6459,"至るまで","いたるまで",""
6460,"無理はない","むりはない",""
6461,"投入","とうにゅう",""
6462,"漠然","ばくぜん",""
6463,"心細い","こころぼそい",""
6464,"代々","だいだい",""
6465,"反する","はんする",""
6466,"突っ立つ","つったつ",""
6467,"もう少しで","もうすこしで",""
6468,"しっ","しっ","叱"
6469,"罵る","ののしる",""
6470,"取り繕う","とりつくろう",""
6471,"侮る","あなどる",""
6472,"巻","かん",""
6473,"利","り",""
6474,"鹿","しか",""
6475,"滑らか","なめらか",""
6476,"わく","わく","沸く"
6477,"日が暮れる","ひがくれる",""
6478,"破裂","はれつ",""
6479,"気を使う","きをつかう",""
6480,"活かす","いかす",""
6481,"幹","みき",""
6482,"しばらくの間","しばらくのあいだ",""
6483,"出くわす","でくわす",""
6484,"受ける","うける","うける; 享ける; 承ける; 請ける"
6485,"これこそ","これこそ",""
6486,"日付","ひづけ",""
6487,"なるだけ","なるだけ",""
6488,"あのよう","あのよう","あの様; 彼の様"
6489,"ろくな","ろくな","碌な"
6490,"ことごとく","ことごとく","尽く; 悉く"
6491,"決めつける","きめつける",""
6492,"盛る","もる","もる"
6493,"をもって","をもって","を以って"
6494,"釣り","つり",""
6495,"直す","なおす","なおす; 治す"
6496,"見せかける","みせかける",""
6497,"山ほど","やまほど",""
6498,"意味ない","いみない",""
6499,"凄まじい","すさまじい","すさまじい; 凄じい"
6500,"なんと","なんと","何と"
6501,"げ","げ",""
6502,"イギリス","イギリス","英吉利"
6503,"手際","てぎわ",""
6504,"埋もれる","うもれる",""
6505,"滑稽","こっけい",""
6506,"引っ張り出す","ひっぱりだす",""
6507,"１０分","じっぷん",""
6508,"同感","どうかん",""
6509,"はにかむ","はにかむ",""
6510,"ここら","ここら","此処ら; 此処等"
6511,"どうかしら","どうかしら",""
6512,"行使","こうし",""
6513,"各々","おのおの",""
6514,"動き回る","うごきまわる",""
6515,"茶色","ちゃいろ",""
6516,"二枚","にまい",""
6517,"交互","こうご",""
6518,"本名","ほんみょう",""
6519,"ペット","ペット",""
6520,"業者","ぎょうしゃ",""
6521,"押し当てる","おしあてる",""
6522,"流し込む","ながしこむ",""
6523,"専門家","せんもんか",""
6524,"亡くす","なくす",""
6525,"小走り","こばしり",""
6526,"気を取り直す","きをとりなおす",""
6527,"逃げ込む","にげこむ",""
6528,"各国","かっこく",""
6529,"べきではない","べきではない",""
6530,"同志","どうし",""
6531,"手の甲","てのこう",""
6532,"さらり","さらり",""
6533,"忘れ物","わすれもの",""
6534,"しょっちゅう","しょっちゅう",""
6535,"情報収集","じょうほうしゅうしゅう",""
6536,"説く","とく",""
6537,"裏切り","うらぎり",""
6538,"頼りにする","たよりにする",""
6539,"少なからず","すくなからず",""
6540,"形状","けいじょう",""
6541,"頼むから","たのむから",""
6542,"プレッシャー","プレッシャー",""
6543,"ひらひら","ひらひら",""
6544,"即","そく",""
6545,"押し出す","おしだす",""
6546,"必ずしも","かならずしも",""
6547,"進展","しんてん",""
6548,"頑固","がんこ",""
6549,"性別","せいべつ",""
6550,"責任者","せきにんしゃ",""
6551,"自嘲","じちょう",""
6552,"割り切る","わりきる",""
6553,"見計らう","みはからう",""
6554,"比","ひ",""
6555,"失格","しっかく",""
6556,"と考えられる","とかんがえられる",""
6557,"態勢","たいせい",""
6558,"動じる","どうじる",""
6559,"裂ける","さける",""
6560,"ライト","ライト",""
6561,"パス","パス",""
6562,"ハート","ハート",""
6563,"テーマ","テーマ",""
6564,"儚い","はかない",""
6565,"今こそ","いまこそ",""
6566,"真理","しんり",""
6567,"手を回す","てをまわす",""
6568,"鮮明","せんめい",""
6569,"果てる","はてる",""
6570,"売り","うり",""
6571,"毎晩","まいばん",""
6572,"連想","れんそう",""
6573,"伝統","でんとう",""
6574,"洋服","ようふく",""
6575,"狼狽","ろうばい",""
6576,"最適","さいてき",""
6577,"お約束","おやくそく",""
6578,"光を放つ","ひかりをはなつ",""
6579,"米","こめ",""
6580,"難い","にくい",""
6581,"科","か",""
6582,"ぶちまける","ぶちまける","ぶち撒ける; 打ちまける"
6583,"夜明け","よあけ",""
6584,"さらなる","さらなる","更なる"
6585,"大変","たいへん","たいへん; 大へん"
6586,"うろつく","うろつく","彷徨く"
6587,"紛れもない","まぎれもない",""
6588,"滲む","にじむ","にじむ"
6589,"あーあ","あーあ",""
6590,"なだめる","なだめる","宥める"
6591,"ヨーロッパ","ヨーロッパ","欧羅巴"
6592,"につき","につき","に付き; に就き"
6593,"撫でる","なでる","なでる"
6594,"火をつける","ひをつける",""
6595,"特に","とくに","とくに"
6596,"捕まる","つかまる","つかまる; 捉まる; 掴まる; 摑まる"
6597,"目をそらす","めをそらす",""
6598,"年寄り","としより",""
6599,"さまよう","さまよう","さ迷う; 彷徨う"
6600,"強いる","しいる","しいる"
6601,"留まる","とどまる",""
6602,"取り除く","とりのぞく",""
6603,"使いこなす","つかいこなす",""
6604,"先週","せんしゅう",""
6605,"そうでなければ","そうでなければ",""
6606,"長男","ちょうなん",""
6607,"悲痛","ひつう",""
6608,"由来","ゆらい",""
6609,"客観的","きゃっかんてき",""
6610,"置き去り","おきざり",""
6611,"弄ぶ","もてあそぶ",""
6612,"緩い","ゆるい",""
6613,"背中を押す","せなかをおす",""
6614,"進歩","しんぽ",""
6615,"乏しい","とぼしい",""
6616,"許し","ゆるし",""
6617,"住まう","すまう",""
6618,"元に戻す","もとにもどす",""
6619,"久しい","ひさしい",""
6620,"済ます","すます",""
6621,"に加え","にくわえ",""
6622,"順に","じゅんに",""
6623,"敬語","けいご",""
6624,"怠る","おこたる",""
6625,"寒気","さむけ",""
6626,"十一","じゅういち",""
6627,"お帰りなさい","おかえりなさい",""
6628,"誓い","ちかい",""
6629,"感染","かんせん",""
6630,"不可解","ふかかい",""
6631,"輪郭","りんかく",""
6632,"夕日","ゆうひ",""
6633,"十日","とおか",""
6634,"欠点","けってん",""
6635,"ざわつく","ざわつく","騒つく"
6636,"どうしたものか","どうしたものか",""
6637,"雑","ざつ",""
6638,"公式","こうしき",""
6639,"口に運ぶ","くちにはこぶ",""
6640,"費やす","ついやす",""
6641,"予言","よげん",""
6642,"覆す","くつがえす",""
6643,"表紙","ひょうし",""
6644,"開放","かいほう",""
6645,"渋々","しぶしぶ",""
6646,"要する","ようする",""
6647,"気温","きおん",""
6648,"初め","はじめ",""
6649,"透ける","すける",""
6650,"設計","せっけい",""
6651,"信号","しんごう",""
6652,"また今度","またこんど",""
6653,"度胸","どきょう",""
6654,"打撃","だげき",""
6655,"専念","せんねん",""
6656,"ぬるい","ぬるい","微温い; 温い; 緩い"
6657,"数日後","すうじつご",""
6658,"窮屈","きゅうくつ",""
6659,"時間帯","じかんたい",""
6660,"お願いだから","おねがいだから",""
6661,"正反対","せいはんたい",""
6662,"嫌悪","けんお",""
6663,"用心","ようじん",""
6664,"河","かわ",""
6665,"個性","こせい",""
6666,"本題","ほんだい",""
6667,"面影","おもかげ",""
6668,"最優先","さいゆうせん",""
6669,"待ち受ける","まちうける",""
6670,"駆け込む","かけこむ",""
6671,"体質","たいしつ",""
6672,"申請","しんせい",""
6673,"よさそう","よさそう","良さそう"
6674,"痩せる","やせる",""
6675,"武","ぶ",""
6676,"お迎え","おむかえ",""
6677,"負傷","ふしょう",""
6678,"表向き","おもてむき",""
6679,"一変","いっぺん",""
6680,"長引く","ながびく",""
6681,"医療","いりょう",""
6682,"摘む","つむ",""
6683,"替える","かえる",""
6684,"あくび","あくび","欠; 欠伸"
6685,"集まり","あつまり",""
6686,"生まれて初めて","うまれてはじめて",""
6687,"べし","べし",""
6688,"根本","こんぽん",""
6689,"くつろぐ","くつろぐ","寛ぐ"
6690,"すする","すする","啜る"
6691,"お家","おうち","おうち; お内; 御内; 御家"
6692,"一層","いっそう","いっそう"
6693,"ある時","あるとき",""
6694,"痛っ","いたっ",""
6695,"ドイツ","ドイツ","独乙; 独逸"
6696,"おろか","おろか","疎か"
6697,"泡","あわ","あわ; 沫"
6698,"巡る","めぐる","めぐる; 回る; 廻る"
6699,"うろたえる","うろたえる","狼狽える"
6700,"しばしば","しばしば","屡; 屡々; 屡屡; 数々"
6701,"角","かく",""
6702,"大金","たいきん",""
6703,"わくわく","わくわく",""
6704,"直る","なおる",""
6705,"成る","なる",""
6706,"特性","とくせい",""
6707,"火花","ひばな",""
6708,"考え事","かんがえごと",""
6709,"実績","じっせき",""
6710,"知性","ちせい",""
6711,"早口","はやくち",""
6712,"介入","かいにゅう",""
6713,"人種","じんしゅ",""
6714,"濃厚","のうこう",""
6715,"推薦","すいせん",""
6716,"必死になって","ひっしになって",""
6717,"引き連れる","ひきつれる",""
6718,"丈夫","じょうぶ",""
6719,"飢える","うえる",""
6720,"名付ける","なづける",""
6721,"その気","そのき",""
6722,"マイナス","マイナス",""
6723,"お時間","おじかん",""
6724,"ピンク色","ピンクいろ",""
6725,"筆","ふで",""
6726,"追放","ついほう",""
6727,"授ける","さずける",""
6728,"透き通る","すきとおる",""
6729,"プラス","プラス",""
6730,"発達","はったつ",""
6731,"話し始める","はなしはじめる",""
6732,"読者","どくしゃ",""
6733,"びる","びる",""
6734,"コメント","コメント",""
6735,"留守番","るすばん",""
6736,"無縁","むえん",""
6737,"分野","ぶんや",""
6738,"本性","ほんしょう",""
6739,"そわそわ","そわそわ",""
6740,"鈍る","にぶる",""
6741,"感激","かんげき",""
6742,"見比べる","みくらべる",""
6743,"徹夜","てつや",""
6744,"右足","みぎあし",""
6745,"権","けん",""
6746,"至極","しごく",""
6747,"最後の最後","さいごのさいご",""
6748,"苦戦","くせん",""
6749,"独占","どくせん",""
6750,"繰り返し","くりかえし",""
6751,"成し遂げる","なしとげる",""
6752,"初期","しょき",""
6753,"絶妙","ぜつみょう",""
6754,"一滴","いってき",""
6755,"突き止める","つきとめる",""
6756,"ちらちら","ちらちら",""
6757,"左側","ひだりがわ",""
6758,"一環","いっかん",""
6759,"正す","ただす",""
6760,"連絡を取る","れんらくをとる",""
6761,"とうに","とうに","疾うに"
6762,"十四","じゅうし",""
6763,"無責任","むせきにん",""
6764,"人員","じんいん",""
6765,"手を組む","てをくむ",""
6766,"三本","さんぼん",""
6767,"手順","てじゅん",""
6768,"意味不明","いみふめい",""
6769,"補う","おぎなう",""
6770,"遠目","とおめ",""
6771,"養う","やしなう",""
6772,"悪口","わるぐち",""
6773,"惨め","みじめ",""
6774,"キレる","キレる",""
6775,"見て回る","みてまわる",""
6776,"場合によって","ばあいによって",""
6777,"二十歳","はたち",""
6778,"揺する","ゆする",""
6779,"迎え入れる","むかえいれる",""
6780,"命を落とす","いのちをおとす",""
6781,"朝日","あさひ",""
6782,"こうなると","こうなると",""
6783,"ちゃう","ちゃう",""
6784,"源","みなもと",""
6785,"ばい","ばい",""
6786,"割","わり","わり; 割り"
6787,"口ぶり","くちぶり",""
6788,"良くなる","よくなる",""
6789,"ガス","ガス","瓦斯"
6790,"潰す","つぶす","つぶす"
6791,"積もる","つもる",""
6792,"やかましい","やかましい","八釜しい; 喧しい"
6793,"歯を食いしばる","はをくいしばる",""
6794,"下に","しもに",""
6795,"引き出し","ひきだし",""
6796,"おかわり","おかわり","お代り; お代わり; お替り; お替わり; 御代り; 御代わり"
6797,"そんなわけで","そんなわけで","そんな訳で"
6798,"呆れる","あきれる","あきれる"
6799,"本当","ほんとう","ほんとう; 本當"
6800,"よって","よって","仍て; 依って; 依て"
6801,"前","ぜん",""
6802,"空","から",""
6803,"平均","へいきん",""
6804,"引き戻す","ひきもどす",""
6805,"首都","しゅと",""
6806,"揺れ","ゆれ",""
6807,"人手","ひとで",""
6808,"ばっちり","ばっちり",""
6809,"工事","こうじ",""
6810,"どうしたって","どうしたって",""
6811,"一月","いちがつ",""
6812,"早","はや",""
6813,"五つ","いつつ",""
6814,"アルバイト","アルバイト",""
6815,"軽々","かるがる",""
6816,"予想以上","よそういじょう",""
6817,"じわじわ","じわじわ",""
6818,"期","き",""
6819,"団体","だんたい",""
6820,"上では","うえでは",""
6821,"大臣","だいじん",""
6822,"襟","えり",""
6823,"永久","えいきゅう",""
6824,"脅迫","きょうはく",""
6825,"何でもいい","なんでもいい",""
6826,"仲が良い","なかがよい",""
6827,"出場","しゅつじょう",""
6828,"潮","しお",""
6829,"連れ去る","つれさる",""
6830,"造り","つくり",""
6831,"収入","しゅうにゅう",""
6832,"退ける","しりぞける",""
6833,"音もなく","おともなく",""
6834,"沢","さわ",""
6835,"途絶える","とだえる",""
6836,"座席","ざせき",""
6837,"憂鬱","ゆううつ",""
6838,"呼び寄せる","よびよせる",""
6839,"行事","ぎょうじ",""
6840,"見習う","みならう",""
6841,"土曜日","どようび",""
6842,"限りない","かぎりない",""
6843,"嘲笑","ちょうしょう",""
6844,"果実","かじつ",""
6845,"タイム","タイム",""
6846,"持ち合わせる","もちあわせる",""
6847,"余韻","よいん",""
6848,"務め","つとめ",""
6849,"全体的","ぜんたいてき",""
6850,"快適","かいてき",""
6851,"数多く","かずおおく",""
6852,"緩やか","ゆるやか",""
6853,"敗れる","やぶれる",""
6854,"一心","いっしん",""
6855,"成人","せいじん",""
6856,"お付き合い","おつきあい",""
6857,"委員会","いいんかい",""
6858,"相違","そうい",""
6859,"一昨日","おととい",""
6860,"昭和","しょうわ",""
6861,"当事者","とうじしゃ",""
6862,"高","たか","たか"
6863,"とことん","とことん",""
6864,"楽器","がっき",""
6865,"交際","こうさい",""
6866,"勝","しょう",""
6867,"尊い","とうとい",""
6868,"身を守る","みをまもる",""
6869,"変わりない","かわりない",""
6870,"過酷","かこく",""
6871,"バタバタ","バタバタ",""
6872,"絵画","かいが",""
6873,"引っ込める","ひっこめる",""
6874,"正当","せいとう",""
6875,"熱気","ねっき",""
6876,"包み","つつみ",""
6877,"確証","かくしょう",""
6878,"経由","けいゆ",""
6879,"一転","いってん",""
6880,"に加えて","にくわえて",""
6881,"全開","ぜんかい",""
6882,"突き進む","つきすすむ",""
6883,"嫌味","いやみ",""
6884,"手出し","てだし",""
6885,"悪戯","いたずら","いたずら"
6886,"さぞ","さぞ","嘸"
6887,"でっかい","でっかい",""
6888,"うなだれる","うなだれる","うな垂れる; 項垂れる"
6889,"真似","まね","まね"
6890,"いい加減","いいかげん","いいかげん; 好い加減; 好加減"
6891,"遅く","おそく",""
6892,"さらさら","さらさら","更々; 更更"
6893,"ワクワク","ワクワク",""
6894,"一人一人","ひとりひとり",""
6895,"たりとも","たりとも","足りとも"
6896,"辿る","たどる","たどる"
6897,"噛む","かむ","かむ; 咬む; 嚙む; 嚼む"
6898,"やしない","やしない",""
6899,"おごる","おごる","傲る; 奢る; 驕る"
6900,"慌ただしい","あわただしい",""
6901,"開く","あく",""
6902,"堪える","たえる",""
6903,"公","おおやけ",""
6904,"血管","けっかん",""
6905,"追求","ついきゅう",""
6906,"賛同","さんどう",""
6907,"秩序","ちつじょ",""
6908,"要因","よういん",""
6909,"自称","じしょう",""
6910,"大学生","だいがくせい",""
6911,"償う","つぐなう",""
6912,"デザート","デザート",""
6913,"聞き覚え","ききおぼえ",""
6914,"嫌になる","いやになる",""
6915,"救急車","きゅうきゅうしゃ",""
6916,"デビュー","デビュー",""
6917,"強気","つよき",""
6918,"悪人","あくにん",""
6919,"通称","つうしょう",""
6920,"拝む","おがむ",""
6921,"屈する","くっする",""
6922,"各自","かくじ",""
6923,"夫妻","ふさい",""
6924,"離れ","はなれ",""
6925,"彩る","いろどる",""
6926,"供給","きょうきゅう",""
6927,"増加","ぞうか",""
6928,"真摯","しんし",""
6929,"聞き流す","ききながす",""
6930,"車内","しゃない",""
6931,"先祖","せんぞ",""
6932,"カバー","カバー",""
6933,"必然","ひつぜん",""
6934,"手を差し伸べる","てをさしのべる",""
6935,"岡","おか",""
6936,"投げ捨てる","なげすてる",""
6937,"ごっこ","ごっこ",""
6938,"無念","むねん",""
6939,"男らしい","おとこらしい",""
6940,"検索","けんさく",""
6941,"妥当","だとう",""
6942,"据える","すえる",""
6943,"解析","かいせき",""
6944,"失態","しったい",""
6945,"制作","せいさく",""
6946,"覚める","さめる",""
6947,"昼寝","ひるね",""
6948,"強","きょう",""
6949,"華麗","かれい",""
6950,"無難","ぶなん",""
6951,"ふらつく","ふらつく",""
6952,"書き込む","かきこむ",""
6953,"しゃがむ","しゃがむ",""
6954,"莫大","ばくだい",""
6955,"没頭","ぼっとう",""
6956,"口走る","くちばしる",""
6957,"腹立たしい","はらだたしい",""
6958,"彼自身","かれじしん",""
6959,"徒歩","とほ",""
6960,"仕上げる","しあげる",""
6961,"政治家","せいじか",""
6962,"見過ごす","みすごす",""
6963,"質問に答える","しつもんにこたえる",""
6964,"実践","じっせん",""
6965,"来月","らいげつ",""
6966,"悲惨","ひさん",""
6967,"耳打ち","みみうち",""
6968,"大阪","おおさか",""
6969,"翻弄","ほんろう",""
6970,"通り越す","とおりこす",""
6971,"帰国","きこく",""
6972,"手応え","てごたえ",""
6973,"手招き","てまねき",""
6974,"深まる","ふかまる",""
6975,"海岸","かいがん",""
6976,"反抗","はんこう",""
6977,"ホーム","ホーム",""
6978,"見込む","みこむ",""
6979,"組み合わせる","くみあわせる",""
6980,"素性","すじょう",""
6981,"面する","めんする",""
6982,"業","ぎょう",""
6983,"変える","かえる","かえる"
6984,"あり得る","ありうる",""
6985,"まんま","まんま",""
6986,"おつもり","おつもり","お積もり; お積り; 御積り"
6987,"分かりやすい","わかりやすい",""
6988,"できる限り","できるかぎり",""
6989,"密か","ひそか","ひそか; 私か; 秘か; 窃か"
6990,"手当て","てあて",""
6991,"しでかす","しでかす","仕出かす; 仕出来す; 為出かす"
6992,"たまえ","たまえ",""
6993,"見込み","みこみ",""
6994,"くわえる","くわえる","咥える; 啣える; 銜える"
6995,"来たる","きたる","きたる; 来る"
6996,"止まる","とまる","とまる; 停まる; 止る; 留まる; 留る; 駐まる"
6997,"ところどころ","ところどころ","所々; 所所"
6998,"方がよい","ほうがよい",""
6999,"いいって言う","いいっていう",""
7000,"大きめ","おおきめ",""
7001,"断つ","たつ","たつ; 絶つ"
7002,"真に","まことに",""
7003,"まれ","まれ","希; 稀"
7004,"時間の問題","じかんのもんだい",""
7005,"この頃","このごろ",""
7006,"一息","ひといき",""
7007,"お世話","おせわ",""
7008,"毎日のように","まいにちのように",""
7009,"補充","ほじゅう",""
7010,"嗚咽","おえつ",""
7011,"来","らい",""
7012,"諭す","さとす",""
7013,"甲斐","かい",""
7014,"敬意","けいい",""
7015,"津","つ",""
7016,"疑念","ぎねん",""
7017,"七十","しちじゅう",""
7018,"善","ぜん",""
7019,"沸く","わく",""
7020,"階級","かいきゅう",""
7021,"合計","ごうけい",""
7022,"数少ない","かずすくない",""
7023,"問い詰める","といつめる",""
7024,"同等","どうとう",""
7025,"闘う","たたかう",""
7026,"観光","かんこう",""
7027,"世界一","せかいいち",""
7028,"奥深い","おくふかい",""
7029,"節","ふし",""
7030,"踊り","おどり",""
7031,"学問","がくもん",""
7032,"生活を送る","せいかつをおくる",""
7033,"抜群","ばつぐん",""
7034,"距離を置く","きょりをおく",""
7035,"下品","げひん",""
7036,"危険性","きけんせい",""
7037,"細長い","ほそながい",""
7038,"定番","ていばん",""
7039,"痕","あと",""
7040,"演説","えんぜつ",""
7041,"指し示す","さししめす",""
7042,"プラン","プラン",""
7043,"四日","よっか",""
7044,"和","わ",""
7045,"退院","たいいん",""
7046,"耳を澄ます","みみをすます",""
7047,"奉仕","ほうし",""
7048,"明らかになる","あきらかになる",""
7049,"出歩く","であるく",""
7050,"コーナー","コーナー",""
7051,"年後","ねんご",""
7052,"更新","こうしん",""
7053,"渋い","しぶい",""
7054,"法則","ほうそく",""
7055,"サイト","サイト",""
7056,"圧迫","あっぱく",""
7057,"足首","あしくび",""
7058,"同い年","おないどし",""
7059,"お風呂に入る","おふろにはいる",""
7060,"束ねる","たばねる",""
7061,"先行","せんこう",""
7062,"じりじり","じりじり",""
7063,"大層","たいそう",""
7064,"見舞う","みまう",""
7065,"執拗","しつよう",""
7066,"補助","ほじょ",""
7067,"後回し","あとまわし",""
7068,"警戒心","けいかいしん",""
7069,"近頃","ちかごろ",""
7070,"息をする","いきをする",""
7071,"匹敵","ひってき",""
7072,"意図的","いとてき",""
7073,"現金","げんきん",""
7074,"労働","ろうどう",""
7075,"浜","はま",""
7076,"抱え込む","かかえこむ",""
7077,"効果的","こうかてき",""
7078,"スムーズ","スムーズ",""
7079,"驚くべき","おどろくべき",""
7080,"持ち歩く","もちあるく",""
7081,"居心地","いごこち",""
7082,"断じて","だんじて",""
7083,"軒","けん",""
7084,"稀","まれ",""
7085,"言葉をかける","ことばをかける",""
7086,"押しかける","おしかける",""
7087,"眩しい","まぶしい","まぶしい"
7088,"離れる","はなれる","はなれる"
7089,"なびく","なびく","靡く"
7090,"うまくやる","うまくやる","巧くやる; 旨くやる; 甘くやる"
7091,"大きすぎる","おおきすぎる",""
7092,"ひねる","ひねる","拈る; 捻る; 撚る"
7093,"立ち上る","たちのぼる",""
7094,"かすめる","かすめる","掠める"
7095,"ざわめく","ざわめく","騒めく"
7096,"どん","どん",""
7097,"悔やむ","くやむ",""
7098,"正直なところ","しょうじきなところ",""
7099,"呼びかけ","よびかけ",""
7100,"踏みつける","ふみつける",""
7101,"表","ひょう",""
7102,"その度","そのたび",""
7103,"形態","けいたい",""
7104,"カット","カット",""
7105,"名目","めいもく",""
7106,"学習","がくしゅう",""
7107,"競争","きょうそう",""
7108,"有力","ゆうりょく",""
7109,"口に入る","くちにはいる",""
7110,"頭に浮かぶ","あたまにうかぶ",""
7111,"速やか","すみやか",""
7112,"視察","しさつ",""
7113,"物語る","ものがたる",""
7114,"プライベート","プライベート",""
7115,"往来","おうらい",""
7116,"隔てる","へだてる",""
7117,"弱気","よわき",""
7118,"それ以来","それいらい",""
7119,"巧み","たくみ",""
7120,"観測","かんそく",""
7121,"周","しゅう",""
7122,"こそこそ","こそこそ",""
7123,"窓際","まどぎわ",""
7124,"だけしか","だけしか",""
7125,"前半","ぜんはん",""
7126,"報う","むくう",""
7127,"目で追う","めでおう",""
7128,"拝見","はいけん",""
7129,"応用","おうよう",""
7130,"見当","けんとう",""
7131,"現時点","げんじてん",""
7132,"長時間","ちょうじかん",""
7133,"考え直す","かんがえなおす",""
7134,"借り","かり",""
7135,"関節","かんせつ",""
7136,"血を流す","ちをながす",""
7137,"死後","しご",""
7138,"週末","しゅうまつ",""
7139,"言ったって","いったって",""
7140,"人前で","ひとまえで",""
7141,"しばらくすると","しばらくすると","暫くすると"
7142,"腕前","うでまえ",""
7143,"休息","きゅうそく",""
7144,"製造","せいぞう",""
7145,"追いやる","おいやる",""
7146,"乗り切る","のりきる",""
7147,"それ自体","それじたい",""
7148,"集中力","しゅうちゅうりょく",""
7149,"募集","ぼしゅう",""
7150,"リラックス","リラックス",""
7151,"絶好","ぜっこう",""
7152,"勝る","まさる",""
7153,"論","ろん",""
7154,"不服","ふふく",""
7155,"一日中","いちにちじゅう",""
7156,"百年","ひゃくねん",""
7157,"何時","なんじ",""
7158,"検証","けんしょう",""
7159,"現役","げんえき",""
7160,"警察官","けいさつかん",""
7161,"心なしか","こころなしか",""
7162,"豪快","ごうかい",""
7163,"葛藤","かっとう",""
7164,"因縁","いんねん",""
7165,"苦悩","くのう",""
7166,"花が咲く","はながさく",""
7167,"心情","しんじょう",""
7168,"容疑者","ようぎしゃ",""
7169,"身勝手","みがって",""
7170,"自在","じざい",""
7171,"見受ける","みうける",""
7172,"正気","せいき",""
7173,"休暇","きゅうか",""
7174,"必須","ひっす",""
7175,"治安","ちあん",""
7176,"祝い","いわい",""
7177,"失せる","うせる",""
7178,"寝床","ねどこ",""
7179,"好きなように","すきなように",""
7180,"らな","らな",""
7181,"参加","さんか","さんか"
7182,"飲む","のむ","のむ; 呑む; 飮む"
7183,"年月","としつき",""
7184,"寝ぼける","ねぼける",""
7185,"眠りにつく","ねむりにつく",""
7186,"ありとあらゆる","ありとあらゆる","有りとあらゆる; 有りと有らゆる"
7187,"のめる","のめる",""
7188,"がん","がん","癌"
7189,"ご案内","ごあんない",""
7190,"気がつくと","きがつくと",""
7191,"ちっちゃい","ちっちゃい","小っちゃい"
7192,"どういたしまして","どういたしまして","どう致しまして; 如何致しまして"
7193,"蘇る","よみがえる","よみがえる; 甦える; 甦る; 蘇える"
7194,"成り行き","なりゆき",""
7195,"ずーっと","ずーっと",""
7196,"遅れる","おくれる","おくれる; 後れる"
7197,"食いつく","くいつく",""
7198,"ほのか","ほのか","仄か; 側か"
7199,"押しのける","おしのける",""
7200,"電話をかける","でんわをかける",""
7201,"うち","うち","家"
7202,"反響","はんきょう",""
7203,"一台","いちだい",""
7204,"に取って","にとって",""
7205,"健全","けんぜん",""
7206,"お越し","おこし",""
7207,"弱","じゃく",""
7208,"詐欺","さぎ",""
7209,"人通り","ひとどおり",""
7210,"拗ねる","すねる","すねる"
7211,"好都合","こうつごう",""
7212,"笑い出す","わらいだす",""
7213,"高貴","こうき",""
7214,"賞","しょう",""
7215,"広める","ひろめる",""
7216,"見合う","みあう",""
7217,"権威","けんい",""
7218,"降参","こうさん",""
7219,"知人","ちじん",""
7220,"定義","ていぎ",""
7221,"お知らせ","おしらせ",""
7222,"早急","そうきゅう",""
7223,"半端","はんぱ",""
7224,"高らか","たからか",""
7225,"遮断","しゃだん",""
7226,"おやおや","おやおや",""
7227,"報道","ほうどう",""
7228,"意向","いこう",""
7229,"待ち","まち",""
7230,"召し上がる","めしあがる",""
7231,"揺る","ゆる",""
7232,"思い描く","おもいえがく",""
7233,"自信満々","じしんまんまん",""
7234,"群がる","むらがる",""
7235,"革命","かくめい",""
7236,"生存","せいぞん",""
7237,"呼ばわり","よばわり",""
7238,"あとから","あとから","後から"
7239,"好ましい","このましい",""
7240,"拍子抜け","ひょうしぬけ",""
7241,"行列","ぎょうれつ",""
7242,"無料","むりょう",""
7243,"日曜","にちよう",""
7244,"に反して","にはんして",""
7245,"支障","ししょう",""
7246,"芽生える","めばえる",""
7247,"犠牲者","ぎせいしゃ",""
7248,"大小","だいしょう",""
7249,"凝る","こる",""
7250,"でよ","でよ",""
7251,"自分勝手","じぶんかって",""
7252,"動向","どうこう",""
7253,"明らかにする","あきらかにする",""
7254,"週間","しゅうかん",""
7255,"暁","あかつき",""
7256,"片付く","かたづく",""
7257,"気安い","きやすい",""
7258,"害","がい",""
7259,"孤立","こりつ",""
7260,"探し出す","さがしだす",""
7261,"お連れ","おつれ",""
7262,"公表","こうひょう",""
7263,"逃げ場","にげば",""
7264,"背伸び","せのび",""
7265,"本能的","ほんのうてき",""
7266,"万能","ばんのう",""
7267,"ゆらゆら","ゆらゆら","揺ら揺ら"
7268,"犠牲になる","ぎせいになる",""
7269,"積み重ねる","つみかさねる",""
7270,"品物","しなもの",""
7271,"疑わしい","うたがわしい",""
7272,"朝早く","あさはやく",""
7273,"くっきり","くっきり",""
7274,"いたって","いたって","至って"
7275,"リード","リード",""
7276,"一人前","いちにんまえ",""
7277,"研究者","けんきゅうしゃ",""
7278,"初耳","はつみみ",""
7279,"社会的","しゃかいてき",""
7280,"涙が出る","なみだがでる",""
7281,"蓄積","ちくせき",""
7282,"外国人","がいこくじん",""
7283,"仕事中","しごとちゅう",""
7284,"直","じき",""
7285,"いつにない","いつにない","何時にない; 何時に無い"
7286,"つながり","つながり","繋がり"
7287,"ちと","ちと",""
7288,"荒らす","あらす",""
7289,"目をつける","めをつける",""
7290,"ひっくり返る","ひっくりかえる",""
7291,"良いこと","よいこと",""
7292,"お供","おとも",""
7293,"すぐそば","すぐそば","すぐ側; 直ぐそば; 直ぐ側"
7294,"あっけない","あっけない","呆気ない"
7295,"までも","までも",""
7296,"使う","つかう","つかう; 遣う"
7297,"引き込む","ひきこむ",""
7298,"決着をつける","けっちゃくをつける",""
7299,"長いこと","ながいこと",""
7300,"嫌がる","いやがる","いやがる; 厭がる"
7301,"いやいや","いやいや","厭々; 厭厭; 嫌々; 嫌嫌"
7302,"足る","たる","たる"
7303,"云々","うんぬん",""
7304,"作者","さくしゃ",""
7305,"手を入れる","てをいれる",""
7306,"猶予","ゆうよ",""
7307,"荒々しい","あらあらしい",""
7308,"元通り","もとどおり",""
7309,"白状","はくじょう",""
7310,"生々しい","なまなましい",""
7311,"飛び交う","とびかう",""
7312,"所持","しょじ",""
7313,"援助","えんじょ",""
7314,"断定","だんてい",""
7315,"差別","さべつ",""
7316,"事項","じこう",""
7317,"第三者","だいさんしゃ",""
7318,"欠く","かく",""
7319,"選挙","せんきょ",""
7320,"沿い","ぞい",""
7321,"律儀","りちぎ",""
7322,"計","けい",""
7323,"危","き",""
7324,"中心とする","ちゅうしんとする",""
7325,"アウト","アウト",""
7326,"成分","せいぶん",""
7327,"有名人","ゆうめいじん",""
7328,"極力","きょくりょく",""
7329,"心理","しんり",""
7330,"惑わす","まどわす",""
7331,"囲う","かこう",""
7332,"人間関係","にんげんかんけい",""
7333,"採る","とる",""
7334,"慰め","なぐさめ",""
7335,"すっぽり","すっぽり",""
7336,"収まる","おさまる","おさまる; 納まる"
7337,"切り上げる","きりあげる",""
7338,"主な","おもな",""
7339,"恩人","おんじん",""
7340,"思い知らす","おもいしらす",""
7341,"建築","けんちく",""
7342,"隠し事","かくしごと",""
7343,"話題になる","わだいになる",""
7344,"畳む","たたむ",""
7345,"出張","しゅっちょう",""
7346,"ずる","ずる","狡"
7347,"駆使","くし",""
7348,"連なる","つらなる",""
7349,"読み","よみ",""
7350,"後ろめたい","うしろめたい",""
7351,"独身","どくしん",""
7352,"痛々しい","いたいたしい",""
7353,"住居","じゅうきょ",""
7354,"うろうろ","うろうろ",""
7355,"水分","すいぶん",""
7356,"短時間","たんじかん",""
7357,"焦点","しょうてん",""
7358,"原理","げんり",""
7359,"仮定","かてい",""
7360,"放題","ほうだい",""
7361,"衰える","おとろえる",""
7362,"延長","えんちょう",""
7363,"切り取る","きりとる",""
7364,"突き放す","つきはなす",""
7365,"せねば","せねば",""
7366,"しなやか","しなやか","嫋か; 靭やか"
7367,"言い合う","いいあう",""
7368,"身を引く","みをひく",""
7369,"当","とう",""
7370,"割合","わりあい",""
7371,"手を合わせる","てをあわせる",""
7372,"破棄","はき",""
7373,"来客","らいきゃく",""
7374,"両側","りょうがわ",""
7375,"記述","きじゅつ",""
7376,"見解","けんかい",""
7377,"合","ごう",""
7378,"席に着く","せきにつく",""
7379,"初めは","はじめは",""
7380,"罵倒","ばとう",""
7381,"を回って","をめぐって",""
7382,"適する","てきする",""
7383,"仲がいい","なかがいい",""
7384,"持ちかける","もちかける",""
7385,"ごちそうさま","ごちそうさま","ご馳走さま; ご馳走様; 御馳走様"
7386,"死ぬほど","しぬほど",""
7387,"お出かけ","おでかけ",""
7388,"ためになる","ためになる","為になる; 為に成る"
7389,"真に","まことに","まことに; 寔に; 洵に; 誠に"
7390,"いいかい","いいかい",""
7391,"第１","だいいち",""
7392,"かじる","かじる","噛る; 囓る; 齧る"
7393,"のしかかる","のしかかる","のし掛かる; 伸し掛かる; 伸し掛る; 圧し掛かる"
7394,"立ち入る","たちいる",""
7395,"聞きつける","ききつける",""
7396,"お使い","おつかい",""
7397,"張る","はる","はる; 貼る"
7398,"そうかい","そうかい","爽快"
7399,"取り巻く","とりまく",""
7400,"納得がいく","なっとくがいく",""
7401,"入る","いる",""
7402,"的","まと",""
7403,"当たり","あたり","あたり; 中たり; 中り; 当り"
7404,"笑","わら",""
7405,"しんどい","しんどい",""
7406,"関与","かんよ",""
7407,"謙遜","けんそん",""
7408,"当面","とうめん",""
7409,"ぐっすり","ぐっすり",""
7410,"足す","たす",""
7411,"交わる","まじわる",""
7412,"案じる","あんじる",""
7413,"寝不足","ねぶそく",""
7414,"看病","かんびょう",""
7415,"自動的","じどうてき",""
7416,"危機感","ききかん",""
7417,"間柄","あいだがら",""
7418,"偽る","いつわる",""
7419,"すべ","すべ","術"
7420,"分類","ぶんるい",""
7421,"特権","とっけん",""
7422,"委ねる","ゆだねる",""
7423,"規則","きそく",""
7424,"岸","きし",""
7425,"定まる","さだまる",""
7426,"推す","おす",""
7427,"連れ戻す","つれもどす",""
7428,"少数","しょうすう",""
7429,"生前","せいぜん",""
7430,"寝起き","ねおき",""
7431,"次から次へと","つぎからつぎへと",""
7432,"開き直る","ひらきなおる",""
7433,"恩恵","おんけい",""
7434,"返し","かえし",""
7435,"焦げる","こげる",""
7436,"空になる","からになる",""
7437,"付き添う","つきそう",""
7438,"支え","ささえ",""
7439,"規定","きてい",""
7440,"競う","きそう",""
7441,"どっと","どっと",""
7442,"過ち","あやまち",""
7443,"引き換え","ひきかえ",""
7444,"そそくさ","そそくさ",""
7445,"格闘","かくとう",""
7446,"捕まえる","つかまえる","つかまえる; 捉まえる; 掴まえる"
7447,"思いがけない","おもいがけない",""
7448,"脅し","おどし",""
7449,"異論","いろん",""
7450,"記載","きさい",""
7451,"清潔","せいけつ",""
7452,"占領","せんりょう",""
7453,"ポジション","ポジション",""
7454,"勤務","きんむ",""
7455,"晴らす","はらす",""
7456,"大部分","だいぶぶん",""
7457,"損ねる","そこねる",""
7458,"うんと","うんと",""
7459,"徹する","てっする",""
7460,"就く","つく",""
7461,"正真正銘","しょうしんしょうめい",""
7462,"こだわり","こだわり",""
7463,"予告","よこく",""
7464,"重苦しい","おもくるしい",""
7465,"鼻歌","はなうた",""
7466,"がかる","がかる",""
7467,"見入る","みいる",""
7468,"著しい","いちじるしい",""
7469,"北海道","ほっかいどう",""
7470,"頂上","ちょうじょう",""
7471,"踏まえる","ふまえる",""
7472,"力を合わせる","ちからをあわせる",""
7473,"入れ替える","いれかえる",""
7474,"臨時","りんじ",""
7475,"直接的","ちょくせつてき",""
7476,"見とれる","みとれる",""
7477,"強がる","つよがる",""
7478,"借りる","かりる","かりる"
7479,"たくましい","たくましい","逞しい"
7480,"よりによって","よりによって","選りによって; 選りに選って"
7481,"飛ぶ","とぶ","とぶ; 翔ぶ; 跳ぶ"
7482,"どちらかというと","どちらかというと","どちらかと言うと"
7483,"ちょうどよい","ちょうどよい","丁度よい"
7484,"ロシア","ロシア","露西亜; 魯西亜"
7485,"のんき","のんき","のん気; 呑気; 暖気; 暢気"
7486,"仕掛ける","しかける","しかける; し掛ける; 仕かける"
7487,"そのうちに","そのうちに","その内に"
7488,"花","はな","はな; 華"
7489,"あげく","あげく","挙げ句; 挙句; 揚げ句; 揚句"
7490,"せいにする","せいにする","所為にする"
7491,"がかり","がかり","掛かり; 掛り"
7492,"ひく","ひく","轢く"
7493,"をおいて","をおいて","を措いて"
7494,"打ち消す","うちけす",""
7495,"揺る","ゆる","ゆる; 汰る"
7496,"すくう","すくう","掬う"
7497,"仕方のない","しかたのない",""
7498,"申し込む","もうしこむ",""
7499,"一息つく","ひといきつく",""
7500,"汗をかく","あせをかく",""
7501,"家","や",""
7502,"色","しょく",""
7503,"会う","あう","あう; 逢う; 遇う; 遭う"
7504,"葬る","ほうむる",""
7505,"物足りない","ものたりない",""
7506,"気を取られる","きをとられる",""
7507,"この通り","このとおり",""
7508,"憂い","うれい",""
7509,"影響力","えいきょうりょく",""
7510,"顔見知り","かおみしり",""
7511,"強固","きょうこ",""
7512,"ついて来る","ついてくる",""
7513,"お伺い","おうかがい",""
7514,"背が高い","せがたかい",""
7515,"年代","ねんだい",""
7516,"参考","さんこう",""
7517,"口を出す","くちをだす",""
7518,"閉鎖","へいさ",""
7519,"認定","にんてい",""
7520,"公平","こうへい",""
7521,"やり過ごす","やりすごす",""
7522,"政治的","せいじてき",""
7523,"アルコール","アルコール",""
7524,"明","めい",""
7525,"写真を撮る","しゃしんをとる",""
7526,"項目","こうもく",""
7527,"年生","ねんせい",""
7528,"図星","ずぼし",""
7529,"活気","かっき",""
7530,"辛抱","しんぼう",""
7531,"見破る","みやぶる",""
7532,"潔い","いさぎよい",""
7533,"細か","こまか",""
7534,"今週","こんしゅう",""
7535,"事柄","ことがら",""
7536,"迅速","じんそく",""
7537,"代金","だいきん",""
7538,"価格","かかく",""
7539,"無性に","むしょうに",""
7540,"連れ込む","つれこむ",""
7541,"直ちに","ただちに",""
7542,"言葉遣い","ことばづかい",""
7543,"盛ん","さかん",""
7544,"単独","たんどく",""
7545,"合理的","ごうりてき",""
7546,"判定","はんてい",""
7547,"人より","ひとより",""
7548,"旨","むね",""
7549,"詮索","せんさく",""
7550,"念を押す","ねんをおす",""
7551,"片っ端から","かたっぱしから",""
7552,"妥協","だきょう",""
7553,"溶け込む","とけこむ",""
7554,"所在","しょざい",""
7555,"数年前","すうねんまえ",""
7556,"安易","あんい",""
7557,"遂行","すいこう",""
7558,"汲む","くむ",""
7559,"電源","でんげん",""
7560,"店舗","てんぽ",""
7561,"責任を取る","せきにんをとる",""
7562,"持て余す","もてあます",""
7563,"かん","かん","完"
7564,"安","やす",""
7565,"食い止める","くいとめる",""
7566,"生死","せいし",""
7567,"恋しい","こいしい",""
7568,"素質","そしつ",""
7569,"育ち","そだち",""
7570,"市内","しない",""
7571,"延びる","のびる",""
7572,"甲斐がある","かいがある",""
7573,"溝","みぞ",""
7574,"誠意","せいい",""
7575,"言い張る","いいはる",""
7576,"克服","こくふく",""
7577,"積む","つむ","つむ"
7578,"ある種","あるしゅ",""
7579,"休める","やすめる",""
7580,"にわたって","にわたって","に亘って; に渡って"
7581,"くら","くら","倉; 庫; 蔵"
7582,"他にも","ほかにも","ほかにも"
7583,"あたかも","あたかも","宛も; 恰も"
7584,"近いうちに","ちかいうちに",""
7585,"塞ぐ","ふさぐ","ふさぐ"
7586,"関わる","かかわる","かかわる; 係る; 係わる; 拘る; 拘わる; 関る"
7587,"またまた","またまた","又々; 又又; 復々"
7588,"売り上げ","うりあげ",""
7589,"３時","さんじ",""
7590,"させていただく","させていただく","させて頂く"
7591,"しまい","しまい","仕舞; 仕舞い; 終い"
7592,"たやすい","たやすい","た易い; 容易い"
7593,"と言ってもいい","といってもいい",""
7594,"実際のところ","じっさいのところ",""
7595,"挨拶","あいさつ","あいさつ"
7596,"色とりどり","いろとりどり",""
7597,"つぶる","つぶる","瞑る"
7598,"わけにはいきません","わけにはいきません","訳にはいきません"
7599,"道のり","みちのり",""
7600,"寝る","ねる","ねる; 寐る"
7601,"そう","そう","沿う"
7602,"移行","いこう",""
7603,"手先","てさき",""
7604,"大手","おおて",""
7605,"見送り","みおくり",""
7606,"それはそれは","それはそれは",""
7607,"賢明","けんめい",""
7608,"健在","けんざい",""
7609,"ことにより","ことにより","事により"
7610,"この目で","このめで",""
7611,"面識","めんしき",""
7612,"乾燥","かんそう",""
7613,"片足","かたあし",""
7614,"冴える","さえる",""
7615,"適度","てきど",""
7616,"必然的","ひつぜんてき",""
7617,"心の準備","こころのじゅんび",""
7618,"承認","しょうにん",""
7619,"端から","はしから",""
7620,"古びる","ふるびる",""
7621,"気分が悪い","きぶんがわるい",""
7622,"最小限","さいしょうげん",""
7623,"まいか","まいか",""
7624,"同席","どうせき",""
7625,"安らか","やすらか",""
7626,"娯楽","ごらく",""
7627,"大統領","だいとうりょう",""
7628,"読み上げる","よみあげる",""
7629,"まんまと","まんまと",""
7630,"何千","なんぜん",""
7631,"談笑","だんしょう",""
7632,"仕返し","しかえし",""
7633,"毎度","まいど",""
7634,"取り合う","とりあう",""
7635,"子孫","しそん",""
7636,"弱まる","よわまる",""
7637,"お見通し","おみとおし",""
7638,"旅に出る","たびにでる",""
7639,"盛り上げる","もりあげる",""
7640,"思い通り","おもいどおり",""
7641,"腹を立てる","はらをたてる",""
7642,"ごゆっくり","ごゆっくり",""
7643,"運用","うんよう",""
7644,"簡潔","かんけつ",""
7645,"満つ","みつ",""
7646,"もち","もち","餅; 餠"
7647,"絶つ","たつ",""
7648,"追い返す","おいかえす",""
7649,"一様","いちよう",""
7650,"改良","かいりょう",""
7651,"ベース","ベース",""
7652,"間際","まぎわ",""
7653,"限度","げんど",""
7654,"何か用","なんかよう",""
7655,"退散","たいさん",""
7656,"多大","ただい",""
7657,"とどめる","とどめる","止める; 留める"
7658,"発覚","はっかく",""
7659,"空想","くうそう",""
7660,"泊める","とめる",""
7661,"語り合う","かたりあう",""
7662,"手っ取り早い","てっとりばやい",""
7663,"ガタガタ","ガタガタ",""
7664,"懲りる","こりる",""
7665,"自負","じふ",""
7666,"どうやったら","どうやったら",""
7667,"お世辞","おせじ",""
7668,"形跡","けいせき",""
7669,"依存","いぞん",""
7670,"割く","さく",""
7671,"確立","かくりつ",""
7672,"充満","じゅうまん",""
7673,"言い過ぎる","いいすぎる",""
7674,"接点","せってん",""
7675,"入れ","いれ",""
7676,"この上","このうえ",""
7677,"数千","すうせん",""
7678,"業界","ぎょうかい",""
7679,"素朴","そぼく",""
7680,"絶大","ぜつだい",""
7681,"勇敢","ゆうかん",""
7682,"その下に","そのしたに",""
7683,"味がする","あじがする",""
7684,"乗り気","のりき",""
7685,"際","さい","さい"
7686,"おかげさまで","おかげさまで","おかげ様で; お蔭様で; お陰さまで; お陰様で; 御蔭様で; 御陰様で"
7687,"自分のために","じぶんのために",""
7688,"細かいこと","こまかいこと",""
7689,"３","さん",""
7690,"早く","はやく",""
7691,"話し声","はなしごえ",""
7692,"そうとも","そうとも","然うとも"
7693,"想像がつく","そうぞうがつく",""
7694,"次に","つぎに",""
7695,"まったい","まったい","全い"
7696,"貸す","かす","かす; 藉す"
7697,"３回","さんかい",""
7698,"変わる","かわる","かわる; 変る"
7699,"踏みにじる","ふみにじる",""
7700,"思いつき","おもいつき",""
7701,"石","こく",""
7702,"対","つい",""
7703,"悪気","わるぎ",""
7704,"同一","どういつ",""
7705,"反映","はんえい",""
7706,"注意深い","ちゅういぶかい",""
7707,"隅々","すみずみ",""
7708,"中間","ちゅうかん",""
7709,"解明","かいめい",""
7710,"中学校","ちゅうがっこう",""
7711,"出産","しゅっさん",""
7712,"サッカー","サッカー",""
7713,"押し上げる","おしあげる",""
7714,"郊外","こうがい",""
7715,"親族","しんぞく",""
7716,"弁解","べんかい",""
7717,"不運","ふうん",""
7718,"何時間","なんじかん",""
7719,"審査","しんさ",""
7720,"怖い顔","こわいかお",""
7721,"強まる","つよまる",""
7722,"取り入れる","とりいれる",""
7723,"株","かぶ",""
7724,"実質","じっしつ",""
7725,"小石","こいし",""
7726,"誠に","まことに",""
7727,"臭","しゅう",""
7728,"無知","むち",""
7729,"人柄","ひとがら",""
7730,"見苦しい","みぐるしい",""
7731,"名称","めいしょう",""
7732,"漢字","かんじ",""
7733,"次ぐ","つぐ",""
7734,"印刷","いんさつ",""
7735,"活発","かっぱつ",""
7736,"沿う","そう",""
7737,"発明","はつめい",""
7738,"苦","く",""
7739,"参考になる","さんこうになる",""
7740,"制","せい",""
7741,"過激","かげき",""
7742,"っぱ","っぱ",""
7743,"職務","しょくむ",""
7744,"会合","かいごう",""
7745,"暮れる","くれる",""
7746,"番目","ばんめ",""
7747,"表明","ひょうめい",""
7748,"無口","むくち",""
7749,"喜ばしい","よろこばしい",""
7750,"センター","センター",""
7751,"数回","すうかい",""
7752,"念入り","ねんいり",""
7753,"だるい","だるい","怠い; 懈い"
7754,"消化","しょうか",""
7755,"間隔","かんかく",""
7756,"良好","りょうこう",""
7757,"押し切る","おしきる",""
7758,"全面的","ぜんめんてき",""
7759,"蓄える","たくわえる",""
7760,"何物","なにもの",""
7761,"強要","きょうよう",""
7762,"コミュニケーション","コミュニケーション",""
7763,"日中","にっちゅう",""
7764,"駆る","かる","かる; 駈る"
7765,"愛想","あいそ",""
7766,"視野","しや",""
7767,"産","さん",""
7768,"辞退","じたい",""
7769,"愛す","あいす",""
7770,"意義","いぎ",""
7771,"過ぎ去る","すぎさる",""
7772,"期限","きげん",""
7773,"早まる","はやまる",""
7774,"参考にする","さんこうにする",""
7775,"注意を払う","ちゅういをはらう",""
7776,"範囲内","はんいない",""
7777,"ギャップ","ギャップ",""
7778,"発行","はっこう",""
7779,"食後","しょくご",""
7780,"依然として","いぜんとして",""
7781,"その道","そのみち",""
7782,"か否か","かいなか",""
7783,"主要","しゅよう",""
7784,"し始める","しはじめる",""
7785,"アプローチ","アプローチ",""
7786,"然","ぜん",""
7787,"どころではない","どころではない","処ではない; 所ではない"
7788,"目につく","めにつく",""
7789,"閉じこもる","とじこもる",""
7790,"代わり","かわり","かわり; 代り; 替り; 替わり"
7791,"くの","くの",""
7792,"際に","さいに",""
7793,"身なり","みなり",""
7794,"揃える","そろえる","そろえる"
7795,"うつる","うつる","伝染る"
7796,"振るう","ふるう","ふるう; 振う; 揮う"
7797,"たたえる","たたえる","湛える"
7798,"普段","ふだん","ふだん"
7799,"年ぶり","ねんぶり",""
7800,"そのくせ","そのくせ","その癖; 其の癖"
7801,"行","ぎょう",""
7802,"米","べい",""
7803,"着用","ちゃくよう",""
7804,"前者","ぜんしゃ",""
7805,"待遇","たいぐう",""
7806,"乗客","じょうきゃく",""
7807,"要領","ようりょう",""
7808,"復興","ふっこう",""
7809,"日課","にっか",""
7810,"ステップ","ステップ",""
7811,"色彩","しきさい",""
7812,"需要","じゅよう",""
7813,"打ち切る","うちきる",""
7814,"元来","がんらい",""
7815,"衝撃的","しょうげきてき",""
7816,"乗り出す","のりだす",""
7817,"を巡って","をめぐって",""
7818,"写す","うつす",""
7819,"連日","れんじつ",""
7820,"一から","いちから",""
7821,"総合","そうごう",""
7822,"出版","しゅっぱん",""
7823,"無関心","むかんしん",""
7824,"主催","しゅさい",""
7825,"一目見る","ひとめみる",""
7826,"自分一人","じぶんひとり",""
7827,"打","だ",""
7828,"葬式","そうしき",""
7829,"肉体的","にくたいてき",""
7830,"につれ","につれ","に連れ"
7831,"仕立てる","したてる",""
7832,"糧","かて",""
7833,"乱れ","みだれ",""
7834,"署名","しょめい",""
7835,"就任","しゅうにん",""
7836,"見通し","みとおし",""
7837,"縮まる","ちぢまる",""
7838,"見通す","みとおす",""
7839,"順","じゅん",""
7840,"どうしてる","どうしてる",""
7841,"夜が明ける","よがあける",""
7842,"呼び名","よびな",""
7843,"一軒","いっけん",""
7844,"破綻","はたん",""
7845,"長生き","ながいき",""
7846,"洗練","せんれん",""
7847,"同居","どうきょ",""
7848,"終始","しゅうし",""
7849,"そうでない","そうでない",""
7850,"経歴","けいれき",""
7851,"和らぐ","やわらぐ",""
7852,"料金","りょうきん",""
7853,"減少","げんしょう",""
7854,"立ち上げる","たちあげる",""
7855,"対話","たいわ",""
7856,"備わる","そなわる",""
7857,"オープン","オープン",""
7858,"路上","ろじょう",""
7859,"際立つ","きわだつ",""
7860,"分間","ふんかん",""
7861,"故障","こしょう",""
7862,"投資","とうし",""
7863,"安心感","あんしんかん",""
7864,"感情的","かんじょうてき",""
7865,"共同","きょうどう",""
7866,"良心","りょうしん",""
7867,"組み立てる","くみたてる",""
7868,"日間","ひあい",""
7869,"古くから","ふるくから",""
7870,"関東","かんとう",""
7871,"発売","はつばい",""
7872,"夜遅く","よるおそく",""
7873,"悪者","わるもの",""
7874,"金銭","きんせん",""
7875,"災害","さいがい",""
7876,"敷く","しく","しく; 布く"
7877,"まく","まく","撒く"
7878,"一端","いったん",""
7879,"困ったこと","こまったこと",""
7880,"損なう","そこなう",""
7881,"すます","すます","清ます; 澄ます"
7882,"わきまえる","わきまえる","弁える; 辨える"
7883,"滅多に","めったに","めったに"
7884,"結びつく","むすびつく",""
7885,"裏","うら","うら"
7886,"結びつける","むすびつける",""
7887,"見当がつく","けんとうがつく",""
7888,"にあたり","にあたり","に当たり"
7889,"支払い","しはらい",""
7890,"かぶせる","かぶせる","被せる"
7891,"ありのまま","ありのまま","有りのまま"
7892,"怪我","けが","けが"
7893,"手をつける","てをつける",""
7894,"あおる","あおる","呷る"
7895,"早すぎる","はやすぎる",""
7896,"ばかりか","ばかりか","許りか"
7897,"立ち会う","たちあう",""
7898,"顧みる","かえりみる",""
7899,"このところ","このところ","この所; 此の所"
7900,"仕方","しかた","しかた"
7901,"次","じ",""
7902,"各","おのおの",""
7903,"中にも","なかにも",""
7904,"不都合","ふつごう",""
7905,"短期間","たんきかん",""
7906,"気がある","きがある",""
7907,"世話をする","せわをする",""
7908,"撤回","てっかい",""
7909,"半数","はんすう",""
7910,"方向性","ほうこうせい",""
7911,"後押し","あとおし",""
7912,"断固","だんこ",""
7913,"収集","しゅうしゅう",""
7914,"平日","へいじつ",""
7915,"軽快","けいかい",""
7916,"実物","じつぶつ",""
7917,"想像力","そうぞうりょく",""
7918,"理想的","りそうてき",""
7919,"思う存分","おもうぞんぶん",""
7920,"軸","じく",""
7921,"痛感","つうかん",""
7922,"沖","おき",""
7923,"集","しゅう",""
7924,"改まる","あらたまる",""
7925,"注視","ちゅうし",""
7926,"災難","さいなん",""
7927,"劇的","げきてき",""
7928,"効率的","こうりつてき",""
7929,"遅れ","おくれ",""
7930,"印象的","いんしょうてき",""
7931,"身元","みもと",""
7932,"中心部","ちゅうしんぶ",""
7933,"負","ふ",""
7934,"に当たり","にあたり",""
7935,"政策","せいさく",""
7936,"直面","ちょくめん",""
7937,"初めに","はじめに",""
7938,"料","りょう",""
7939,"偏見","へんけん",""
7940,"歴史的","れきしてき",""
7941,"設立","せつりつ",""
7942,"転じる","てんじる",""
7943,"ならでは","ならでは",""
7944,"格段","かくだん",""
7945,"繁栄","はんえい",""
7946,"人気がある","にんきがある",""
7947,"事実上","じじつじょう",""
7948,"インタビュー","インタビュー",""
7949,"かかわらず","かかわらず",""
7950,"責任を持つ","せきにんをもつ",""
7951,"混雑","こんざつ",""
7952,"面積","めんせき",""
7953,"代える","かえる",""
7954,"調","ちょう",""
7955,"催す","もよおす",""
7956,"導入","どうにゅう",""
7957,"メーカー","メーカー",""
7958,"学生時代","がくせいじだい",""
7959,"南部","なんぶ",""
7960,"不公平","ふこうへい",""
7961,"に限らず","にかぎらず",""
7962,"も一つ","もひとつ",""
7963,"生き生き","いきいき",""
7964,"早める","はやめる",""
7965,"存続","そんぞく",""
7966,"痛める","いためる",""
7967,"このため","このため",""
7968,"と見られる","とみられる",""
7969,"農家","のうか",""
7970,"情勢","じょうせい",""
7971,"意図","いと","いと"
7972,"たびたび","たびたび","度々; 度度"
7973,"枯れる","かれる","かれる"
7974,"今年","ことし","ことし"
7975,"１万","いちまん",""
7976,"蓋","ふた","ふた"
7977,"２週間","にしゅうかん",""
7978,"朝","あさ","あさ"
7979,"インド","インド","印度"
7980,"自ら","みずから","みずから"
7981,"１０日","とおか",""
7982,"ありあり","ありあり","在り在り; 有り有り"
7983,"このように","このように","この様に"
7984,"かけ離れる","かけはなれる",""
7985,"さえない","さえない","冴えない"
7986,"１０時","じゅうじ",""
7987,"慣れる","なれる","なれる; 馴れる"
7988,"みなす","みなす","看做す; 見なす; 見做す"
7989,"５日","いつか",""
7990,"またがる","またがる","股がる; 跨がる; 跨る"
7991,"４年","よねん",""
7992,"囚われる","とらわれる","とらわれる; 捉われる; 捕らわれる; 捕われる"
7993,"急に","きゅうに",""
7994,"心がける","こころがける",""
7995,"はねる","はねる","刎ねる; 撥ねる"
7996,"心身","しんしん",""
7997,"５","ご",""
7998,"４つ","よっつ",""
7999,"見なす","みなす",""
8000,"しのぐ","しのぐ","凌ぐ"
8001,"末","まつ",""
8002,"着","ちゃく",""
8003,"文書","ぶんしょ",""
8004,"尽力","じんりょく",""
8005,"診断","しんだん",""
8006,"交互に","こうごに",""
8007,"日程","にってい",""
8008,"請求","せいきゅう",""
8009,"毎日毎日","まいにちまいにち",""
8010,"浸透","しんとう",""
8011,"省く","はぶく",""
8012,"悩ます","なやます",""
8013,"必要性","ひつようせい",""
8014,"その一方","そのいっぽう",""
8015,"妨げる","さまたげる",""
8016,"便","びん",""
8017,"費","ひ",""
8018,"脱する","だっする",""
8019,"正午","しょうご",""
8020,"典型的","てんけいてき",""
8021,"親しみ","したしみ",""
8022,"容疑","ようぎ",""
8023,"営む","いとなむ",""
8024,"日常生活","にちじょうせいかつ",""
8025,"実質的","じっしつてき",""
8026,"手法","しゅほう",""
8027,"格別","かくべつ",""
8028,"適用","てきよう",""
8029,"着実","ちゃくじつ",""
8030,"順序","じゅんじょ",""
8031,"実態","じったい",""
8032,"いたずら","いたずら","徒; 徒ら"
8033,"全体で","ぜんたいで",""
8034,"改革","かいかく",""
8035,"無条件","むじょうけん",""
8036,"受け付ける","うけつける",""
8037,"付け","つけ",""
8038,"転落","てんらく",""
8039,"措置","そち",""
8040,"歴代","れきだい",""
8041,"毎月","まいつき",""
8042,"富む","とむ",""
8043,"極度","きょくど",""
8044,"戦後","せんご",""
8045,"言い渡す","いいわたす",""
8046,"従来","じゅうらい",""
8047,"試み","こころみ",""
8048,"日常的","にちじょうてき",""
8049,"柔軟","じゅうなん",""
8050,"掲載","けいさい",""
8051,"担当者","たんとうしゃ",""
8052,"世界的","せかいてき",""
8053,"防止","ぼうし",""
8054,"病気になる","びょうきになる",""
8055,"経済的","けいざいてき",""
8056,"横浜","よこはま",""
8057,"自分なり","じぶんなり",""
8058,"発信","はっしん",""
8059,"言及","げんきゅう",""
8060,"県","けん",""
8061,"実施","じっし",""
8062,"近年","きんねん",""
8063,"普及","ふきゅう",""
8064,"原則","げんそく",""
8065,"訴え","うったえ",""
8066,"進出","しんしゅつ",""
8067,"住宅","じゅうたく",""
8068,"携わる","たずさわる",""
8069,"インターネット","インターネット",""
8070,"転換","てんかん",""
8071,"ビジネス","ビジネス",""
8072,"産業","さんぎょう",""
8073,"第一歩","だいいっぽ",""
8074,"自立","じりつ",""
8075,"民間","みんかん",""
8076,"定着","ていちゃく",""
8077,"望ましい","のぞましい",""
8078,"好","こう",""
8079,"長期","ちょうき",""
8080,"不当","ふとう",""
8081,"影響を及ぼす","えいきょうをおよぼす",""
8082,"厳格","げんかく",""
8083,"個別","こべつ",""
8084,"協議","きょうぎ",""
8085,"メディア","メディア",""
8086,"規制","きせい",""
8087,"４時","よじ",""
8088,"５時","ごじ",""
8089,"４月","しがつ",""
8090,"溜める","ためる","ためる"
8091,"当てはまる","あてはまる",""
8092,"８時","はちじ",""
8093,"思いやり","おもいやり",""
8094,"はじめとする","はじめとする","初めとする"
8095,"４日","よっか",""
8096,"ならう","ならう","倣う; 傚う; 慣らう"
8097,"９時","くじ",""
8098,"６時","ろくじ",""
8099,"７時","しちじ",""
8100,"つなげる","つなげる","繋げる; 繫げる"
8101,"合意","ごうい",""
8102,"観点","かんてん",""
8103,"全般","ぜんぱん",""
8104,"教訓","きょうくん",""
8105,"両国","りょうこく",""
8106,"景気","けいき",""
8107,"会見","かいけん",""
8108,"輸入","ゆにゅう",""
8109,"意欲","いよく",""
8110,"余儀なくされる","よぎなくされる",""
8111,"相次ぐ","あいつぐ",""
8112,"役割を果たす","やくわりをはたす",""
8113,"国際","こくさい",""
8114,"緩和","かんわ",""
8115,"不可欠","ふかけつ",""
8116,"先立つ","さきだつ",""
8117,"東京都","とうきょうと",""
8118,"打ち出す","うちだす",""
8119,"幅広い","はばひろい",""
8120,"冒頭","ぼうとう",""
8121,"平成","へいせい",""
8122,"に基づいて","にもとづいて",""
8123,"魔物","まもの",""
8124,"俺達","おれたち",""
8125,"殿下","でんか",""
8126,"婚約者","こんやくしゃ",""
8127,"令嬢","れいじょう",""
8128,"勇者","ゆうしゃ",""
8129,"魔王","まおう",""
8130,"陛下","へいか",""
8131,"スキル","スキル",""
8132,"隊長","たいちょう",""
8133,"魔術","まじゅつ",""
8134,"魔女","まじょ",""
8135,"国王","こくおう",""
8136,"王都","おうと",""
8137,"お姉","おねえ",""
8138,"結界","けっかい",""
8139,"帝国","ていこく",""
8140,"頰","ほお",""
8141,"嬢","じょう",""
8142,"伯爵","はくしゃく",""
8143,"姉さん","ねえさん",""
8144,"精霊","せいれい",""
8145,"スマホ","スマホ",""
8146,"族","ぞく",""
8147,"召喚","しょうかん",""
8148,"王族","おうぞく",""
8149,"使用人","しようにん",""
8150,"おっぱい","おっぱい",""
8151,"公爵","こうしゃく",""
8152,"王女","おうじょ",""
8153,"筈","はず",""
8154,"水着","みずぎ",""
8155,"ウチ","ウチ",""
8156,"父上","ちちうえ",""
8157,"刑事","けいじ",""
8158,"勿論","もちろん",""
8159,"魔法使い","まほうつかい",""
8160,"声を掛ける","こえをかける",""
8161,"兵器","へいき",""
8162,"討伐","とうばつ",""
8163,"エッチ","エッチ",""
8164,"クラスメイト","クラスメイト",""
8165,"将軍","しょうぐん",""
8166,"噓","うそ",""
8167,"妖精","ようせい",""
8168,"ボス","ボス",""
8169,"流石に","さすがに",""
8170,"騎士団","きしだん",""
8171,"種族","しゅぞく",""
8172,"領地","りょうち",""
8173,"属性","ぞくせい",""
8174,"リビング","リビング",""
8175,"寮","りょう",""
8176,"兄様","にいさま",""
8177,"侍女","じじょ",""
8178,"冒険者","ぼうけんしゃ",""
8179,"貴女","きじょ",""
8180,"王宮","おうきゅう",""
8181,"異世界","いせかい",""
8182,"アイテム","アイテム",""
8183,"龍","りゅう",""
8184,"洞窟","どうくつ",""
8185,"ランク","ランク",""
8186,"変身","へんしん",""
8187,"アンタ","アンタ",""
8188,"このうち","このうち","この内"
8189,"身につく","みにつく",""
8190,"じゃねー","じゃねー",""
8191,"基づく","もとづく",""
8192,"オレ","オレ",""
8193,"アイツ","アイツ",""
8194,"ボク","ボク",""
8195,"３月","さんがつ",""
8196,"キミ","キミ",""
8197,"初めに","はじめに","はじめに; 始めに"
8198,"ハァ","ハァ",""
8199,"そなた","そなた",""
8200,"君","きみ","きみ; 公"
8201,"石","せき",""
8202,"モンスター","モンスター",""
8203,"近付く","ちかづく",""
8204,"領","りょう",""
8205,"領主","りょうしゅ",""
8206,"弾丸","だんがん",""
8207,"街道","かいどう",""
8208,"双子","ふたご",""
8209,"嚙む","かむ",""
8210,"王様","おうさま",""
8211,"ドラゴン","ドラゴン",""
8212,"転移","てんい",""
8213,"ギルド","ギルド",""
8214,"当主","とうしゅ",""
8215,"執事","しつじ",""
8216,"魔術師","まじゅつし",""
8217,"○","まる",""
8218,"里","さと",""
8219,"兄ちゃん","にいちゃん",""
8220,"喰らう","くらう",""
8221,"皇帝","こうてい",""
8222,"王家","おうけ",""
8223,"相棒","あいぼう",""
8224,"お前さん","おまえさん",""
8225,"旦那様","だんなさま",""
8226,"狩る","かる",""
8227,"漆黒","しっこく",""
8228,"前世","ぜんせい",""
8229,"摑む","つかむ",""
8230,"ヒロイン","ヒロイン",""
8231,"暗殺","あんさつ",""
8232,"祭","まつり",""
8233,"エレベーター","エレベーター",""
8234,"お嬢","おじょう",""
8235,"団長","だんちょう",""
8236,"呻く","うめく",""
8237,"飛行","ひこう",""
8238,"店長","てんちょう",""
8239,"王妃","おうひ",""
8240,"生徒会","せいとかい",""
8241,"聖女","せいじょ",""
8242,"神殿","しんでん",""
8243,"呟き","つぶやき",""
8244,"強張る","こわばる",""
8245,"姉ちゃん","ねえちゃん",""
8246,"マント","マント",""
8247,"巨体","きょたい",""
8248,"プレイ","プレイ",""
8249,"声音","せいおん",""
8250,"股間","こかん",""
8251,"鞘","さや",""
8252,"平民","へいみん",""
8253,"クッキー","クッキー",""
8254,"何処","どこ",""
8255,"エリア","エリア",""
8256,"討つ","うつ",""
8257,"厨房","ちゅうぼう",""
8258,"叩き込む","たたきこむ",""
8259,"村人","むらびと",""
8260,"つーか","つーか",""
8261,"云う","いう",""
8262,"弾く","はじく",""
8263,"足下","あしもと",""
8264,"侯爵","こうしゃく",""
8265,"屋台","やたい",""
8266,"息を呑む","いきをのむ",""
8267,"加護","かご",""
8268,"盗賊","とうぞく",""
8269,"クリスマス","クリスマス",""
8270,"仕留める","しとめる",""
8271,"ねん","ねん",""
8272,"卿","きょう",""
8273,"探偵","たんてい",""
8274,"訊ねる","たずねる",""
8275,"使者","ししゃ",""
8276,"激突","げきとつ",""
8277,"細める","ほそめる",""
8278,"方が良い","ほうがいい",""
8279,"ぬいぐるみ","ぬいぐるみ","縫いぐるみ; 縫い包み"
8280,"事はない","ことはない",""
8281,"ねー","ねー",""
8282,"コイツ","コイツ",""
8283,"首をかしげる","くびをかしげる",""
8284,"アタシ","アタシ",""
8285,"さー","さー",""
8286,"ご主人様","ごしゅじんさま",""
8287,"ハア","ハア",""
8288,"パーティ","パーティ",""
8289,"後ろ","うしろ","うしろ; 後"
8290,"ウサギ","ウサギ",""
8291,"なにせ","なにせ","何せ"
8292,"アハハ","アハハ",""
8293,"気持","きもち",""
8294,"分る","わかる",""
8295,"コレ","コレ",""
8296,"見やる","みやる",""
8297,"ううむ","ううむ",""
8298,"仰る","おっしゃる",""
8299,"おじいちゃん","おじいちゃん","お祖父ちゃん"
8300,"全然","ぜんぜん","ぜんぜん"
8301,"警官","けいかん",""
8302,"唾液","だえき",""
8303,"ワンピース","ワンピース",""
8304,"薔薇","ばら",""
8305,"ロボット","ロボット",""
8306,"軍人","ぐんじん",""
8307,"拳銃","けんじゅう",""
8308,"ピアノ","ピアノ",""
8309,"部員","ぶいん",""
8310,"握り締める","にぎりしめる",""
8311,"蹴り","けり",""
8312,"病室","びょうしつ",""
8313,"包帯","ほうたい",""
8314,"じゃろう","じゃろう",""
8315,"従者","じゅうしゃ",""
8316,"事にする","ことにする",""
8317,"見張り","みはり",""
8318,"乳首","ちくび",""
8319,"むむ","むむ",""
8320,"銃声","じゅうせい",""
8321,"ちん","ちん",""
8322,"躊躇う","ためらう",""
8323,"坊","ぼう",""
8324,"ロープ","ロープ",""
8325,"くすくす","くすくす",""
8326,"締め付ける","しめつける",""
8327,"カフェ","カフェ",""
8328,"結晶","けっしょう",""
8329,"広間","ひろま",""
8330,"ヶ","ヶ",""
8331,"砂漠","さばく",""
8332,"叔父","おじ",""
8333,"巫女","みこ",""
8334,"大将","たいしょう",""
8335,"テント","テント",""
8336,"モニター","モニター",""
8337,"絶頂","ぜっちょう",""
8338,"部室","ぶしつ",""
8339,"潜入","せんにゅう",""
8340,"感知","かんち",""
8341,"邪悪","じゃあく",""
8342,"お陰で","おかげで",""
8343,"鋼","はがね",""
8344,"マイク","マイク",""
8345,"気持ち良い","きもちいい",""
8346,"剣士","けんし",""
8347,"怯む","ひるむ",""
8348,"バイク","バイク",""
8349,"治癒","ちゆ",""
8350,"ローブ","ローブ",""
8351,"蠢く","うごめく",""
8352,"庭園","ていえん",""
8353,"抱き締める","だきしめる",""
8354,"解る","わかる",""
8355,"フロア","フロア",""
8356,"檻","おり",""
8357,"包囲","ほうい",""
8358,"咆哮","ほうこう",""
8359,"乳房","ちぶさ",""
8360,"ああん","ああん",""
8361,"推理","すいり",""
8362,"軋む","きしむ",""
8363,"雫","しずく",""
8364,"如き","ごとき",""
8365,"胴体","どうたい",""
8366,"戦術","せんじゅつ",""
8367,"閣下","かっか",""
8368,"男爵","だんしゃく",""
8369,"煙草","たばこ",""
8370,"無傷","むきず",""
8371,"決闘","けっとう",""
8372,"轟音","ごうおん",""
8373,"突き立てる","つきたてる",""
8374,"フード","フード",""
8375,"魔法陣","まほうじん",""
8376,"ぶっちゃける","ぶっちゃける",""
8377,"体育館","たいいくかん",""
8378,"耐性","たいせい",""
8379,"長身","ちょうしん",""
8380,"向う","むかう",""
8381,"ソファー","ソファー",""
8382,"はー","はー",""
8383,"一ヶ月","いっかげつ",""
8384,"凍りつく","こおりつく",""
8385,"灯り","あかり",""
8386,"あははは","あははは",""
8387,"ネズミ","ネズミ",""
8388,"悲鳴をあげる","ひめいをあげる",""
8389,"ツッコミ","ツッコミ",""
8390,"クズ","クズ",""
8391,"おっきい","おっきい","大っきい"
8392,"大丈夫","だいじょうぶ","だいじょうぶ"
8393,"デカい","デカい",""
8394,"何しろ","なにしろ","なにしろ"
8395,"我らが","われらが",""
8396,"間合い","まあい",""
8397,"不意","ふい","ふい"
8398,"ご主人","ごしゅじん",""
8399,"あのう","あのう",""
8400,"間","あいだ","あいだ"
8401,"炎","えん",""
8402,"真","しん",""
8403,"アイス","アイス",""
8404,"丁度","ちょうど",""
8405,"淹れる","いれる",""
8406,"中々","なかなか",""
8407,"激痛","げきつう",""
8408,"崎","さき",""
8409,"同盟","どうめい",""
8410,"執務室","しつむしつ",""
8411,"補給","ほきゅう",""
8412,"チョコ","チョコ",""
8413,"折角","せっかく",""
8414,"容易い","たやすい",""
8415,"先代","せんだい",""
8416,"砦","とりで",""
8417,"子供達","こどもたち",""
8418,"薬草","やくそう",""
8419,"護る","まもる",""
8420,"突き上げる","つきあげる",""
8421,"習得","しゅうとく",""
8422,"援護","えんご",""
8423,"担任","たんにん",""
8424,"追撃","ついげき",""
8425,"視線を落とす","しせんをおとす",""
8426,"お前達","おまえたち",""
8427,"跳躍","ちょうやく",""
8428,"迷宮","めいきゅう",""
8429,"触手","しょくしゅ",""
8430,"温もり","ぬくもり",""
8431,"エプロン","エプロン",""
8432,"上級","じょうきゅう",""
8433,"壁際","かべぎわ",""
8434,"事が出来る","ことができる",""
8435,"祖母","そぼ",""
8436,"課","か",""
8437,"判る","わかる",""
8438,"凛","りん",""
8439,"酒場","さかば",""
8440,"変装","へんそう",""
8441,"坊主","ぼうず",""
8442,"迂闊","うかつ",""
8443,"草原","そうげん",""
8444,"壊滅","かいめつ",""
8445,"汝","な",""
8446,"その辺り","そのあたり",""
8447,"有る","ある",""
8448,"気合","きあい",""
8449,"閃光","せんこう",""
8450,"筆頭","ひっとう",""
8451,"決戦","けっせん",""
8452,"チケット","チケット",""
8453,"精液","せいえき",""
8454,"ステータス","ステータス",""
8455,"混じり","まじり",""
8456,"ひょっとしたら","ひょっとしたら",""
8457,"鑑定","かんてい",""
8458,"辺境","へんきょう",""
8459,"無し","なし",""
8460,"足止め","あしどめ",""
8461,"繋がり","つながり",""
8462,"列車","れっしゃ",""
8463,"斧","おの",""
8464,"昨晩","さくばん",""
8465,"次期","じき",""
8466,"無様","ぶざま",""
8467,"浄化","じょうか",""
8468,"傭兵","ようへい",""
8469,"凶悪","きょうあく",""
8470,"エロい","エロい",""
8471,"兄上","あにうえ",""
8472,"短剣","たんけん",""
8473,"歩き始める","あるきはじめる",""
8474,"遺跡","いせき",""
8475,"水晶","すいしょう",""
8476,"っつー","っつー",""
8477,"殲滅","せんめつ",""
8478,"邸","てい",""
8479,"あの娘","あのこ",""
8480,"絡みつく","からみつく",""
8481,"溜息","ためいき",""
8482,"まー","まー",""
8483,"思いだす","おもいだす",""
8484,"クマ","クマ",""
8485,"殆ど","ほとんど",""
8486,"切り札","きりふだ",""
8487,"ゆう","ゆう","有"
8488,"キレイ","キレイ",""
8489,"太もも","ふともも",""
8490,"お主","おぬし",""
8491,"あはははは","あはははは",""
8492,"続く","つづく","つづく"
8493,"ン","ン",""
8494,"はっはっは","はっはっは",""
8495,"ご存知","ごぞんじ",""
8496,"裏切り者","うらぎりもの",""
8497,"舞","まい",""
8498,"飛びかかる","とびかかる",""
8499,"照れくさい","てれくさい",""
8500,"素敵","すてき","すてき; 素的; 素適"
8501,"絨毯","じゅうたん",""
8502,"文化祭","ぶんかさい",""
8503,"ちょっぴり","ちょっぴり",""
8504,"剣術","けんじゅつ",""
8505,"チョコレート","チョコレート",""
8506,"消失","しょうしつ",""
8507,"ぎょっと","ぎょっと",""
8508,"蝶","ちょう",""
8509,"秘書","ひしょ",""
8510,"体育","たいいく",""
8511,"特訓","とっくん",""
8512,"嫁ぐ","とつぐ",""
8513,"ランプ","ランプ",""
8514,"一年生","いちねんせい",""
8515,"受け流す","うけながす",""
8516,"なんざ","なんざ",""
8517,"江戸","えど",""
8518,"瞬く間に","またたくまに",""
8519,"腹部","ふくぶ",""
8520,"配下","はいか",""
8521,"物資","ぶっし",""
8522,"宴","うたげ",""
8523,"帝","みかど",""
8524,"妾","めかけ",""
8525,"三階","さんがい",""
8526,"訳じゃない","わけじゃない",""
8527,"嘆息","たんそく",""
8528,"制圧","せいあつ",""
8529,"パーセント","パーセント",""
8530,"蜜","みつ",""
8531,"妖怪","ようかい",""
8532,"その事","そのこと",""
8533,"ダンジョン","ダンジョン",""
8534,"命中","めいちゅう",""
8535,"てめぇ","てめぇ",""
8536,"称号","しょうごう",""
8537,"助手","じょしゅ",""
8538,"侵入者","しんにゅうしゃ",""
8539,"ベルト","ベルト",""
8540,"恐い","こわい",""
8541,"回り込む","まわりこむ",""
8542,"シャッター","シャッター",""
8543,"校内","こうない",""
8544,"エルフ","エルフ",""
8545,"狐","きつね",""
8546,"セックス","セックス",""
8547,"看護師","かんごし",""
8548,"きゅっと","きゅっと",""
8549,"恰好","かっこう",""
8550,"身に着ける","みにつける",""
8551,"革","かわ",""
8552,"スルー","スルー",""
8553,"詠唱","えいしょう",""
8554,"マスク","マスク",""
8555,"至近距離","しきんきょり",""
8556,"料理人","りょうりにん",""
8557,"唖然","あぜん",""
8558,"妃","ひ",""
8559,"火傷","やけど",""
8560,"コンクリート","コンクリート","混凝土"
8561,"絵を描く","えをかく",""
8562,"虚空","こくう",""
8563,"無敵","むてき",""
8564,"図書室","としょしつ",""
8565,"流石","さすが",""
8566,"処","ところ",""
8567,"異国","いこく",""
8568,"必殺","ひっさつ",""
8569,"之","これ",""
8570,"亀裂","きれつ",""
8571,"幻覚","げんかく",""
8572,"蹂躙","じゅうりん",""
8573,"金貨","きんか",""
8574,"役人","やくにん",""
8575,"燃え上がる","もえあがる",""
8576,"為す","なす",""
8577,"っしょ","っしょ",""
8578,"零れる","こぼれる",""
8579,"射精","しゃせい",""
8580,"もじもじ","もじもじ",""
8581,"片付け","かたづけ",""
8582,"開閉","かいへい",""
8583,"距離を詰める","きょりをつめる",""
8584,"すげぇ","すげぇ",""
8585,"全部","ぜんぶ","ぜんぶ"
8586,"それより","それより",""
8587,"ワシ","ワシ",""
8588,"友だち","ともだち",""
8589,"メガネ","メガネ",""
8590,"火傷","やけど","やけど"
8591,"幼なじみ","おさななじみ",""
8592,"明日","あした","あした"
8593,"ちょいと","ちょいと",""
8594,"暫く","しばらく",""
8595,"故に","ゆえに",""
8596,"縫う","ぬう","ぬう"
8597,"幼馴染","おさななじみ",""
8598,"忌々しい","いまいましい",""
8599,"カバン","カバン",""
8600,"我が国","わがくに",""
8601,"教","きょう",""
8602,"浮遊","ふゆう",""
8603,"電波","でんぱ",""
8604,"渾身","こんしん",""
8605,"女房","にょうぼう",""
8606,"装着","そうちゃく",""
8607,"守護","しゅご",""
8608,"前線","ぜんせん",""
8609,"迎撃","げいげき",""
8610,"俺様","おれさま",""
8611,"訝しい","いぶかしい",""
8612,"個体","こたい",""
8613,"研究室","けんきゅうしつ",""
8614,"郎","ろう",""
8615,"紋章","もんしょう",""
8616,"初心者","しょしんしゃ",""
8617,"奇襲","きしゅう",""
8618,"民衆","みんしゅう",""
8619,"混沌","こんとん",""
8620,"目を瞑る","めをつぶる",""
8621,"残骸","ざんがい",""
8622,"顔を背ける","かおをそむける",""
8623,"羞恥","しゅうち",""
8624,"鼻で笑う","はなでわらう",""
8625,"鍛錬","たんれん",""
8626,"園","その",""
8627,"喘ぐ","あえぐ",""
8628,"学院","がくいん",""
8629,"呪","じゅ",""
8630,"逢う","あう",""
8631,"跳ね上がる","はねあがる",""
8632,"接続","せつぞく",""
8633,"戦慄","せんりつ",""
8634,"瞬く","しばたたく",""
8635,"玉座","ぎょくざ",""
8636,"恋人同士","こいびとどうし",""
8637,"基地","きち",""
8638,"こくり","こくり",""
8639,"ジャンプ","ジャンプ",""
8640,"指揮官","しきかん",""
8641,"ブロック","ブロック",""
8642,"雑魚","ざこ",""
8643,"男達","おとこだて",""
8644,"またも","またも",""
8645,"致命傷","ちめいしょう",""
8646,"化ける","ばける",""
8647,"銃弾","じゅうだん",""
8648,"侍","さむらい",""
8649,"髭","ひげ",""
8650,"おめえ","おめえ",""
8651,"灯る","ともる",""
8652,"転生","てんせい",""
8653,"愛人","あいじん",""
8654,"呑み込む","のみこむ",""
8655,"鱗","うろこ",""
8656,"衆","しゅう",""
8657,"手を繋ぐ","てをつなぐ",""
8658,"工房","こうぼう",""
8659,"壺","つぼ",""
8660,"スパイ","スパイ",""
8661,"白髪","しらが",""
8662,"客人","きゃくじん",""
8663,"妹さん","いもうとさん",""
8664,"神話","しんわ",""
8665,"缶","かん",""
8666,"乗っ取る","のっとる",""
8667,"偵察","ていさつ",""
8668,"ぼーっと","ぼーっと",""
8669,"突っ伏す","つっぷす",""
8670,"将","しょう",""
8671,"新作","しんさく",""
8672,"守","もり",""
8673,"噴く","ふく",""
8674,"ゾンビ","ゾンビ",""
8675,"跪く","ひざまずく",""
8676,"解","かい",""
8677,"占い","うらない",""
8678,"寝台","しんだい",""
8679,"案件","あんけん",""
8680,"反転","はんてん",""
8681,"言葉に詰まる","ことばにつまる",""
8682,"今まで","いままで","いままで; 今迄"
8683,"こみ上げる","こみあげる",""
8684,"見つめ合う","みつめあう",""
8685,"口をつぐむ","くちをつぐむ",""
8686,"おぞましい","おぞましい","悍ましい"
8687,"けども","けども",""
8688,"メシ","メシ",""
8689,"事ができる","ことができる",""
8690,"ちくしょう","ちくしょう","畜生"
8691,"冷ややか","ひややか",""
8692,"彼","かれ","かれ"
8693,"柔らかい","やわらかい","やわらかい; 柔かい; 軟らかい"
8694,"ワケ","ワケ",""
8695,"口ごもる","くちごもる",""
8696,"その辺り","そのあたり","そのあたり"
8697,"再び","ふたたび","ふたたび; 二度"
8698,"ため息を吐く","ためいきをつく",""
8699,"頬","ほお","ほお; 頰"
8700,"死神","しにがみ",""
8701,"クッション","クッション",""
8702,"暗黒","あんこく",""
8703,"にも関わらず","にもかかわらず",""
8704,"虚ろ","うつろ",""
8705,"笛","ふえ",""
8706,"商会","しょうかい",""
8707,"羽目になる","はめになる",""
8708,"数名","すうめい",""
8709,"羊","ひつじ",""
8710,"一万","いちまん",""
8711,"凶器","きょうき",""
8712,"生徒会長","せいとかいちょう",""
8713,"吸血鬼","きゅうけつき",""
8714,"神々","かみがみ",""
8715,"奏でる","かなでる",""
8716,"銃口","じゅうこう",""
8717,"液","えき",""
8718,"理","り",""
8719,"井戸","いど",""
8720,"女子生徒","じょしせいと",""
8721,"何せ","なにせ",""
8722,"絵本","えほん",""
8723,"一団","いちだん",""
8724,"城壁","じょうへき",""
8725,"どする","どする","度する"
8726,"顔を歪める","かおをゆがめる",""
8727,"ストーカー","ストーカー",""
8728,"身体能力","しんたいのうりょく",""
8729,"虚しい","むなしい",""
8730,"サンドイッチ","サンドイッチ",""
8731,"手を挙げる","てをあげる",""
8732,"武士","ぶし",""
8733,"王城","おうじょう",""
8734,"零す","こぼす",""
8735,"に付いて","について",""
8736,"駐車場","ちゅうしゃじょう",""
8737,"買い取る","かいとる",""
8738,"繫がる","つながる",""
8739,"幾つか","いくつか",""
8740,"仕様","しよう",""
8741,"使い手","つかいて",""
8742,"暗がり","くらがり",""
8743,"挿入","そうにゅう",""
8744,"装甲","そうこう",""
8745,"尋問","じんもん",""
8746,"尾行","びこう",""
8747,"女子高生","じょしこうせい",""
8748,"兎","うさぎ",""
8749,"君達","きみたち",""
8750,"眉を寄せる","まゆをよせる",""
8751,"予定通り","よていどおり",""
8752,"彷徨う","さまよう",""
8753,"浴衣","ゆかた",""
8754,"魅了","みりょう",""
8755,"撃退","げきたい",""
8756,"眼下","がんか",""
8757,"正座","せいざ",""
8758,"炸裂","さくれつ",""
8759,"校門","こうもん",""
8760,"茂み","しげみ",""
8761,"苦々しい","にがにがしい",""
8762,"ちゃう","ちゃう",""
8763,"ソース","ソース",""
8764,"浸かる","つかる",""
8765,"処女","しょじょ",""
8766,"純白","じゅんぱく",""
8767,"彼女自身","かのじょじしん",""
8768,"脈","みゃく",""
8769,"神官","しんかん",""
8770,"奥歯","おくば",""
8771,"転校","てんこう",""
8772,"宿屋","やどや",""
8773,"伊達","だて",""
8774,"魔獣","まじゅう",""
8775,"変換","へんかん",""
8776,"駆け上がる","かけあがる",""
8777,"滅ぶ","ほろぶ",""
8778,"押し黙る","おしだまる",""
8779,"射撃","しゃげき",""
8780,"課長","かちょう",""
8781,"家出","いえで",""
8782,"集落","しゅうらく",""
8783,"声を張り上げる","こえをはりあげる",""
8784,"リンゴ","リンゴ",""
8785,"後ずさる","あとずさる",""
8786,"瞼","まぶた","まぶた; 目蓋; 眼蓋"
8787,"立ちあがる","たちあがる",""
8788,"クラブ","クラブ","俱楽部; 倶楽部"
8789,"触る","さわる","さわる"
8790,"尋ねる","たずねる","たずねる; 訊ねる"
8791,"通","つう","つう"
8792,"アハハハ","アハハハ",""
8793,"出入り口","でいりぐち",""
8794,"じいさん","じいさん","爺さん; 祖父さん"
8795,"食らう","くらう","くらう; 喰らう"
8796,"訳ではない","わけではない",""
8797,"寄りかかる","よりかかる",""
8798,"件","けん","けん"
8799,"まとわりつく","まとわりつく","まとわり付く; 纏わりつく; 纏わり付く; 纒わり付く"
8800,"間に","あいだに","あいだに"
8801,"土","ど",""
8802,"ぶっ","ぶっ","打っ"
8803,"侵攻","しんこう",""
8804,"男子生徒","だんしせいと",""
8805,"物凄い","ものすごい",""
8806,"一手","いって",""
8807,"無いと","ないと",""
8808,"眼光","がんこう",""
8809,"宮殿","きゅうでん",""
8810,"授業中","じゅぎょうちゅう",""
8811,"階段を上る","かいだんをのぼる",""
8812,"桃","もも",""
8813,"玩具","おもちゃ",""
8814,"瓦礫","がれき",""
8815,"目を凝らす","めをこらす",""
8816,"きょろきょろ","きょろきょろ",""
8817,"先導","せんどう",""
8818,"口の端","くちのは",""
8819,"砲","ほう",""
8820,"弄る","いじる",""
8821,"書斎","しょさい",""
8822,"監禁","かんきん",""
8823,"言葉通り","ことばどおり",""
8824,"要塞","ようさい",""
8825,"全裸","ぜんら",""
8826,"採取","さいしゅ",""
8827,"階層","かいそう",""
8828,"僕達","ぼくたち",""
8829,"紅い","あかい",""
8830,"木製","もくせい",""
8831,"旅人","たびびと",""
8832,"ラーメン","ラーメン","拉麺; 老麺"
8833,"八十","はちじゅう",""
8834,"区画","くかく",""
8835,"レシピ","レシピ",""
8836,"射る","いる",""
8837,"重量","じゅうりょう",""
8838,"側近","そっきん",""
8839,"背筋を伸ばす","せすじをのばす",""
8840,"子爵","ししゃく",""
8841,"難易度","なんいど",""
8842,"手を叩く","てをたたく",""
8843,"力を抜く","ちからをぬく",""
8844,"リアクション","リアクション",""
8845,"白衣","はくい",""
8846,"イエス","イエス",""
8847,"げっ","げっ",""
8848,"急かす","せかす",""
8849,"トンネル","トンネル",""
8850,"保健室","ほけんしつ",""
8851,"某","ぼう",""
8852,"バイバイ","バイバイ",""
8853,"正論","せいろん",""
8854,"トラウマ","トラウマ",""
8855,"銀髪","ぎんぱつ",""
8856,"又","また",""
8857,"双","そう",""
8858,"反則","はんそく",""
8859,"同調","どうちょう",""
8860,"ぶんぶん","ぶんぶん",""
8861,"慈悲","じひ",""
8862,"彼等","かれら",""
8863,"爺","じじ",""
8864,"ごくり","ごくり",""
8865,"命を奪う","いのちをうばう",""
8866,"シート","シート",""
8867,"撒く","まく",""
8868,"宰相","さいしょう",""
8869,"大袈裟","おおげさ",""
8870,"鬱陶しい","うっとうしい",""
8871,"胴","どう",""
8872,"イラスト","イラスト",""
8873,"殺し合う","ころしあう",""
8874,"お嫁さん","およめさん",""
8875,"畜生","ちくしょう",""
8876,"苦悶","くもん",""
8877,"屍","しかばね",""
8878,"プロポーズ","プロポーズ",""
8879,"遊園地","ゆうえんち",""
8880,"車両","しゃりょう",""
8881,"攻撃力","こうげきりょく",""
8882,"戻る","もどる","もどる"
8883,"すげー","すげー",""
8884,"オチ","オチ",""
8885,"現われる","あらわれる",""
8886,"なになに","なになに","何々; 何何"
8887,"ゴメン","ゴメン",""
8888,"唸る","うなる","うなる; 呻る"
8889,"不意に","ふいに",""
8890,"塀","へい","へい; 屏"
8891,"にやにや","にやにや",""
8892,"コラ","コラ",""
8893,"昨夜","ゆうべ","ゆうべ; 夕べ"
8894,"どのみち","どのみち","どの道; 何の道"
8895,"おじいさん","おじいさん","お爺さん; お祖父さん; 御爺さん; 御祖父さん"
8896,"ぼろぼろ","ぼろぼろ",""
8897,"夕暮れ","ゆうぐれ",""
8898,"変る","かわる",""
8899,"誰か","だれか","だれか"
8900,"途端","とたん","とたん"
8901,"原","げん",""
8902,"花嫁","はなよめ",""
8903,"羽根","はね",""
8904,"風呂場","ふろば",""
8905,"捻る","ひねる",""
8906,"物理","ぶつり",""
8907,"封","ふう",""
8908,"あんま","あんま",""
8909,"真上","まうえ",""
8910,"想定外","そうていがい",""
8911,"ゲート","ゲート",""
8912,"本命","ほんめい",""
8913,"大男","おおおとこ",""
8914,"斬撃","ざんげき",""
8915,"羽ばたく","はばたく",""
8916,"問答無用","もんどうむよう",""
8917,"軍勢","ぐんぜい",""
8918,"言葉を紡ぐ","ことばをつむぐ",""
8919,"手帳","てちょう",""
8920,"寝転がる","ねころがる",""
8921,"寄越す","よこす",""
8922,"四月","しがつ",""
8923,"千年","せんねん",""
8924,"仮説","かせつ",""
8925,"威圧感","いあつかん",""
8926,"背中を向ける","せなかをむける",""
8927,"たじろぐ","たじろぐ",""
8928,"歌声","うたごえ",""
8929,"言葉を切る","ことばをきる",""
8930,"恐るべき","おそるべき",""
8931,"私服","しふく",""
8932,"溢れ出す","あふれだす",""
8933,"ペニス","ペニス",""
8934,"会議室","かいぎしつ",""
8935,"失踪","しっそう",""
8936,"裏口","うらぐち",""
8937,"水色","みずいろ",""
8938,"信者","しんじゃ",""
8939,"連行","れんこう",""
8940,"シチュエーション","シチュエーション",""
8941,"ゲット","ゲット",""
8942,"膨れる","ふくれる",""
8943,"部外者","ぶがいしゃ",""
8944,"水中","すいちゅう",""
8945,"勧誘","かんゆう",""
8946,"王太子","おうたいし",""
8947,"憶える","おぼえる",""
8948,"罪人","ざいにん",""
8949,"脱がす","ぬがす",""
8950,"魔族","まぞく",""
8951,"紙袋","かみぶくろ",""
8952,"しゃがみ込む","しゃがみこむ",""
8953,"顔を覆う","かおをおおう",""
8954,"ぼうっと","ぼうっと",""
8955,"鶏","にわとり",""
8956,"異形","いぎょう",""
8957,"囮","おとり",""
8958,"有","ゆう",""
8959,"収納","しゅうのう",""
8960,"っつう","っつう",""
8961,"体中","からだじゅう",""
8962,"張り詰める","はりつめる",""
8963,"女優","じょゆう",""
8964,"獅子","しし",""
8965,"ロビー","ロビー",""
8966,"尚","なお",""
8967,"降伏","こうふく",""
8968,"見惚れる","みとれる",""
8969,"水音","みずおと",""
8970,"姫様","ひめさま",""
8971,"縋る","すがる",""
8972,"口に含む","くちにふくむ",""
8973,"子犬","こいぬ",""
8974,"引き留める","ひきとめる",""
8975,"回想","かいそう",""
8976,"襲い掛かる","おそいかかる",""
8977,"たん","たん",""
8978,"大分","だいぶ",""
8979,"花びら","はなびら",""
8980,"拭う","ぬぐう","ぬぐう"
8981,"腕組み","うでぐみ",""
8982,"まじ","まじ",""
8983,"切っ先","きっさき",""
8984,"何も","なにも","なにも"
8985,"噂","うわさ","うわさ"
8986,"クソッ","クソッ",""
8987,"見習い","みならい",""
8988,"外す","はずす","はずす"
8989,"溜息をつく","ためいきをつく",""
8990,"恐る恐る","おそるおそる","おそるおそる"
8991,"頑な","かたくな",""
8992,"可愛らしい","かわいらしい","かわいらしい"
8993,"ウフフ","ウフフ",""
8994,"おにぎり","おにぎり","お握り; 御握り"
8995,"悪い","わるい","わるい; 惡い"
8996,"これぐらい","これぐらい",""
8997,"色合い","いろあい",""
8998,"おやつ","おやつ","お八; お八つ"
8999,"月明かり","つきあかり",""
9000,"バッチリ","バッチリ",""
9001,"聖","ひじり",""
9002,"羽","わ",""
9003,"ウチ","ウチ",""
9004,"系統","けいとう",""
9005,"勝者","しょうしゃ",""
9006,"四肢","しし",""
9007,"強敵","きょうてき",""
9008,"脆い","もろい",""
9009,"謁見","えっけん",""
9010,"素手","すで",""
9011,"お茶会","おちゃかい",""
9012,"分解","ぶんかい",""
9013,"レア","レア",""
9014,"はしたない","はしたない",""
9015,"そんで","そんで",""
9016,"出力","しゅつりょく",""
9017,"プレイヤー","プレイヤー",""
9018,"初恋","はつこい",""
9019,"程に","ほどに",""
9020,"五月","ごがつ",""
9021,"咥える","くわえる",""
9022,"殺到","さっとう",""
9023,"滴る","したたる",""
9024,"孕む","はらむ",""
9025,"細身","ほそみ",""
9026,"冷気","れいき",""
9027,"凶暴","きょうぼう",""
9028,"警護","けいご",""
9029,"声色","こわいろ",""
9030,"部品","ぶひん",""
9031,"肩を竦める","かたをすくめる",""
9032,"機体","きたい",""
9033,"逡巡","しゅんじゅん",""
9034,"着信音","ちゃくしんおん",""
9035,"出来るだけ","できるだけ",""
9036,"サラダ","サラダ",""
9037,"賊","ぞく",""
9038,"突き","つき",""
9039,"悪役","あくやく",""
9040,"己が","おのが",""
9041,"傷を負う","きずをおう",""
9042,"噴水","ふんすい",""
9043,"小首を傾げる","こくびをかしげる",""
9044,"ライブ","ライブ",""
9045,"ラジオ","ラジオ",""
9046,"一際","ひときわ",""
9047,"オーケー","オーケー",""
9048,"星空","ほしぞら",""
9049,"消し去る","けしさる",""
9050,"特化","とっか",""
9051,"口説く","くどく",""
9052,"貫通","かんつう",""
9053,"ぼやく","ぼやく",""
9054,"膨れ上がる","ふくれあがる",""
9055,"お喋り","おしゃべり",""
9056,"捕獲","ほかく",""
9057,"愛撫","あいぶ",""
9058,"創造","そうぞう",""
9059,"と言うか","というか",""
9060,"躱す","かわす",""
9061,"蜘蛛","くも",""
9062,"エスコート","エスコート",""
9063,"敵に回す","てきにまわす",""
9064,"耐えきれる","たえきれる",""
9065,"ガード","ガード",""
9066,"悶える","もだえる",""
9067,"相対","そうたい",""
9068,"薪","まき",""
9069,"粉砕","ふんさい",""
9070,"のう","のう","能"
9071,"飛び立つ","とびたつ",""
9072,"お皿","おさら",""
9073,"そういうことなら","そういうことなら",""
9074,"ぐちゃぐちゃ","ぐちゃぐちゃ",""
9075,"生身","なまみ",""
9076,"シルエット","シルエット",""
9077,"込み上げる","こみあげる",""
9078,"早足","はやあし",""
9079,"目玉","めだま",""
9080,"身を起こす","みをおこす",""
9081,"コスプレ","コスプレ",""
9082,"引き締める","ひきしめる",""
9083,"やない","やない",""
9084,"パンチ","パンチ",""
9085,"楽園","らくえん",""
9086,"着信","ちゃくしん",""
9087,"大人びる","おとなびる",""
9088,"親父","おやじ","おやじ; 親仁; 親爺"
9089,"くれてやる","くれてやる","呉れてやる; 呉れて遣る"
9090,"おばちゃん","おばちゃん","伯母ちゃん; 叔母ちゃん; 小母ちゃん"
9091,"うめき声","うめきごえ",""
9092,"口づけ","くちづけ",""
9093,"おおよそ","おおよそ","凡; 凡そ; 大よそ; 大凡"
9094,"現れる","あらわれる","あらわれる; 現われる; 表れる; 表われる; 顕れる; 顕われる"
9095,"なんだっけ","なんだっけ","何だっけ"
9096,"あてがう","あてがう","充てがう; 宛がう; 宛てがう"
9097,"ギュッと","ギュッと",""
9098,"先ほど","さきほど","さきほど; 先程"
9099,"ズル","ズル",""
9100,"キャー","キャー",""
9101,"がっくり","がっくり",""
9102,"悪党","あくとう",""
9103,"旅館","りょかん",""
9104,"偽装","ぎそう",""
9105,"遂に","ついに",""
9106,"得体の知れない","えたいのしれない",""
9107,"体型","たいけい",""
9108,"パジャマ","パジャマ",""
9109,"三月","さんがつ",""
9110,"ひんやり","ひんやり","冷んやり"
9111,"手綱","たづな",""
9112,"シリーズ","シリーズ",""
9113,"皆殺し","みなごろし",""
9114,"香","こう",""
9115,"交差","こうさ",""
9116,"梅","うめ",""
9117,"目をつぶる","めをつぶる",""
9118,"閃く","ひらめく",""
9119,"変形","へんけい",""
9120,"隊員","たいいん",""
9121,"幻影","げんえい",""
9122,"給仕","きゅうじ",""
9123,"無くす","なくす",""
9124,"治める","おさめる",""
9125,"ロック","ロック",""
9126,"オリジナル","オリジナル",""
9127,"近衛","このえ",""
9128,"当然ながら","とうぜんながら",""
9129,"注ぎ込む","そそぎこむ",""
9130,"不能","ふのう",""
9131,"酸素","さんそ",""
9132,"破壊力","はかいりょく",""
9133,"即死","そくし",""
9134,"か細い","かぼそい",""
9135,"刺繍","ししゅう",""
9136,"プリント","プリント",""
9137,"嫌悪感","けんおかん",""
9138,"サンキュー","サンキュー",""
9139,"出掛ける","でかける",""
9140,"携える","たずさえる",""
9141,"融合","ゆうごう",""
9142,"取得","しゅとく",""
9143,"顎","あご","あご; 腭; 腮; 頤; 顋; 齶"
9144,"はて","はて",""
9145,"半身","はんしん",""
9146,"ぴくり","ぴくり",""
9147,"ビクビク","ビクビク",""
9148,"手の平","てのひら",""
9149,"廃墟","はいきょ",""
9150,"祭壇","さいだん",""
9151,"片腕","かたうで",""
9152,"数値","すうち",""
9153,"道場","どうじょう",""
9154,"創る","つくる",""
9155,"時間を稼ぐ","じかんをかせぐ",""
9156,"死骸","しがい",""
9157,"馬鹿げる","ばかげる",""
9158,"封鎖","ふうさ",""
9159,"健気","けなげ",""
9160,"隣国","りんごく",""
9161,"人体","じんたい",""
9162,"職員室","しょくいんしつ",""
9163,"独り","ひとり",""
9164,"押し潰す","おしつぶす",""
9165,"爺さん","じいさん",""
9166,"対戦","たいせん",""
9167,"自我","じが",""
9168,"興味津々","きょうみしんしん",""
9169,"他ならない","ほかならない",""
9170,"揉める","もめる",""
9171,"パーツ","パーツ",""
9172,"眼球","がんきゅう",""
9173,"喉を鳴らす","のどをならす",""
9174,"引き締まる","ひきしまる",""
9175,"第五","だいご",""
9176,"距離感","きょりかん",""
9177,"返信","へんしん",""
9178,"するり","するり",""
9179,"脱力","だつりょく",""
9180,"いじめ","いじめ","苛め; 虐め"
9181,"コ","コ",""
9182,"欠片","かけら","かけら"
9183,"ソレ","ソレ",""
9184,"ひとしきり","ひとしきり","一しきり; 一頻り"
9185,"よぎる","よぎる","過ぎる; 過る"
9186,"マネ","マネ",""
9187,"無論","むろん","むろん"
9188,"形","かたち","かたち; 容; 貌"
9189,"今度","こんど","こんど"
9190,"どいつもこいつも","どいつもこいつも","何奴も此奴も"
9191,"おんなじ","おんなじ",""
9192,"名残惜しい","なごりおしい",""
9193,"噛みしめる","かみしめる",""
9194,"まみれ","まみれ","塗れ"
9195,"そういや","そういや",""
9196,"落ちつく","おちつく",""
9197,"代わりに","かわりに","かわりに; 代りに"
9198,"よける","よける","除ける"
9199,"グッと","グッと",""
9200,"口をつける","くちをつける",""
9201,"水","すい",""
9202,"側","そば",""
9203,"空く","すく",""
9204,"素","もと",""
9205,"宮廷","きゅうてい",""
9206,"砂浜","すなはま",""
9207,"棘","とげ",""
9208,"細胞","さいぼう",""
9209,"攫う","さらう",""
9210,"死角","しかく",""
9211,"手持ち","てもち",""
9212,"グラウンド","グラウンド",""
9213,"勝敗","しょうはい",""
9214,"階下","かいか",""
9215,"婚姻","こんいん",""
9216,"十歳","じゅっさい",""
9217,"亀","かめ",""
9218,"校長","こうちょう",""
9219,"魔道","まどう",""
9220,"両肩","りょうかた",""
9221,"思い至る","おもいいたる",""
9222,"運び込む","はこびこむ",""
9223,"地形","ちけい",""
9224,"勝ち目","かちめ",""
9225,"香水","こうすい",""
9226,"刀身","とうしん",""
9227,"近隣","きんりん",""
9228,"体を起こす","からだをおこす",""
9229,"一組","ひとくみ",""
9230,"反","はん",""
9231,"不味い","まずい",""
9232,"懸ける","かける",""
9233,"敬礼","けいれい",""
9234,"万一","まんいち",""
9235,"鷹","たか",""
9236,"組み込む","くみこむ",""
9237,"実体","じったい",""
9238,"優","ゆう",""
9239,"鼻息","はないき",""
9240,"呆ける","ぼける",""
9241,"怒声","どせい",""
9242,"連絡先","れんらくさき",""
9243,"編む","あむ",""
9244,"判別","はんべつ",""
9245,"思いきや","おもいきや",""
9246,"砕け散る","くだけちる",""
9247,"人混み","ひとごみ",""
9248,"堪る","たまる",""
9249,"目配せ","めくばせ",""
9250,"微動","びどう",""
9251,"兵隊","へいたい",""
9252,"波打つ","なみうつ",""
9253,"しょんぼり","しょんぼり",""
9254,"拡散","かくさん",""
9255,"応答","おうとう",""
9256,"微笑みかける","ほほえみかける",""
9257,"勝ち誇る","かちほこる",""
9258,"御用","ごよう",""
9259,"損傷","そんしょう",""
9260,"殿","との",""
9261,"強度","きょうど",""
9262,"ぼやける","ぼやける",""
9263,"視覚","しかく",""
9264,"絹","きぬ",""
9265,"強者","きょうしゃ",""
9266,"吊り上げる","つりあげる",""
9267,"衛兵","えいへい",""
9268,"毛皮","けがわ",""
9269,"洗脳","せんのう",""
9270,"無残","むざん",""
9271,"セクハラ","セクハラ",""
9272,"鈍感","どんかん",""
9273,"別荘","べっそう",""
9274,"端末","たんまつ",""
9275,"たった一つ","たったひとつ",""
9276,"両目","りょうめ",""
9277,"喚く","わめく",""
9278,"路","じ",""
9279,"こぼれ落ちる","こぼれおちる",""
9280,"引きこもる","ひきこもる",""
9281,"先ほどから","さきほどから",""
9282,"１番","いちばん",""
9283,"ははあ","ははあ",""
9284,"何もない","なにもない","なにもない; 何も無い"
9285,"これっぽっち","これっぽっち",""
9286,"チラリ","チラリ",""
9287,"あだ名","あだな",""
9288,"多め","おおめ",""
9289,"詫びる","わびる",""
9290,"普通","ふつう","ふつう"
9291,"ムダ","ムダ",""
9292,"アア","アア",""
9293,"開く","ひらく","ひらく"
9294,"一際","ひときわ","ひときわ; 一きわ"
9295,"真面目","まじめ","まじめ; 眞面目"
9296,"浮き上がる","うきあがる",""
9297,"足手まとい","あしでまとい",""
9298,"サラ","サラ",""
9299,"かき消す","かきけす",""
9300,"この度","このたび",""
9301,"里","り",""
9302,"塾","じゅく",""
9303,"軍団","ぐんだん",""
9304,"障壁","しょうへき",""
9305,"門番","もんばん",""
9306,"では無い","ではない",""
9307,"Ｔシャツ","ティーシャツ",""
9308,"ジャケット","ジャケット",""
9309,"火照る","ほてる",""
9310,"打ち付ける","うちつける",""
9311,"即ち","すなわち",""
9312,"山道","やまみち",""
9313,"恍惚","こうこつ",""
9314,"小指","こゆび",""
9315,"極まりない","きわまりない",""
9316,"滑り込む","すべりこむ",""
9317,"領土","りょうど",""
9318,"ジ","ジ",""
9319,"轟く","とどろく",""
9320,"付与","ふよ",""
9321,"あっと","あっと",""
9322,"世間話","せけんばなし",""
9323,"重々しい","おもおもしい",""
9324,"時間稼ぎ","じかんかせぎ",""
9325,"前置き","まえおき",""
9326,"愚か者","おろかもの",""
9327,"宙に浮く","ちゅうにうく",""
9328,"逝く","いく",""
9329,"たま","たま","偶; 適"
9330,"場違い","ばちがい",""
9331,"重傷","じゅうしょう",""
9332,"首輪","くびわ",""
9333,"赤面","せきめん",""
9334,"ゴム","ゴム","護謨"
9335,"村長","そんちょう",""
9336,"異質","いしつ",""
9337,"蒼い","あおい",""
9338,"伸びをする","のびをする",""
9339,"辛うじて","かろうじて",""
9340,"脱ぎ捨てる","ぬぎすてる",""
9341,"高位","こうい",""
9342,"アクセサリー","アクセサリー",""
9343,"補佐","ほさ",""
9344,"面接","めんせつ",""
9345,"吐き気","はきけ",""
9346,"剣を抜く","つるぎをぬく",""
9347,"の様に","のように",""
9348,"留学","りゅうがく",""
9349,"何処か","どこか",""
9350,"伝承","でんしょう",""
9351,"母ちゃん","かあちゃん",""
9352,"隔離","かくり",""
9353,"お仕置き","おしおき",""
9354,"石畳","いしだたみ",""
9355,"飛び回る","とびまわる",""
9356,"咳","せき",""
9357,"授かる","さずかる",""
9358,"ファイル","ファイル",""
9359,"援軍","えんぐん",""
9360,"儀","ぎ",""
9361,"子猫","こねこ",""
9362,"飛び越える","とびこえる",""
9363,"目を見張る","めをみはる",""
9364,"赤子","あかご",""
9365,"真下","ました",""
9366,"編集","へんしゅう",""
9367,"切り替わる","きりかわる",""
9368,"血が流れる","ちがながれる",""
9369,"迷子","まいご",""
9370,"撃破","げきは",""
9371,"躍る","おどる",""
9372,"継承","けいしょう",""
9373,"だからと言って","だからといって",""
9374,"舌を出す","したをだす",""
9375,"至急","しきゅう",""
9376,"同胞","どうほう",""
9377,"合宿","がっしゅく",""
9378,"仇","あだ",""
9379,"騎","き",""
9380,"言葉を返す","ことばをかえす",""
9381,"目尻","めじり",""
9382,"腕力","わんりょく",""
9383,"後継者","こうけいしゃ",""
9384,"ハ","ハ",""
9385,"ちっぽけ","ちっぽけ","小っぽけ"
9386,"ほー","ほー",""
9387,"結局のところ","けっきょくのところ",""
9388,"２階","にかい",""
9389,"引き渡す","ひきわたす",""
9390,"引き止める","ひきとめる",""
9391,"しかしながら","しかしながら","併し乍ら; 然しながら; 然し乍ら"
9392,"たどり着く","たどりつく","たどりつく; 辿りつく; 辿り着く"
9393,"お前ら","おまえら","おまえら; おまえ等; お前等; 御前等"
9394,"呼び出し","よびだし",""
9395,"ぎゃあ","ぎゃあ",""
9396,"振りかぶる","ふりかぶる",""
9397,"弾く","はじく","はじく"
9398,"モン","モン",""
9399,"えっち","えっち",""
9400,"音をたてる","おとをたてる",""
9401,"裏手","うらて",""
9402,"ずるずる","ずるずる",""
9403,"丸ごと","まるごと",""
9404,"軽","けい",""
9405,"立ち位置","たちいち",""
9406,"二年生","にねんせい",""
9407,"各種","かくしゅ",""
9408,"貪る","むさぼる",""
9409,"心の声","こころのこえ",""
9410,"突き抜ける","つきぬける",""
9411,"開け放つ","あけはなつ",""
9412,"逃げ切る","にげきる",""
9413,"警備員","けいびいん",""
9414,"態度を取る","たいどをとる",""
9415,"まじまじ","まじまじ",""
9416,"地下室","ちかしつ",""
9417,"老婆","ろうば",""
9418,"心当たりがある","こころあたりがある",""
9419,"進学","しんがく",""
9420,"論理","ろんり",""
9421,"赤らめる","あからめる",""
9422,"防具","ぼうぐ",""
9423,"四角い","しかくい",""
9424,"特徴的","とくちょうてき",""
9425,"感慨","かんがい",""
9426,"幾つも","いくつも",""
9427,"もぐもぐ","もぐもぐ",""
9428,"名刺","めいし",""
9429,"月光","げっこう",""
9430,"トマト","トマト",""
9431,"ゴブリン","ゴブリン",""
9432,"諦め","あきらめ",""
9433,"様になる","ようになる",""
9434,"特製","とくせい",""
9435,"体当たり","たいあたり",""
9436,"遺産","いさん",""
9437,"むっと","むっと",""
9438,"駆け巡る","かけめぐる",""
9439,"芸","げい",""
9440,"お宅","おたく",""
9441,"暗殺者","あんさつしゃ",""
9442,"冷酷","れいこく",""
9443,"ぐいぐい","ぐいぐい",""
9444,"子息","しそく",""
9445,"殻","から",""
9446,"遠巻き","とおまき",""
9447,"コンビ","コンビ",""
9448,"儂","わし",""
9449,"哲学","てつがく",""
9450,"遠距離","えんきょり",""
9451,"恨めしい","うらめしい",""
9452,"心外","しんがい",""
9453,"協力者","きょうりょくしゃ",""
9454,"花束","はなたば",""
9455,"危惧","きぐ",""
9456,"空白","くうはく",""
9457,"背丈","せたけ",""
9458,"燃料","ねんりょう",""
9459,"静けさ","しずけさ",""
9460,"雑草","ざっそう",""
9461,"ごろごろ","ごろごろ",""
9462,"狂","きょう",""
9463,"牢","ろう",""
9464,"生気","せいき",""
9465,"真夜中","まよなか",""
9466,"野生","やせい",""
9467,"可","か",""
9468,"帝都","ていと",""
9469,"スピーカー","スピーカー",""
9470,"数歩","すうほ",""
9471,"診察","しんさつ",""
9472,"正門","せいもん",""
9473,"遡る","さかのぼる",""
9474,"堕ちる","おちる",""
9475,"長ける","たける",""
9476,"受話器","じゅわき",""
9477,"陰謀","いんぼう",""
9478,"ままならない","ままならない","侭ならない; 儘ならない"
9479,"敢えて","あえて",""
9480,"所詮","しょせん","しょせん; 所せん"
9481,"一緒","いっしょ","いっしょ; 一しょ"
9482,"ゴロゴロ","ゴロゴロ",""
9483,"以て","もって",""
9484,"フリをする","フリをする",""
9485,"びくびく","びくびく",""
9486,"マンガ","マンガ",""
9487,"ピッタリ","ピッタリ",""
9488,"持ち物","もちもの",""
9489,"ばらばら","ばらばら",""
9490,"手をつく","てをつく",""
9491,"じい","じい",""
9492,"なぜだか","なぜだか","何故だか"
9493,"思う","おもう","おもう; 念う; 惟う; 想う; 憶う; 懐う"
9494,"と言って","といって",""
9495,"脇","わき","わき; 掖; 腋"
9496,"死にかける","しにかける",""
9497,"答える","こたえる","こたえる"
9498,"頃合い","ころあい",""
9499,"いいとこ","いいとこ",""
9500,"誰も","だれも","だれも"
9501,"値","ち",""
9502,"頬を染める","ほおをそめる",""
9503,"窮地","きゅうち",""
9504,"城内","じょうない",""
9505,"亡霊","ぼうれい",""
9506,"恐らくは","おそらくは",""
9507,"生命力","せいめいりょく",""
9508,"香りがする","かおりがする",""
9509,"マスコミ","マスコミ",""
9510,"蹴散らす","けちらす",""
9511,"ストーリー","ストーリー",""
9512,"行き交う","ゆきかう",""
9513,"コード","コード",""
9514,"気圧される","けおされる",""
9515,"部署","ぶしょ",""
9516,"派閥","はばつ",""
9517,"ガンガン","ガンガン",""
9518,"反乱","はんらん",""
9519,"変貌","へんぼう",""
9520,"マナー","マナー",""
9521,"実のところ","じつのところ",""
9522,"大剣","たいけん",""
9523,"オレンジ","オレンジ",""
9524,"手下","てした",""
9525,"大概","たいがい",""
9526,"小動物","しょうどうぶつ",""
9527,"血筋","ちすじ",""
9528,"文学","ぶんがく",""
9529,"大歓迎","だいかんげい",""
9530,"切り抜ける","きりぬける",""
9531,"生成","せいせい",""
9532,"不本意","ふほんい",""
9533,"立て続け","たてつづけ",""
9534,"キモイ","キモイ",""
9535,"経験値","けいけんち",""
9536,"宿命","しゅくめい",""
9537,"ぽんぽん","ぽんぽん",""
9538,"要","よう",""
9539,"家臣","かしん",""
9540,"シナリオ","シナリオ",""
9541,"御者","ぎょしゃ",""
9542,"九時","くじ",""
9543,"役員","やくいん",""
9544,"劇場","げきじょう",""
9545,"極限","きょくげん",""
9546,"恐れ入る","おそれいる",""
9547,"家柄","いえがら",""
9548,"上層部","じょうそうぶ",""
9549,"カラオケ","カラオケ",""
9550,"無駄にする","むだにする",""
9551,"九十","きゅうじゅう",""
9552,"保険","ほけん",""
9553,"しっとり","しっとり",""
9554,"眩い","まばゆい",""
9555,"スライム","スライム",""
9556,"わっと","わっと",""
9557,"初代","しょだい",""
9558,"舟","ふね",""
9559,"視力","しりょく",""
9560,"常人","じょうじん",""
9561,"一人暮らし","ひとりぐらし",""
9562,"デスク","デスク",""
9563,"締まる","しまる",""
9564,"粒子","りゅうし",""
9565,"三時","さんじ",""
9566,"悠然","ゆうぜん",""
9567,"消え失せる","きえうせる",""
9568,"沸騰","ふっとう",""
9569,"膣","ちつ",""
9570,"ずらり","ずらり",""
9571,"陣取る","じんどる",""
9572,"若き","わかき",""
9573,"握り返す","にぎりかえす",""
9574,"獣人","じゅうじん",""
9575,"陽光","ようこう",""
9576,"急所","きゅうしょ",""
9577,"桃色","ももいろ",""
9578,"部位","ぶい",""
9579,"びくりと","びくりと",""
9580,"中","ちゅう","ちゅう"
9581,"見舞い","みまい",""
9582,"スッキリ","スッキリ",""
9583,"てっぺん","てっぺん","天辺; 頂辺"
9584,"終る","おわる",""
9585,"お主","おぬし","おぬし; 御主"
9586,"いい男","いいおとこ",""
9587,"あーん","あーん",""
9588,"強張る","こわばる","こわばる; 強ばる"
9589,"我","われ","われ; 吾; 吾れ; 我れ"
9590,"今日のところは","きょうのところは",""
9591,"ステキ","ステキ",""
9592,"抜く","ぬく","ぬく"
9593,"思いきり","おもいきり",""
9594,"手すり","てすり",""
9595,"さよう","さよう","佐様; 左様; 然様"
9596,"言える","いえる",""
9597,"あれっ","あれっ",""
9598,"キョロキョロ","キョロキョロ",""
9599,"フラフラ","フラフラ",""
9600,"じゃあね","じゃあね",""
9601,"じゃん","じゃん",""
9602,"行く手","ゆくて",""
9603,"悠長","ゆうちょう",""
9604,"飛び跳ねる","とびはねる",""
9605,"ちょこん","ちょこん",""
9606,"才","さい",""
9607,"先方","せんぽう",""
9608,"話は別","はなしはべつ",""
9609,"相談に乗る","そうだんにのる",""
9610,"定か","さだか",""
9611,"ぞろぞろ","ぞろぞろ",""
9612,"競技","きょうぎ",""
9613,"養子","ようし",""
9614,"製作","せいさく",""
9615,"ぶつかり合う","ぶつかりあう",""
9616,"大いなる","おおいなる",""
9617,"縮む","ちぢむ",""
9618,"淑女","しゅくじょ",""
9619,"ちらっと","ちらっと",""
9620,"筒","つつ",""
9621,"頭が痛い","あたまがいたい",""
9622,"分身","ぶんしん",""
9623,"生き残り","いきのこり",""
9624,"朦朧","もうろう",""
9625,"威圧","いあつ",""
9626,"許","もと",""
9627,"掲示板","けいじばん",""
9628,"垣間見る","かいまみる",""
9629,"エロ","エロ",""
9630,"直視","ちょくし",""
9631,"洗濯物","せんたくもの",""
9632,"食糧","しょくりょう",""
9633,"子供っぽい","こどもっぽい",""
9634,"様な","ような",""
9635,"校庭","こうてい",""
9636,"打ち砕く","うちくだく",""
9637,"迷子になる","まいごになる",""
9638,"外套","がいとう",""
9639,"朗らか","ほがらか",""
9640,"寄り道","よりみち",""
9641,"静止","せいし",""
9642,"入力","にゅうりょく",""
9643,"無茶苦茶","むちゃくちゃ",""
9644,"枕元","まくらもと",""
9645,"口出し","くちだし",""
9646,"エース","エース",""
9647,"オーナー","オーナー",""
9648,"球体","きゅうたい",""
9649,"クリーム","クリーム",""
9650,"巡回","じゅんかい",""
9651,"美術","びじゅつ",""
9652,"転送","てんそう",""
9653,"眉根を寄せる","まゆねをよせる",""
9654,"ダッシュ","ダッシュ",""
9655,"大喜び","おおよろこび",""
9656,"今宵","こよい",""
9657,"タコ","タコ",""
9658,"同期","どうき",""
9659,"裁く","さばく",""
9660,"賞賛","しょうさん",""
9661,"吹っ飛ばす","ふっとばす",""
9662,"緊急事態","きんきゅうじたい",""
9663,"小物","こもの",""
9664,"害する","がいする",""
9665,"輸送","ゆそう",""
9666,"湯船","ゆぶね",""
9667,"支配者","しはいしゃ",""
9668,"彫刻","ちょうこく",""
9669,"飛び乗る","とびのる",""
9670,"がっちり","がっちり",""
9671,"心中","しんじゅう",""
9672,"ハマる","ハマる",""
9673,"ごきげんよう","ごきげんよう","ご機嫌よう; 御機嫌よう"
9674,"もたれかかる","もたれかかる","もたれ掛かる; もたれ掛る; 凭れかかる; 凭れ掛かる; 凭れ掛る"
9675,"奇怪","きかい",""
9676,"引っ越し","ひっこし",""
9677,"恐ろしい","おそろしい","おそろしい; 怖ろしい"
9678,"言葉","ことば","ことば; 詞; 辞"
9679,"ネコ","ネコ",""
9680,"とろける","とろける","溶ろける; 蕩ける"
9681,"ほぐす","ほぐす","解す"
9682,"かすれる","かすれる","掠れる; 擦れる"
9683,"あん","あん",""
9684,"下す","くだす","くだす; 降す"
9685,"後にする","あとにする","あとにする"
9686,"窓ガラス","まどガラス",""
9687,"途端に","とたんに","とたんに"
9688,"降りかかる","ふりかかる",""
9689,"口をきく","くちをきく",""
9690,"ヘン","ヘン",""
9691,"にこり","にこり",""
9692,"言いだす","いいだす",""
9693,"違いない","ちがいない","ちがいない; 違い無い"
9694,"チラチラ","チラチラ",""
9695,"声かけ","こえかけ",""
9696,"ズレる","ズレる",""
9697,"アッ","アッ",""
9698,"おまけ","おまけ","お負け; 御負け"
9699,"じゃろ","じゃろ",""
9700,"席につく","せきにつく",""
9701,"ひょいと","ひょいと",""
9702,"物陰","ものかげ",""
9703,"泣き叫ぶ","なきさけぶ",""
9704,"結合","けつごう",""
9705,"白銀","はくぎん",""
9706,"走り抜ける","はしりぬける",""
9707,"善意","ぜんい",""
9708,"もやもや","もやもや",""
9709,"三年生","さんねんせい",""
9710,"火力","かりょく",""
9711,"点数","てんすう",""
9712,"幾度も","いくども",""
9713,"ネクタイ","ネクタイ",""
9714,"余程","よほど",""
9715,"手近","てぢか",""
9716,"苛む","さいなむ",""
9717,"仕組む","しくむ",""
9718,"送信","そうしん",""
9719,"地帯","ちたい",""
9720,"専属","せんぞく",""
9721,"ネックレス","ネックレス",""
9722,"腑に落ちる","ふにおちる",""
9723,"あんな風に","あんなふうに",""
9724,"縮こまる","ちぢこまる",""
9725,"模する","もする",""
9726,"機構","きこう",""
9727,"呼応","こおう",""
9728,"柳","やなぎ",""
9729,"バター","バター",""
9730,"返り討ち","かえりうち",""
9731,"脈打つ","みゃくうつ",""
9732,"靴下","くつした",""
9733,"交わす","かわす","かわす; 交す"
9734,"送り届ける","おくりとどける",""
9735,"リング","リング",""
9736,"危害を加える","きがいをくわえる",""
9737,"迎え撃つ","むかえうつ",""
9738,"差し入れ","さしいれ",""
9739,"口内","こうない",""
9740,"死刑","しけい",""
9741,"荷","に",""
9742,"片目","かため",""
9743,"大柄","おおがら",""
9744,"楽勝","らくしょう",""
9745,"ぶら下がる","ぶらさがる",""
9746,"怒号","どごう",""
9747,"そうみたい","そうみたい",""
9748,"操縦","そうじゅう",""
9749,"爆発音","ばくはつおん",""
9750,"士気","しき",""
9751,"直々","じきじき",""
9752,"商業","しょうぎょう",""
9753,"補足","ほそく",""
9754,"怪我人","けがにん",""
9755,"弾き飛ばす","はじきとばす",""
9756,"赤黒い","あかぐろい",""
9757,"一段落","いちだんらく",""
9758,"陽","よう",""
9759,"漁る","あさる",""
9760,"侵す","おかす",""
9761,"連合","れんごう",""
9762,"廻る","まわる",""
9763,"思い直す","おもいなおす",""
9764,"資質","ししつ",""
9765,"昼飯","ひるめし",""
9766,"音色","ねいろ",""
9767,"家畜","かちく",""
9768,"八時","はちじ",""
9769,"顧問","こもん",""
9770,"ぶるぶる","ぶるぶる",""
9771,"ほほう","ほほう",""
9772,"お金持ち","おかねもち",""
9773,"軽口","かるくち",""
9774,"不審者","ふしんしゃ",""
9775,"ぽっかり","ぽっかり",""
9776,"途方に暮れる","とほうにくれる",""
9777,"十九","じゅうきゅう",""
9778,"チビ","チビ",""
9779,"馬鹿馬鹿しい","ばかばかしい",""
9780,"二人して","ふたりして",""
9781,"元凶","げんきょう",""
9782,"喪失","そうしつ",""
9783,"ハンバーグ","ハンバーグ",""
9784,"胸中","きょうちゅう",""
9785,"ほどく","ほどく","解く"
9786,"虹","にじ",""
9787,"精いっぱい","せいいっぱい",""
9788,"ヒト","ヒト",""
9789,"なぞ","なぞ",""
9790,"背もたれ","せもたれ",""
9791,"何もかも","なにもかも","なにもかも; 何も彼も"
9792,"カエル","カエル",""
9793,"気がない","きがない",""
9794,"気がかり","きがかり",""
9795,"地位","ちい","ちい"
9796,"とかなんとか","とかなんとか","とか何とか"
9797,"ワタシ","ワタシ",""
9798,"むき出し","むきだし",""
9799,"ほどほど","ほどほど","程々; 程ほど; 程程"
9800,"漏らす","もらす","もらす; 洩らす"
9801,"芝生","しばふ",""
9802,"常連","じょうれん",""
9803,"疲弊","ひへい",""
9804,"十時","じゅうじ",""
9805,"お祈り","おいのり",""
9806,"水滴","すいてき",""
9807,"ふむふむ","ふむふむ",""
9808,"戦況","せんきょう",""
9809,"オレンジ色","オレンジいろ",""
9810,"全い","まったい",""
9811,"埋め込む","うめこむ",""
9812,"容器","ようき",""
9813,"張","ちょう",""
9814,"いやでも","いやでも","否でも"
9815,"大国","たいこく",""
9816,"禍々しい","まがまがしい",""
9817,"簡素","かんそ",""
9818,"腕時計","うでどけい",""
9819,"義母","ぎぼ",""
9820,"侵略","しんりゃく",""
9821,"だけでいい","だけでいい",""
9822,"一理","いちり",""
9823,"踏ん張る","ふんばる",""
9824,"突き破る","つきやぶる",""
9825,"真横","まよこ",""
9826,"さあて","さあて",""
9827,"無線","むせん",""
9828,"矢先","やさき",""
9829,"言葉を選ぶ","ことばをえらぶ",""
9830,"目を奪う","めをうばう",""
9831,"爆破","ばくは",""
9832,"行き着く","いきつく",""
9833,"黄","き",""
9834,"狙撃","そげき",""
9835,"たん","たん","単"
9836,"身を寄せる","みをよせる",""
9837,"温か","あたたか",""
9838,"西洋","せいよう",""
9839,"情け","なさけ",""
9840,"賢者","けんじゃ",""
9841,"マッサージ","マッサージ",""
9842,"先刻","せんこく",""
9843,"助け出す","たすけだす",""
9844,"数多","あまた",""
9845,"昨年","さくねん",""
9846,"見返り","みかえり",""
9847,"逸れる","それる",""
9848,"幼女","ようじょ",""
9849,"露わ","あらわ",""
9850,"気が引ける","きがひける",""
9851,"黒幕","くろまく",""
9852,"慣れ","なれ",""
9853,"真逆","まぎゃく",""
9854,"可能な限り","かのうなかぎり",""
9855,"混む","こむ",""
9856,"上達","じょうたつ",""
9857,"婿","むこ",""
9858,"更なる","さらなる",""
9859,"六時","ろくじ",""
9860,"奇遇","きぐう",""
9861,"身柄","みがら",""
9862,"釘","くぎ",""
9863,"二十五","にじゅうご",""
9864,"山々","やまやま",""
9865,"プリン","プリン",""
9866,"無垢","むく",""
9867,"撒き散らす","まきちらす",""
9868,"やり遂げる","やりとげる",""
9869,"目に映る","めにうつる",""
9870,"押し返す","おしかえす",""
9871,"艦","かん",""
9872,"歪","いびつ",""
9873,"胸の内","むねのうち",""
9874,"奥底","おくそこ",""
9875,"乗っかる","のっかる",""
9876,"鮮血","せんけつ",""
9877,"大差","たいさ",""
9878,"長居","ながい",""
9879,"せめてもの","せめてもの",""
9880,"札","ふだ",""
9881,"ナンパ","ナンパ",""
9882,"フリ","フリ",""
9883,"もたれる","もたれる","凭れる; 靠れる"
9884,"こった","こった",""
9885,"一つ一つ","ひとつひとつ","ひとつひとつ; 一つひとつ; １つ１つ"
9886,"呼ぶ","よぶ","よぶ; 喚ぶ; 招ぶ"
9887,"なんとしても","なんとしても","何としても"
9888,"建前","たてまえ",""
9889,"叶える","かなえる","かなえる; 適える"
9890,"どきどき","どきどき",""
9891,"厄介","やっかい","やっかい"
9892,"噛みつく","かみつく",""
9893,"スッと","スッと",""
9894,"馴染み","なじみ",""
9895,"ご用","ごよう",""
9896,"余計","よけい","よけい"
9897,"コト","コト",""
9898,"二人とも","ふたりとも","ふたりとも; 二人共; ２人とも; ２人共"
9899,"数ヶ月","すうかげつ",""
9900,"さみしい","さみしい",""
9901,"たって","たって","強って; 達て"
9902,"その為","そのため",""
9903,"編成","へんせい",""
9904,"絡まる","からまる",""
9905,"八月","はちがつ",""
9906,"染み","しみ",""
9907,"張本人","ちょうほんにん",""
9908,"奢る","おごる",""
9909,"仕込み","しこみ",""
9910,"圧","あつ",""
9911,"休み時間","やすみじかん",""
9912,"目を背ける","めをそむける",""
9913,"雄叫び","おたけび",""
9914,"思い込み","おもいこみ",""
9915,"息子さん","むすこさん",""
9916,"救い出す","すくいだす",""
9917,"作動","さどう",""
9918,"号令","ごうれい",""
9919,"因果","いんが",""
9920,"飛","ひ",""
9921,"射程","しゃてい",""
9922,"精鋭","せいえい",""
9923,"陥れる","おとしいれる",""
9924,"滅亡","めつぼう",""
9925,"雄","おす",""
9926,"愛液","あいえき",""
9927,"気分転換","きぶんてんかん",""
9928,"諸","しょ",""
9929,"手が届く","てがとどく",""
9930,"満喫","まんきつ",""
9931,"びっしり","びっしり",""
9932,"酷","こく",""
9933,"高み","たかみ",""
9934,"鋼鉄","こうてつ",""
9935,"達人","たつじん",""
9936,"ふれる","ふれる","狂れる"
9937,"引っ掛かる","ひっかかる",""
9938,"蒼白","そうはく",""
9939,"画","え",""
9940,"うねる","うねる","畝る"
9941,"中枢","ちゅうすう",""
9942,"尚更","なおさら",""
9943,"賑わう","にぎわう",""
9944,"温かい","あたたかい","あたたかい; 暖い; 暖かい"
9945,"飼い主","かいぬし",""
9946,"二分","にぶん",""
9947,"被せる","かぶせる",""
9948,"心苦しい","こころぐるしい",""
9949,"ポスター","ポスター",""
9950,"はぐれる","はぐれる","逸れる"
9951,"トーン","トーン",""
9952,"議員","ぎいん",""
9953,"走り続ける","はしりつづける",""
9954,"互角","ごかく",""
9955,"従順","じゅうじゅん",""
9956,"１個","いっこ",""
9957,"煮る","にる",""
9958,"ジャージ","ジャージ",""
9959,"押しつぶす","おしつぶす",""
9960,"非常識","ひじょうしき",""
9961,"膣内","ちつない",""
9962,"強盗","ごうとう",""
9963,"霞む","かすむ",""
9964,"ハードル","ハードル",""
9965,"斜面","しゃめん",""
9966,"ウッ","ウッ",""
9967,"今日中に","きょうじゅうに",""
9968,"邪","よこしま",""
9969,"外壁","がいへき",""
9970,"抑え込む","おさえこむ",""
9971,"茶化す","ちゃかす",""
9972,"股","また",""
9973,"寝そべる","ねそべる",""
9974,"飛び出る","とびでる",""
9975,"小川","おがわ",""
9976,"二月","にがつ",""
9977,"身を任せる","みをまかせる",""
9978,"ぽつん","ぽつん",""
9979,"望むところ","のぞむところ",""
9980,"編む","あむ","あむ"
9981,"途方もない","とほうもない",""
9982,"ぶっきらぼう","ぶっきらぼう","ぶっきら棒"
9983,"殴りつける","なぐりつける",""
9984,"伸ばす","のばす","のばす; 延ばす"
9985,"荒野","こうや",""
9986,"イタズラ","イタズラ",""
9987,"ではなさそう","ではなさそう","では無さそう"
9988,"弱み","よわみ",""
9989,"本","ほん","ほん"
9990,"首をひねる","くびをひねる",""
9991,"気をつけ","きをつけ",""
9992,"引きつける","ひきつける",""
9993,"口","くち","くち"
9994,"黙る","だまる","だまる"
9995,"ブツブツ","ブツブツ",""
9996,"またもや","またもや","又もや"
9997,"ごちそう","ごちそう","ご馳走; 御馳走"
9998,"眼差し","まなざし","まなざし; 目差; 目差し"
9999,"はぐらかす","はぐらかす","逸らかす"
10000,"かます","かます","咬ます; 噛ます"
10001,"畳","じょう",""
10002,"文面","ぶんめん",""
10003,"報いる","むくいる",""
10004,"切り落とす","きりおとす",""
10005,"主婦","しゅふ",""
10006,"憤怒","ふんぬ",""
10007,"ぶっ殺す","ぶっころす",""
10008,"次いで","ついで",""
10009,"腹が減る","はらがへる",""
10010,"砲撃","ほうげき",""
10011,"悪寒","おかん",""
10012,"釘付け","くぎづけ",""
10013,"我が子","わがこ",""
10014,"作法","さほう",""
10015,"話を振る","はなしをふる",""
10016,"鎮める","しずめる",""
10017,"血の気","ちのけ",""
10018,"遺伝子","いでんし",""
10019,"何倍も","なんばいも",""
10020,"修羅場","しゅらば",""
10021,"静まる","しずまる",""
10022,"艶やか","あでやか",""
10023,"光線","こうせん",""
10024,"戦闘力","せんとうりょく",""
10025,"揺らめく","ゆらめく",""
10026,"不用意","ふようい",""
10027,"芽","め",""
10028,"ファンタジー","ファンタジー",""
10029,"鎌","かま",""
10030,"生やす","はやす",""
10031,"ムード","ムード",""
10032,"面食らう","めんくらう",""
10033,"迷い込む","まよいこむ",""
10034,"義父","ぎふ",""
10035,"大粒","おおつぶ",""
10036,"立ち並ぶ","たちならぶ",""
10037,"朱","しゅ",""
10038,"後々","のちのち",""
10039,"裕福","ゆうふく",""
10040,"生憎","あいにく",""
10041,"性欲","せいよく",""
10042,"藤","ふじ",""
10043,"兜","かぶと",""
10044,"渇く","かわく",""
10045,"貯める","ためる",""
10046,"院長","いんちょう",""
10047,"自重","じちょう",""
10048,"使い道","つかいみち",""
10049,"半月","はんげつ",""
10050,"台無し","だいなし",""
10051,"大方","おおかた",""
10052,"人気者","にんきもの",""
10053,"躊躇い","ためらい",""
10054,"仕上げ","しあげ",""
10055,"同年代","どうねんだい",""
10056,"淵","ふち",""
10057,"坊や","ぼうや",""
10058,"顔を赤らめる","かおをあからめる",""
10059,"ぶらぶら","ぶらぶら",""
10060,"暗示","あんじ",""
10061,"と言うより","というより",""
10062,"孤児院","こじいん",""
10063,"必ずや","かならずや",""
10064,"本屋","ほんや",""
10065,"増幅","ぞうふく",""
10066,"抜き取る","ぬきとる",""
10067,"両脇","りょうわき",""
10068,"車輪","しゃりん",""
10069,"条","じょう",""
10070,"口角","こうかく",""
10071,"激怒","げきど",""
10072,"昔話","むかしばなし",""
10073,"麗しい","うるわしい",""
10074,"灯","あかり",""
10075,"紅潮","こうちょう",""
10076,"ぶら下げる","ぶらさげる",""
10077,"中へ入る","なかへはいる",""
10078,"悪く言う","わるくいう",""
10079,"逃げ回る","にげまわる",""
10080,"嬢ちゃん","じょうちゃん",""
10081,"峰","みね",""
10082,"嵌める","はめる",""
10083,"紛れ込む","まぎれこむ",""
10084,"待ち伏せ","まちぶせ",""
10085,"倉","くら",""
10086,"ど真ん中","どまんなか",""
10087,"私ども","わたくしども",""
10088,"下げる","さげる","さげる"
10089,"躊躇い","ためらい","ためらい"
10090,"カッコイイ","カッコイイ",""
10091,"居合わせる","いあわせる",""
10092,"フン","フン",""
10093,"向かう","むかう","むかう; 向う; 対う"
10094,"まばら","まばら","疎ら"
10095,"バラ","バラ",""
10096,"一","いち","いち; 壱; 壹; 弌; １"
10097,"お姉ちゃん","おねえちゃん","おねえちゃん"
10098,"目にあう","めにあう",""
10099,"ぐずぐず","ぐずぐず","愚図愚図"
10100,"ピタリ","ピタリ",""
10101,"殿","どの","どの"
10102,"理","ことわり",""
10103,"未","み",""
10104,"犯","はん",""
10105,"トランプ","トランプ",""
10106,"続行","ぞっこう",""
10107,"釘を刺す","くぎをさす",""
10108,"指令","しれい",""
10109,"誰一人","だれひとり",""
10110,"ぺこり","ぺこり",""
10111,"迷路","めいろ",""
10112,"発音","はつおん",""
10113,"具合が悪い","ぐあいがわるい",""
10114,"だらだら","だらだら",""
10115,"協会","きょうかい",""
10116,"学期","がっき",""
10117,"プロジェクト","プロジェクト",""
10118,"演劇","えんげき",""
10119,"バトル","バトル",""
10120,"味見","あじみ",""
10121,"甘く見る","あまくみる",""
10122,"聡明","そうめい",""
10123,"経路","けいろ",""
10124,"一閃","いっせん",""
10125,"速","そく",""
10126,"範疇","はんちゅう",""
10127,"浮上","ふじょう",""
10128,"海賊","かいぞく",""
10129,"手を抜く","てをぬく",""
10130,"か弱い","かよわい",""
10131,"高揚","こうよう",""
10132,"停まる","とまる",""
10133,"収束","しゅうそく",""
10134,"房","ふさ",""
10135,"青色","あおいろ",""
10136,"すべく","すべく",""
10137,"強い力","つよいちから",""
10138,"正月","しょうがつ",""
10139,"最上階","さいじょうかい",""
10140,"神秘","しんぴ",""
10141,"主任","しゅにん",""
10142,"隠蔽","いんぺい",""
10143,"程がある","ほどがある",""
10144,"この上ない","このうえない",""
10145,"託す","たくす",""
10146,"喉元","のどもと",""
10147,"翻訳","ほんやく",""
10148,"工作","こうさく",""
10149,"戦車","せんしゃ",""
10150,"ランチ","ランチ",""
10151,"睨み付ける","にらみつける",""
10152,"バック","バック",""
10153,"まじまじと見る","まじまじとみる",""
10154,"寝坊","ねぼう",""
10155,"人工","じんこう",""
10156,"アナウンス","アナウンス",""
10157,"満月","まんげつ",""
10158,"付","つき",""
10159,"持ち上がる","もちあがる",""
10160,"ターン","ターン",""
10161,"溢れ出る","あふれでる",""
10162,"お化け","おばけ",""
10163,"上気","じょうき",""
10164,"早","はや","はや"
10165,"入浴","にゅうよく",""
10166,"証人","しょうにん",""
10167,"七時","しちじ",""
10168,"や否や","やいなや",""
10169,"寝込む","ねこむ",""
10170,"八つ当たり","やつあたり",""
10171,"宴会","えんかい",""
10172,"噂話","うわさばなし",""
10173,"体を動かす","からだをうごかす",""
10174,"谷間","たにま",""
10175,"樹木","じゅもく",""
10176,"超越","ちょうえつ",""
10177,"家庭教師","かていきょうし",""
10178,"滅茶苦茶","めちゃくちゃ",""
10179,"行ってらっしゃい","いってらっしゃい",""
10180,"編","へん",""
10181,"甲板","かんぱん",""
10182,"方がよい","ほうがよい","ほうがよい"
10183,"踏みしめる","ふみしめる",""
10184,"どこからともなく","どこからともなく","どこからとも無く; 何処からともなく; 何処からとも無く"
10185,"おしゃれ","おしゃれ","お洒落; 御洒落"
10186,"ことこそ","ことこそ","事こそ"
10187,"勿体ない","もったいない",""
10188,"ありふれる","ありふれる","あり触れる; 有り触れる; 有触れる"
10189,"あっという間","あっというま",""
10190,"怯える","おびえる","おびえる; 悸える; 脅える"
10191,"どれどれ","どれどれ",""
10192,"ご覧になる","ごらんになる",""
10193,"ありったけ","ありったけ","有りったけ; 有りっ丈"
10194,"さておく","さておく","さて置く; 扠置く; 扨置く"
10195,"咳き込む","せきこむ",""
10196,"あて","あて","宛; 宛て; 当て"
10197,"買い出し","かいだし",""
10198,"しっかし","しっかし",""
10199,"ぶん殴る","ぶんなぐる",""
10200,"ボケ","ボケ",""
10201,"民","みん",""
10202,"ごちゃごちゃ","ごちゃごちゃ",""
10203,"出撃","しゅつげき",""
10204,"捕縛","ほばく",""
10205,"下級","かきゅう",""
10206,"樽","たる",""
10207,"この期に及んで","このごにおよんで",""
10208,"疎い","うとい",""
10209,"武力","ぶりょく",""
10210,"バンド","バンド",""
10211,"薄々","うすうす",""
10212,"報復","ほうふく",""
10213,"飴","あめ",""
10214,"気質","きしつ",""
10215,"杉","すぎ",""
10216,"遠慮がち","えんりょがち",""
10217,"治まる","おさまる",""
10218,"内面","ないめん",""
10219,"真似る","まねる",""
10220,"褒美","ほうび",""
10221,"土産","みやげ",""
10222,"鼠","ねずみ",""
10223,"外れ","はずれ",""
10224,"キャンプ","キャンプ",""
10225,"救助","きゅうじょ",""
10226,"教官","きょうかん",""
10227,"歪み","ゆがみ",""
10228,"好意的","こういてき",""
10229,"蹴り飛ばす","けりとばす",""
10230,"カラス","カラス",""
10231,"善良","ぜんりょう",""
10232,"七月","しちがつ",""
10233,"禁忌","きんき",""
10234,"宣告","せんこく",""
10235,"優等生","ゆうとうせい",""
10236,"酔い","よい",""
10237,"つまらん","つまらん","詰らん"
10238,"シフト","シフト",""
10239,"葉っぱ","はっぱ",""
10240,"部類","ぶるい",""
10241,"動","どう",""
10242,"稼ぎ","かせぎ",""
10243,"徒","と",""
10244,"颯爽","さっそう",""
10245,"貝","かい",""
10246,"見分ける","みわける",""
10247,"忍者","にんじゃ",""
10248,"蒼","あお",""
10249,"キャッチ","キャッチ",""
10250,"ミリ","ミリ",""
10251,"街並み","まちなみ",""
10252,"荒げる","あらげる",""
10253,"挙句","あげく",""
10254,"質量","しつりょう",""
10255,"穴が開く","あながあく",""
10256,"鼓膜","こまく",""
10257,"味付け","あじつけ",""
10258,"くねる","くねる",""
10259,"ざわざわ","ざわざわ",""
10260,"いい加減にする","いいかげんにする",""
10261,"爆","ばく",""
10262,"見ての通り","みてのとおり",""
10263,"丁重","ていちょう",""
10264,"貼り付ける","はりつける",""
10265,"ついて行く","ついていく",""
10266,"対価","たいか",""
10267,"清々しい","すがすがしい",""
10268,"ぐりぐり","ぐりぐり",""
10269,"先走る","さきばしる",""
10270,"勉強になる","べんきょうになる",""
10271,"痛めつける","いためつける",""
10272,"ペア","ペア",""
10273,"夕焼け","ゆうやけ",""
10274,"欄","らん",""
10275,"寝息","ねいき",""
10276,"刺客","しかく",""
10277,"兵力","へいりょく",""
10278,"面と向かう","めんとむかう",""
10279,"恩返し","おんがえし",""
10280,"いやはや","いやはや",""
10281,"手間取る","てまどる",""
10282,"サークル","サークル",""
10283,"返す","かえす","かえす; 反す"
10284,"パリ","パリ","巴里"
10285,"ス","ス",""
10286,"難しい","むずかしい","むずかしい; 六ヶ敷い"
10287,"拙","せつ",""
10288,"出ていく","でていく",""
10289,"おばあさん","おばあさん","お婆さん; お祖母さん; 御婆さん; 御祖母さん"
10290,"くだ","くだ",""
10291,"カワイイ","カワイイ",""
10292,"バカみたい","バカみたい",""
10293,"落す","おとす",""
10294,"ちっと","ちっと","些と; 少と"
10295,"手をつなぐ","てをつなぐ",""
10296,"突き落とす","つきおとす",""
10297,"ヘヘ","ヘヘ",""
10298,"押さえる","おさえる","おさえる; 押える"
10299,"珍しい","めずらしい","めずらしい; 珍らしい"
10300,"賑やか","にぎやか","にぎやか"
10301,"形","けい",""
10302,"愛し合う","あいしあう",""
10303,"血走る","ちばしる",""
10304,"エリート","エリート",""
10305,"雑用","ざつよう",""
10306,"捕虜","ほりょ",""
10307,"見間違う","みまちがう",""
10308,"空港","くうこう",""
10309,"惨状","さんじょう",""
10310,"夜会","やかい",""
10311,"肝","きも",""
10312,"申し訳","もうしわけ",""
10313,"特技","とくぎ",""
10314,"逞しい","たくましい",""
10315,"野望","やぼう",""
10316,"量産","りょうさん",""
10317,"叔父","おじ","おじ; 伯父"
10318,"形容","けいよう",""
10319,"ぼそり","ぼそり",""
10320,"務まる","つとまる",""
10321,"居座る","いすわる",""
10322,"占拠","せんきょ",""
10323,"若い頃","わかいころ",""
10324,"旋回","せんかい",""
10325,"嬉々","きき",""
10326,"登場人物","とうじょうじんぶつ",""
10327,"簡易","かんい",""
10328,"コール","コール",""
10329,"不快感","ふかいかん",""
10330,"論文","ろんぶん",""
10331,"大声を出す","おおごえをだす",""
10332,"憤慨","ふんがい",""
10333,"いつまで経っても","いつまでたっても",""
10334,"邪魔者","じゃまもの",""
10335,"出勤","しゅっきん",""
10336,"花弁","はなびら",""
10337,"瀬","せ",""
10338,"感性","かんせい",""
10339,"絡み合う","からみあう",""
10340,"切れ","きれ",""
10341,"と言うのは","というのは",""
10342,"牢獄","ろうごく",""
10343,"雷鳴","らいめい",""
10344,"退学","たいがく",""
10345,"大人っぽい","おとなっぽい",""
10346,"鉛筆","えんぴつ",""
10347,"散乱","さんらん",""
10348,"バケツ","バケツ",""
10349,"マリア","マリア",""
10350,"幼稚園","ようちえん",""
10351,"伯","はく",""
10352,"不完全","ふかんぜん",""
10353,"入室","にゅうしつ",""
10354,"味噌汁","みそしる",""
10355,"街灯","がいとう",""
10356,"打ち上げる","うちあげる",""
10357,"陰で","かげで",""
10358,"拡張","かくちょう",""
10359,"殺る","やる",""
10360,"応接室","おうせつしつ",""
10361,"早起き","はやおき",""
10362,"伝達","でんたつ",""
10363,"流れ落ちる","ながれおちる",""
10364,"天地","てんち",""
10365,"常識的","じょうしきてき",""
10366,"中継","ちゅうけい",""
10367,"仕打ち","しうち",""
10368,"お水","おみず",""
10369,"会談","かいだん",""
10370,"行き届く","いきとどく",""
10371,"軍事","ぐんじ",""
10372,"最早","もはや",""
10373,"貴殿","きでん",""
10374,"和らげる","やわらげる",""
10375,"仲良い","なかよい",""
10376,"隙","すき","すき; 透き"
10377,"身震い","みぶるい",""
10378,"攻防","こうぼう",""
10379,"栄光","えいこう",""
10380,"損害","そんがい",""
10381,"脱走","だっそう",""
10382,"一対一","いちたいいち",""
10383,"素っ気ない","そっけない",""
10384,"なんせ","なんせ",""
10385,"オヤジ","オヤジ",""
10386,"引きずり出す","ひきずりだす",""
10387,"よりにもよって","よりにもよって","選りにも選って"
10388,"いっそのこと","いっそのこと","いっその事; 一層のこと; 一層の事"
10389,"キノコ","キノコ",""
10390,"山","やま","やま"
10391,"血まみれ","ちまみれ",""
10392,"くちる","くちる","朽ちる"
10393,"呻く","うめく","うめく"
10394,"大したことない","たいしたことない",""
10395,"ときたら","ときたら","と来たら"
10396,"出来上がる","できあがる","できあがる; でき上がる; 出来あがる; 出来上る"
10397,"光り輝く","ひかりかがやく",""
10398,"ご馳走","ごちそう",""
10399,"ただ今","ただいま",""
10400,"さぞかし","さぞかし","嘸かし"
10401,"星","せい",""
10402,"都","みやこ",""
10403,"宮","きゅう",""
10404,"香","か",""
10405,"激昂","げっこう",""
10406,"入場","にゅうじょう",""
10407,"関","せき",""
10408,"坂道","さかみち",""
10409,"史","し",""
10410,"役職","やくしょく",""
10411,"停める","とめる",""
10412,"蔑む","さげすむ",""
10413,"家系","かけい",""
10414,"くすりと","くすりと",""
10415,"山脈","さんみゃく",""
10416,"レンズ","レンズ",""
10417,"好機","こうき",""
10418,"相","あい",""
10419,"ノイズ","ノイズ",""
10420,"喧騒","けんそう",""
10421,"殺戮","さつりく",""
10422,"首を縦に振る","くびをたてにふる",""
10423,"審判","しんぱん",""
10424,"由","よし",""
10425,"真っ二つに","まっぷたつに",""
10426,"民族","みんぞく",""
10427,"五時","ごじ",""
10428,"木箱","きばこ",""
10429,"寝かす","ねかす",""
10430,"名物","めいぶつ",""
10431,"激情","げきじょう",""
10432,"長々","ながなが",""
10433,"欺く","あざむく",""
10434,"一国","いっこく",""
10435,"昼過ぎ","ひるすぎ",""
10436,"童貞","どうてい",""
10437,"おかず","おかず","お数; お菜; 御菜"
10438,"ペットボトル","ペットボトル",""
10439,"構図","こうず",""
10440,"装","そう",""
10441,"持参","じさん",""
10442,"稲妻","いなずま",""
10443,"幸","さち",""
10444,"噴出","ふんしゅつ",""
10445,"ナイス","ナイス",""
10446,"べったり","べったり",""
10447,"最奥","さいおう",""
10448,"適性","てきせい",""
10449,"呑気","のんき",""
10450,"壇上","だんじょう",""
10451,"好物","こうぶつ",""
10452,"一周","いっしゅう",""
10453,"処罰","しょばつ",""
10454,"精度","せいど",""
10455,"首元","くびもと",""
10456,"墜落","ついらく",""
10457,"独り占め","ひとりじめ",""
10458,"秒で","びょうで",""
10459,"大成功","だいせいこう",""
10460,"散らかる","ちらかる",""
10461,"厳密","げんみつ",""
10462,"悪事","あくじ",""
10463,"凌ぐ","しのぐ",""
10464,"凝る","こる","こる"
10465,"締め上げる","しめあげる",""
10466,"殺人事件","さつじんじけん",""
10467,"ブーツ","ブーツ",""
10468,"密室","みっしつ",""
10469,"九月","くがつ",""
10470,"六月","ろくがつ",""
10471,"ボート","ボート",""
10472,"蓋を開ける","ふたをあける",""
10473,"誰しも","だれしも",""
10474,"視る","みる",""
10475,"転倒","てんとう",""
10476,"かも知れません","かもしれません",""
10477,"録音","ろくおん",""
10478,"抜け落ちる","ぬけおちる",""
10479,"メス","メス",""
10480,"なりかける","なりかける","成り掛ける"
10481,"お前たち","おまえたち","おまえたち; おまえ達; お前達; 御前たち; 御前達"
10482,"追いつめる","おいつめる",""
10483,"引き金","ひきがね",""
10484,"身じろぎ","みじろぎ",""
10485,"じゃなさそう","じゃなさそう","じゃ無さそう"
10486,"ずうっと","ずうっと",""
10487,"すがりつく","すがりつく","すがり付く; 縋りつく; 縋り付く"
10488,"お母さん","おかあさん","おかあさん; 御母さん"
10489,"どころじゃない","どころじゃない","処じゃない; 所じゃない"
10490,"オッサン","オッサン",""
10491,"喉","のど","のど; 吭; 咽"
10492,"ご自身","ごじしん",""
10493,"恥をかく","はじをかく",""
10494,"えぐる","えぐる","刳る; 剔る; 抉る"
10495,"たしなめる","たしなめる","嗜める; 窘める"
10496,"持ってくる","もってくる","もってくる; もって来る; 持って来る"
10497,"それどころ","それどころ","其処"
10498,"褒める","ほめる","ほめる; 称める; 誉める; 讃める; 賞める"
10499,"ご無沙汰","ごぶさた",""
10500,"相まって","あいまって",""
10501,"火","か",""
10502,"主","しゅ",""
10503,"意味合い","いみあい",""
10504,"ロッカー","ロッカー",""
10505,"鉱山","こうざん",""
10506,"地道","じみち",""
10507,"頬張る","ほおばる",""
10508,"事象","じしょう",""
10509,"技能","ぎのう",""
10510,"外観","がいかん",""
10511,"もとい","もとい",""
10512,"宥める","なだめる",""
10513,"茶色い","ちゃいろい",""
10514,"じわり","じわり",""
10515,"教養","きょうよう",""
10516,"相場","そうば",""
10517,"穿く","はく",""
10518,"横たえる","よこたえる",""
10519,"迂回","うかい",""
10520,"首を捻る","くびをひねる",""
10521,"噛み締める","かみしめる",""
10522,"かくして","かくして","斯くして"
10523,"吸い取る","すいとる",""
10524,"連れ","つれ",""
10525,"育成","いくせい",""
10526,"おでこ","おでこ","お凸; 御凸"
10527,"葬儀","そうぎ",""
10528,"宿泊","しゅくはく",""
10529,"ハンドル","ハンドル",""
10530,"舞踏会","ぶとうかい",""
10531,"交じり","まじり",""
10532,"涙を浮かべる","なみだをうかべる",""
10533,"陣営","じんえい",""
10534,"舌先","したさき",""
10535,"左足","ひだりあし",""
10536,"インパクト","インパクト",""
10537,"甲冑","かっちゅう",""
10538,"義","ぎ",""
10539,"近々","ちかぢか",""
10540,"別れを告げる","わかれをつげる",""
10541,"黒板","こくばん",""
10542,"助力","じょりょく",""
10543,"よもや","よもや",""
10544,"あどけない","あどけない",""
10545,"此処","ここ",""
10546,"招待状","しょうたいじょう",""
10547,"皺を寄せる","しわをよせる",""
10548,"暴露","ばくろ",""
10549,"じきに","じきに","直に"
10550,"浴室","よくしつ",""
10551,"台風","たいふう",""
10552,"攻め","せめ",""
10553,"発進","はっしん",""
10554,"三千","さんぜん",""
10555,"電話を切る","でんわをきる",""
10556,"手分け","てわけ",""
10557,"霞","かすみ",""
10558,"汗ばむ","あせばむ",""
10559,"アスファルト","アスファルト",""
10560,"段取り","だんどり",""
10561,"一人にする","ひとりにする",""
10562,"肩越し","かたごし",""
10563,"災厄","さいやく",""
10564,"遠回り","とおまわり",""
10565,"歯車","はぐるま",""
10566,"人間らしい","にんげんらしい",""
10567,"暗号","あんごう",""
10568,"ハイ","ハイ",""
10569,"率先","そっせん",""
10570,"講師","こうし",""
10571,"狭間","はざま",""
10572,"啜る","すする",""
10573,"ブルー","ブルー",""
10574,"境界","きょうかい",""
10575,"評する","ひょうする",""
10576,"目撃者","もくげきしゃ",""
10577,"サイレン","サイレン",""
10578,"惑星","わくせい",""
10579,"潜伏","せんぷく",""
10580,"聞き入れる","ききいれる",""
10581,"逃げ","にげ",""
10582,"程がある","ほどがある","ほどがある; 程が有る"
10583,"頼む","たのむ","たのむ; 恃む; 憑む"
10584,"きらめく","きらめく","煌く; 煌めく"
10585,"どういうわけか","どういうわけか","どういう訳か; どう言うわけか; どう言う訳か"
10586,"探す","さがす","さがす; 捜す"
10587,"ご苦労さま","ごくろうさま",""
10588,"仲よく","なかよく",""
10589,"心配をかける","しんぱいをかける",""
10590,"つうか","つうか",""
10591,"行なう","おこなう",""
10592,"あんな風に","あんなふうに","あんなふうに"
10593,"お守り","おもり",""
10594,"おどける","おどける","戯ける"
10595,"許す","ゆるす","ゆるす; 聴す; 赦す"
10596,"むかつく","むかつく",""
10597,"こびりつく","こびりつく","こびり付く; こびり着く"
10598,"タバコ","タバコ",""
10599,"しょうがねえ","しょうがねえ",""
10600,"そういうもん","そういうもん",""
10601,"第","だい","だい"
10602,"擦る","こする",""
10603,"瞬く","またたく",""
10604,"導き出す","みちびきだす",""
10605,"獰猛","どうもう",""
10606,"癒える","いえる",""
10607,"見つめ返す","みつめかえす",""
10608,"恋心","こいごころ",""
10609,"単刀直入","たんとうちょくにゅう",""
10610,"熟練","じゅくれん",""
10611,"嘲笑う","あざわらう",""
10612,"内装","ないそう",""
10613,"失敬","しっけい",""
10614,"咀嚼","そしゃく",""
10615,"打ち解ける","うちとける",""
10616,"余計なお世話","よけいなおせわ",""
10617,"二人分","ふたりぶん",""
10618,"真紅","しんく",""
10619,"保留","ほりゅう",""
10620,"電子","でんし",""
10621,"籠もる","こもる",""
10622,"ちらつく","ちらつく",""
10623,"正規","せいき",""
10624,"にっこり笑う","にっこりわらう",""
10625,"丸出し","まるだし",""
10626,"長女","ちょうじょ",""
10627,"亀頭","きとう",""
10628,"涙ぐむ","なみだぐむ",""
10629,"杭","くい",""
10630,"意気","いき",""
10631,"画家","がか",""
10632,"台本","だいほん",""
10633,"運び","はこび",""
10634,"火薬","かやく",""
10635,"双眸","そうぼう",""
10636,"二番目","にばんめ",""
10637,"血の気が引く","ちのけがひく",""
10638,"粘る","ねばる",""
10639,"着込む","きこむ",""
10640,"清水","しみず",""
10641,"サラリーマン","サラリーマン",""
10642,"膜","まく",""
10643,"間を置く","まをおく",""
10644,"連鎖","れんさ",""
10645,"用途","ようと",""
10646,"ブラック","ブラック",""
10647,"招き入れる","まねきいれる",""
10648,"難儀","なんぎ",""
10649,"目を落とす","めをおとす",""
10650,"罪を犯す","つみをおかす",""
10651,"客間","きゃくま",""
10652,"慈愛","じあい",""
10653,"寝息を立てる","ねいきをたてる",""
10654,"聞き慣れる","ききなれる",""
10655,"勝ち取る","かちとる",""
10656,"搔く","かく",""
10657,"爪先","つまさき",""
10658,"ケツ","ケツ",""
10659,"前々から","まえまえから",""
10660,"技量","ぎりょう",""
10661,"前触れ","まえぶれ",""
10662,"取り巻き","とりまき",""
10663,"わた","わた","棉; 綿"
10664,"照れ隠し","てれかくし",""
10665,"時分","じぶん",""
10666,"関係性","かんけいせい",""
10667,"大広間","おおひろま",""
10668,"パイプ","パイプ",""
10669,"何としても","なんとしても",""
10670,"灯す","ともす",""
10671,"突如として","とつじょとして",""
10672,"気を引き締める","きをひきしめる",""
10673,"司る","つかさどる",""
10674,"広告","こうこく",""
10675,"上陸","じょうりく",""
10676,"呻き声","うめきごえ",""
10677,"続々","ぞくぞく",""
10678,"素顔","すがお",""
10679,"三番","さんばん",""
10680,"鉛","なまり",""
10681,"仕舞う","しまう",""
10682,"異議","いぎ",""
10683,"信じがたい","しんじがたい",""
10684,"引っかける","ひっかける",""
10685,"果たして","はたして","はたして; 果して"
10686,"見いだす","みいだす",""
10687,"しようがない","しようがない","しようが無い"
10688,"名残","なごり",""
10689,"ごちそうさまでした","ごちそうさまでした","ご馳走さまでした; ご馳走様でした; 御馳走様でした"
10690,"じゃあるまいし","じゃあるまいし",""
10691,"どうしますか","どうしますか",""
10692,"覚える","おぼえる","おぼえる; 憶える"
10693,"ゆき","ゆき",""
10694,"温もり","ぬくもり","ぬくもり"
10695,"溜息を吐く","ためいきをつく",""
10696,"身をよじる","みをよじる",""
10697,"隣","となり","となり; 鄰; 隣り"
10698,"とっておき","とっておき","取っておき; 取って置き"
10699,"仕方がない","しかたがない","しかたがない; し方がない; 仕方が無い"
10700,"君ら","きみら",""
10701,"トレーニング","トレーニング",""
10702,"卑劣","ひれつ",""
10703,"塞がる","ふさがる",""
10704,"息を飲む","いきをのむ",""
10705,"逃げ道","にげみち",""
10706,"哀しい","かなしい",""
10707,"催促","さいそく",""
10708,"円形","えんけい",""
10709,"救済","きゅうさい",""
10710,"着飾る","きかざる",""
10711,"万歳","ばんざい",""
10712,"さらっと","さらっと",""
10713,"殿方","とのがた",""
10714,"矛先","ほこさき",""
10715,"歩き続ける","あるきつづける",""
10716,"そうしないと","そうしないと",""
10717,"やんわり","やんわり",""
10718,"警報","けいほう",""
10719,"区切る","くぎる",""
10720,"神父","しんぷ",""
10721,"中指","なかゆび",""
10722,"礼儀正しい","れいぎただしい",""
10723,"疾走","しっそう",""
10724,"無効化","むこうか",""
10725,"商店","しょうてん",""
10726,"フィールド","フィールド",""
10727,"灼熱","しゃくねつ",""
10728,"踵","かかと",""
10729,"日光","にっこう",""
10730,"お勧め","おすすめ",""
10731,"老いる","おいる",""
10732,"筋合い","すじあい",""
10733,"そうかもしれません","そうかもしれません",""
10734,"スクリーン","スクリーン",""
10735,"愛用","あいよう",""
10736,"体液","たいえき",""
10737,"生る","なる",""
10738,"怪","かい",""
10739,"左様","さよう",""
10740,"足を引っ張る","あしをひっぱる",""
10741,"ドロドロ","ドロドロ",""
10742,"花壇","かだん",""
10743,"七つ","ななつ",""
10744,"分散","ぶんさん",""
10745,"切実","せつじつ",""
10746,"任命","にんめい",""
10747,"紋","もん",""
10748,"語尾","ごび",""
10749,"ライオン","ライオン",""
10750,"鶴","つる",""
10751,"芋","いも",""
10752,"飛来","ひらい",""
10753,"口を閉ざす","くちをとざす",""
10754,"ナンバー","ナンバー",""
10755,"っ子","っこ",""
10756,"人前","ひとまえ",""
10757,"念じる","ねんじる",""
10758,"もう一方","もういっぽう",""
10759,"機材","きざい",""
10760,"じんわり","じんわり",""
10761,"刑","けい",""
10762,"部門","ぶもん",""
10763,"合体","がったい",""
10764,"亡き","なき",""
10765,"発作","ほっさ",""
10766,"身の上","みのうえ",""
10767,"ただの人","ただのひと",""
10768,"呼び戻す","よびもどす",""
10769,"清楚","せいそ",""
10770,"蕩ける","とろける",""
10771,"筋力","きんりょく",""
10772,"目印","めじるし",""
10773,"打ち破る","うちやぶる",""
10774,"束の間","つかのま",""
10775,"相槌を打つ","あいづちをうつ",""
10776,"違法","いほう",""
10777,"熱意","ねつい",""
10778,"我が身","わがみ",""
10779,"二の腕","にのうで",""
10780,"剥がす","はがす",""
10781,"翻す","ひるがえす",""
10782,"予期","よき",""
10783,"くたばる","くたばる",""
10784,"迸る","ほとばしる",""
10785,"区域","くいき",""
10786,"サングラス","サングラス",""
10787,"当番","とうばん",""
10788,"お宝","おたから",""
10789,"君臨","くんりん",""
10790,"しごく","しごく","扱く"
10791,"挟む","はさむ","はさむ; 挾む; 挿む"
10792,"何なのか","なんなのか","なんなのか"
10793,"都合がいい","つごうがいい",""
10794,"いい話","いいはなし",""
10795,"へし折る","へしおる",""
10796,"ほころぶ","ほころぶ","綻ぶ"
10797,"喚く","わめく","わめく; 叫く"
10798,"向こう","むこう","むこう"
10799,"ダメダメ","ダメダメ",""
10800,"露わにする","あらわにする",""
10801,"とう","とう","党"
10802,"階","きざはし",""
10803,"言い難い","いいがたい",""
10804,"二十代","にじゅうだい",""
10805,"降下","こうか",""
10806,"診る","みる",""
10807,"別物","べつもの",""
10808,"弾力","だんりょく",""
10809,"勇気を出す","ゆうきをだす",""
10810,"差し入れる","さしいれる",""
10811,"冠","かんむり",""
10812,"満々","まんまん",""
10813,"分裂","ぶんれつ",""
10814,"明治","めいじ",""
10815,"身軽","みがる",""
10816,"ブラ","ブラ",""
10817,"一年前","いちねんまえ",""
10818,"労力","ろうりょく",""
10819,"出回る","でまわる",""
10820,"征服","せいふく",""
10821,"斬","ざん",""
10822,"どうこう","どうこう",""
10823,"幼児","ようじ",""
10824,"農業","のうぎょう",""
10825,"流通","りゅうつう",""
10826,"癒やす","いやす",""
10827,"路地裏","ろじうら",""
10828,"孤児","こじ",""
10829,"レジ","レジ",""
10830,"がてら","がてら",""
10831,"署","しょ",""
10832,"遠方","えんぽう",""
10833,"二時","にじ",""
10834,"外交","がいこう",""
10835,"各所","かくしょ",""
10836,"噂を聞く","うわさをきく",""
10837,"揚げる","あげる",""
10838,"悠々","ゆうゆう",""
10839,"遠い目","とおいめ",""
10840,"拉致","らち",""
10841,"屈強","くっきょう",""
10842,"天候","てんこう",""
10843,"参戦","さんせん",""
10844,"胡散臭い","うさんくさい",""
10845,"彫る","ほる",""
10846,"該当","がいとう",""
10847,"是非とも","ぜひとも",""
10848,"良","りょう",""
10849,"身支度","みじたく",""
10850,"抱擁","ほうよう",""
10851,"穏便","おんびん",""
10852,"展示","てんじ",""
10853,"知能","ちのう",""
10854,"役所","やくしょ",""
10855,"拙い","つたない",""
10856,"遙か","はるか",""
10857,"取り返しのつかない","とりかえしのつかない",""
10858,"一色","いっしょく",""
10859,"襖","ふすま",""
10860,"付着","ふちゃく",""
10861,"修学旅行","しゅうがくりょこう",""
10862,"胸を撫で下ろす","むねをなでおろす",""
10863,"片","かた",""
10864,"心得","こころえ",""
10865,"ふんわり","ふんわり",""
10866,"指導者","しどうしゃ",""
10867,"眉を顰める","まゆをひそめる",""
10868,"空洞","くうどう",""
10869,"親密","しんみつ",""
10870,"信","しん",""
10871,"自爆","じばく",""
10872,"一大事","いちだいじ",""
10873,"霧散","むさん",""
10874,"棺","かん",""
10875,"修業","しゅうぎょう",""
10876,"擦れる","すれる",""
10877,"ドアノブ","ドアノブ",""
10878,"上部","じょうぶ",""
10879,"布地","ぬのじ",""
10880,"そそる","そそる","唆る"
10881,"うちら","うちら",""
10882,"聞える","きこえる",""
10883,"舞う","まう","まう"
10884,"お願いいたします","おねがいいたします",""
10885,"てか","てか",""
10886,"起る","おこる",""
10887,"極めて","きわめて","きわめて"
10888,"お父","おとう",""
10889,"オタク","オタク",""
10890,"たが","たが","箍"
10891,"様だ","ようだ",""
10892,"ことは無い","ことはない",""
10893,"揉める","もめる","もめる"
10894,"お兄ちゃん","おにいちゃん","おにいちゃん"
10895,"ばらまく","ばらまく","ばら撒く; ばら蒔く; 散蒔く"
10896,"これはこれは","これはこれは",""
10897,"ごくごく","ごくごく","極々; 極極"
10898,"あなた様","あなたさま",""
10899,"かき集める","かきあつめる",""
10900,"ほんのわずか","ほんのわずか","ほんの僅か"
10901,"踏む","ふむ","ふむ; 履む; 践む"
10902,"病","びょう",""
10903,"ロック","ロック",""
10904,"進言","しんげん",""
10905,"所有者","しょゆうしゃ",""
10906,"パンパン","パンパン",""
10907,"退場","たいじょう",""
10908,"百合","ゆり",""
10909,"キャンセル","キャンセル",""
10910,"エピソード","エピソード",""
10911,"神経質","しんけいしつ",""
10912,"瀕死","ひんし",""
10913,"すらり","すらり",""
10914,"家賃","やちん",""
10915,"小突く","こづく",""
10916,"全速力","ぜんそくりょく",""
10917,"泣きじゃくる","なきじゃくる",""
10918,"成就","じょうじゅ",""
10919,"穿つ","うがつ",""
10920,"幾度となく","いくどとなく",""
10921,"いそいそ","いそいそ",""
10922,"交戦","こうせん",""
10923,"振りかざす","ふりかざす",""
10924,"合同","ごうどう",""
10925,"無実","むじつ",""
10926,"国王陛下","こくおうへいか",""
10927,"爵位","しゃくい",""
10928,"快活","かいかつ",""
10929,"実る","みのる",""
10930,"マフラー","マフラー",""
10931,"無効","むこう",""
10932,"開拓","かいたく",""
10933,"武術","ぶじゅつ",""
10934,"ミサイル","ミサイル",""
10935,"生真面目","きまじめ",""
10936,"もうすっかり","もうすっかり",""
10937,"泣き","なき",""
10938,"保持","ほじ",""
10939,"頭を垂れる","こうべをたれる",""
10940,"幾度","いくど",""
10941,"直径","ちょっけい",""
10942,"性的","せいてき",""
10943,"何とも言えない","なんともいえない",""
10944,"よろよろ","よろよろ",""
10945,"金庫","きんこ",""
10946,"推察","すいさつ",""
10947,"乗り","のり",""
10948,"船長","せんちょう",""
10949,"蝕む","むしばむ",""
10950,"山中","さんちゅう",""
10951,"お互い様","おたがいさま",""
10952,"住宅街","じゅうたくがい",""
10953,"疼く","うずく",""
10954,"掟","おきて",""
10955,"電撃","でんげき",""
10956,"統治","とうち",""
10957,"感傷","かんしょう",""
10958,"失恋","しつれん",""
10959,"意味深","いみしん",""
10960,"死因","しいん",""
10961,"執念","しゅうねん",""
10962,"行動を取る","こうどうをとる",""
10963,"身に纏う","みにまとう",""
10964,"マネージャー","マネージャー",""
10965,"出動","しゅつどう",""
10966,"退避","たいひ",""
10967,"女中","じょちゅう",""
10968,"浸す","ひたす",""
10969,"万事","ばんじ",""
10970,"ジャンル","ジャンル",""
10971,"野心","やしん",""
10972,"桶","おけ",""
10973,"間に入る","あいだにはいる",""
10974,"固有","こゆう",""
10975,"立候補","りっこうほ",""
10976,"ムリ","ムリ",""
10977,"さらば","さらば","然らば"
10978,"直ちに","ただちに","ただちに"
10979,"でたらめ","でたらめ","出鱈目"
10980,"宛","あて",""
10981,"手にとる","てにとる",""
10982,"わん","わん","湾"
10983,"打ちつける","うちつける",""
10984,"おけばいい","おけばいい","置けばいい; 置けば良い"
10985,"ゴミ箱","ゴミばこ",""
10986,"似合う","にあう","にあう; 似あう"
10987,"緩い","ゆるい","ゆるい"
10988,"やらす","やらす","遣らす"
10989,"薄い","うすい","うすい"
10990,"のけぞる","のけぞる","のけ反る; 仰けぞる; 仰け反る; 仰反る"
10991,"眼鏡をかける","めがねをかける",""
10992,"よろしくお願いいたします","よろしくおねがいいたします",""
10993,"そうはいかない","そうはいかない","そうは行かない"
10994,"もう一人","もうひとり","もうひとり; もう１人"
10995,"丸","まる","まる; 円"
10996,"おねだり","おねだり","お強請り"
10997,"手をやる","てをやる",""
10998,"引っかかる","ひっかかる","ひっかかる; 引っ掛かる; 引っ掛る"
10999,"遠","とお",""
11000,"引きずり込む","ひきずりこむ",""
11001,"話","わ",""
11002,"世","せい",""
11003,"杯","さかずき",""
11004,"言っとくけど","いっとくけど",""
11005,"面子","メンツ",""
11006,"姫君","ひめぎみ",""
11007,"騒々しい","そうぞうしい",""
11008,"風船","ふうせん",""
11009,"ソフト","ソフト",""
11010,"同性","どうせい",""
11011,"せっせと","せっせと",""
11012,"くんない","くんない",""
11013,"言い回し","いいまわし",""
11014,"山のよう","やまのよう",""
11015,"ご協力","ごきょうりょく",""
11016,"お気に召す","おきにめす",""
11017,"掌握","しょうあく",""
11018,"偉い人","えらいひと",""
11019,"削ぐ","そぐ",""
11020,"力任せ","ちからまかせ",""
11021,"期待に応える","きたいにこたえる",""
11022,"天空","てんくう",""
11023,"刻","こく",""
11024,"乾かす","かわかす",""
11025,"本題に入る","ほんだいにはいる",""
11026,"子宮","しきゅう",""
11027,"同類","どうるい",""
11028,"通行人","つうこうにん",""
11029,"戦線","せんせん",""
11030,"ファッション","ファッション",""
11031,"無駄になる","むだになる",""
11032,"張り巡らす","はりめぐらす",""
11033,"酔っ払う","よっぱらう",""
11034,"あやす","あやす",""
11035,"能","のう",""
11036,"達者","たっしゃ",""
11037,"どうあれ","どうあれ",""
11038,"アリス","アリス",""
11039,"あの世","あのよ",""
11040,"挙動","きょどう",""
11041,"決行","けっこう",""
11042,"ハンマー","ハンマー",""
11043,"蘇生","そせい",""
11044,"荷台","にだい",""
11045,"話し方","はなしかた",""
11046,"鑑賞","かんしょう",""
11047,"十代","じゅうだい",""
11048,"攻め込む","せめこむ",""
11049,"没収","ぼっしゅう",""
11050,"出演","しゅつえん",""
11051,"観光客","かんこうきゃく",""
11052,"心のどこかで","こころのどこかで",""
11053,"宣戦布告","せんせんふこく",""
11054,"ベテラン","ベテラン",""
11055,"無断で","むだんで",""
11056,"奇跡的","きせきてき",""
11057,"来訪","らいほう",""
11058,"逆に言えば","ぎゃくにいえば",""
11059,"爆音","ばくおん",""
11060,"気が合う","きがあう",""
11061,"下校","げこう",""
11062,"空気を読む","くうきをよむ",""
11063,"手当","てあて",""
11064,"憤り","いきどおり",""
11065,"やり直し","やりなおし",""
11066,"お揃い","おそろい",""
11067,"不死","ふし",""
11068,"集結","しゅうけつ",""
11069,"執行","しっこう",""
11070,"考察","こうさつ",""
11071,"戦法","せんぽう",""
11072,"竿","さお",""
11073,"醸し出す","かもしだす",""
11074,"レポート","レポート",""
11075,"破く","やぶく",""
11076,"力量","りきりょう",""
11077,"骨折","こっせつ",""
11078,"研ぎ澄ます","とぎすます",""
11079,"形作る","かたちづくる",""
11080,"アクセス","アクセス",""
11081,"ひそひそ","ひそひそ",""
11082,"最前線","さいぜんせん",""
11083,"江","え",""
11084,"ゆう","ゆう",""
11085,"取りかかる","とりかかる",""
11086,"眺める","ながめる","ながめる"
11087,"こねる","こねる","捏ねる"
11088,"ふうむ","ふうむ",""
11089,"足","あし","あし; 肢; 脚"
11090,"なきゃ","なきゃ","無きゃ"
11091,"あながち","あながち","強ち"
11092,"脳みそ","のうみそ",""
11093,"渡す","わたす","わたす"
11094,"のぞき込む","のぞきこむ",""
11095,"締めつける","しめつける",""
11096,"ご丁寧","ごていねい",""
11097,"朝ご飯","あさごはん",""
11098,"迂闊","うかつ","うかつ; 迂濶"
11099,"事がない","ことがない",""
11100,"虚しい","むなしい","むなしい; 空しい"
11101,"扇","おうぎ",""
11102,"電話番号","でんわばんごう",""
11103,"次男","じなん",""
11104,"思春期","ししゅんき",""
11105,"創作","そうさく",""
11106,"嗅覚","きゅうかく",""
11107,"仲の良い","なかのよい",""
11108,"イチャイチャ","イチャイチャ",""
11109,"石造り","いしづくり",""
11110,"変人","へんじん",""
11111,"大急ぎ","おおいそぎ",""
11112,"麓","ふもと",""
11113,"搭載","とうさい",""
11114,"好い","よい",""
11115,"ヒール","ヒール",""
11116,"戸口","とぐち",""
11117,"畏怖","いふ",""
11118,"退出","たいしゅつ",""
11119,"宇宙人","うちゅうじん",""
11120,"一振り","ひとふり",""
11121,"妖しい","あやしい",""
11122,"めんどい","めんどい","面倒い"
11123,"倣う","ならう",""
11124,"切り刻む","きりきざむ",""
11125,"三分","さんぷん",""
11126,"籠る","こもる",""
11127,"スカウト","スカウト",""
11128,"三倍","さんばい",""
11129,"衝撃波","しょうげきは",""
11130,"線路","せんろ",""
11131,"支部","しぶ",""
11132,"下心","したごころ",""
11133,"表面上","ひょうめんじょう",""
11134,"ピンと","ピンと",""
11135,"大昔","おおむかし",""
11136,"気を配る","きをくばる",""
11137,"正々堂々","せいせいどうどう",""
11138,"無慈悲","むじひ",""
11139,"可笑しい","おかしい",""
11140,"壮大","そうだい",""
11141,"救世主","きゅうせいしゅ",""
11142,"器具","きぐ",""
11143,"若手","わかて",""
11144,"節約","せつやく",""
11145,"馬に乗る","うまにのる",""
11146,"もぞもぞ","もぞもぞ",""
11147,"反芻","はんすう",""
11148,"水泳","すいえい",""
11149,"通達","つうたつ",""
11150,"当て","あて",""
11151,"吟味","ぎんみ",""
11152,"やり合う","やりあう",""
11153,"宅","たく",""
11154,"ビデオ","ビデオ",""
11155,"息遣い","いきづかい",""
11156,"だけれども","だけれども",""
11157,"捕える","とらえる",""
11158,"貯金","ちょきん",""
11159,"一つずつ","ひとつずつ",""
11160,"校","こう",""
11161,"ＣＤ","シーディー",""
11162,"束縛","そくばく",""
11163,"堅苦しい","かたくるしい",""
11164,"馬鹿みたい","ばかみたい",""
11165,"見越す","みこす",""
11166,"全世界","ぜんせかい",""
11167,"焦燥","しょうそう",""
11168,"どちらにせよ","どちらにせよ",""
11169,"広範囲","こうはんい",""
11170,"心地良い","ここちよい",""
11171,"分際","ぶんざい",""
11172,"こっから","こっから",""
11173,"プレート","プレート",""
11174,"遠征","えんせい",""
11175,"ブランド","ブランド",""
11176,"多々","たた",""
11177,"ゴーレム","ゴーレム",""
11178,"失くす","なくす",""
11179,"純","じゅん",""
11180,"ご令嬢","ごれいじょう",""
11181,"肩書き","かたがき",""
11182,"エサ","エサ",""
11183,"表れる","あらわれる",""
11184,"ささ","ささ","小竹; 笹; 篠"
11185,"こける","こける","転ける"
11186,"当る","あたる",""
11187,"曇り","くもり",""
11188,"丁度いい","ちょうどいい",""
11189,"ヒマ","ヒマ",""
11190,"もろとも","もろとも","諸共"
11191,"膨らみ","ふくらみ",""
11192,"２本","にほん",""
11193,"ト","ト",""
11194,"ピンとくる","ピンとくる","ピンと来る"
11195,"いつまで経っても","いつまでたっても","いつまでたっても; 何時まで経っても"
11196,"普通に","ふつうに",""
11197,"見落とす","みおとす",""
11198,"しっくりくる","しっくりくる","しっくり来る"
11199,"キリ","キリ",""
11200,"ヤダ","ヤダ",""
11201,"酔う","よう","よう"
11202,"長","なが",""
11203,"所作","しょさ",""
11204,"散策","さんさく",""
11205,"偏る","かたよる",""
11206,"唯","ただ",""
11207,"茶碗","ちゃわん",""
11208,"選び","えらび",""
11209,"ちらほら","ちらほら",""
11210,"脳裏に浮かぶ","のうりにうかぶ",""
11211,"他ならぬ","ほかならぬ",""
11212,"気合いを入れる","きあいをいれる",""
11213,"腐敗","ふはい",""
11214,"奪還","だっかん",""
11215,"とどめ","とどめ","止め"
11216,"気高い","けだかい",""
11217,"投げ込む","なげこむ",""
11218,"気さく","きさく",""
11219,"容貌","ようぼう",""
11220,"凍える","こごえる",""
11221,"駆け引き","かけひき",""
11222,"赤色","あかいろ",""
11223,"許容","きょよう",""
11224,"戦意","せんい",""
11225,"加勢","かせい",""
11226,"墨","すみ",""
11227,"座敷","ざしき",""
11228,"あらら","あらら",""
11229,"いい加減にしろ","いいかげんにしろ",""
11230,"坐る","すわる",""
11231,"お医者さん","おいしゃさん",""
11232,"発つ","たつ",""
11233,"発砲","はっぽう",""
11234,"身体中","しんたいじゅう",""
11235,"叩き潰す","たたきつぶす",""
11236,"リクエスト","リクエスト",""
11237,"言い換える","いいかえる",""
11238,"追っ手","おって",""
11239,"けたたましい","けたたましい",""
11240,"感慨深い","かんがいぶかい",""
11241,"勃起","ぼっき",""
11242,"杞憂","きゆう",""
11243,"っちゅう","っちゅう",""
11244,"質素","しっそ",""
11245,"党","とう",""
11246,"気に食わない","きにくわない",""
11247,"接客","せっきゃく",""
11248,"食い物","くいもの",""
11249,"艦隊","かんたい",""
11250,"呼び捨て","よびすて",""
11251,"そんな馬鹿な","そんなばかな",""
11252,"パック","パック",""
11253,"警視庁","けいしちょう",""
11254,"大仰","おおぎょう",""
11255,"隠居","いんきょ",""
11256,"大分","おおいた",""
11257,"染み込む","しみこむ",""
11258,"風貌","ふうぼう",""
11259,"詰める","つめる","つめる"
11260,"見殺し","みごろし",""
11261,"言葉を吐く","ことばをはく",""
11262,"憑く","つく",""
11263,"蒸発","じょうはつ",""
11264,"バリバリ","バリバリ",""
11265,"フラれる","フラれる",""
11266,"映える","はえる",""
11267,"御免","ごめん",""
11268,"無機質","むきしつ",""
11269,"がっしり","がっしり",""
11270,"名高い","なだかい",""
11271,"目覚め","めざめ",""
11272,"前衛","ぜんえい",""
11273,"縁談","えんだん",""
11274,"赤毛","あかげ",""
11275,"後始末","あとしまつ",""
11276,"ぐいっと","ぐいっと",""
11277,"調味料","ちょうみりょう",""
11278,"寝言","ねごと",""
11279,"悔いる","くいる",""
11280,"隻","せき",""
11281,"一八","いちはつ",""
11282,"粘膜","ねんまく",""
11283,"児","じ",""
11284,"かけがえのない","かけがえのない","掛け替えのない"
11285,"言いようがない","いいようがない",""
11286,"いい天気","いいてんき",""
11287,"思ってもみない","おもってもみない",""
11288,"お父さん","おとうさん","おとうさん; 御父さん"
11289,"今ごろ","いまごろ",""
11290,"身代わり","みがわり",""
11291,"ロンドン","ロンドン","倫敦"
11292,"１度","いちど",""
11293,"訳にはいかない","わけにはいかない",""
11294,"やりすぎる","やりすぎる","やり過ぎる; 遣り過ぎる"
11295,"ボロ","ボロ",""
11296,"モヤモヤ","モヤモヤ",""
11297,"次第","しだい","しだい"
11298,"もつれる","もつれる","縺れる"
11299,"取りだす","とりだす",""
11300,"怯む","ひるむ","ひるむ"
11301,"欠席","けっせき",""
11302,"ヘルメット","ヘルメット",""
11303,"探しに","さがしに",""
11304,"先に立つ","さきにたつ",""
11305,"断罪","だんざい",""
11306,"ギター","ギター",""
11307,"抱っこ","だっこ",""
11308,"くしゃみ","くしゃみ","嚏; 嚔"
11309,"二人組","ににんぐみ",""
11310,"歩道","ほどう",""
11311,"横暴","おうぼう",""
11312,"気丈","きじょう",""
11313,"力尽きる","ちからつきる",""
11314,"靄","もや",""
11315,"精神力","せいしんりょく",""
11316,"眷属","けんぞく",""
11317,"寛大","かんだい",""
11318,"負荷","ふか",""
11319,"商","しょう",""
11320,"姿勢を正す","しせいをただす",""
11321,"堀","ほり",""
11322,"風味","ふうみ",""
11323,"運搬","うんぱん",""
11324,"弱者","じゃくしゃ",""
11325,"ギリギリまで","ギリギリまで",""
11326,"人見知り","ひとみしり",""
11327,"クローゼット","クローゼット",""
11328,"繋げる","つなげる",""
11329,"洗面所","せんめんじょ",""
11330,"茶番","ちゃばん",""
11331,"情景","じょうけい",""
11332,"飛翔","ひしょう",""
11333,"半信半疑","はんしんはんぎ",""
11334,"付け根","つけね",""
11335,"進み出る","すすみでる",""
11336,"近しい","ちかしい",""
11337,"掠れる","かすれる",""
11338,"不毛","ふもう",""
11339,"落書き","らくがき",""
11340,"指紋","しもん",""
11341,"おろおろ","おろおろ",""
11342,"糾弾","きゅうだん",""
11343,"所長","しょちょう",""
11344,"甘んじる","あまんじる",""
11345,"弁","べん",""
11346,"仰せ","おおせ",""
11347,"怯え","おびえ",""
11348,"順位","じゅんい",""
11349,"そんなこんな","そんなこんな",""
11350,"先回り","さきまわり",""
11351,"項垂れる","うなだれる",""
11352,"火炎","かえん",""
11353,"六つ","むっつ",""
11354,"暖炉","だんろ",""
11355,"直","じか",""
11356,"司祭","しさい",""
11357,"断末魔","だんまつま",""
11358,"撃ち抜く","うちぬく",""
11359,"調和","ちょうわ",""
11360,"連発","れんぱつ",""
11361,"名字","みょうじ",""
11362,"剣幕","けんまく",""
11363,"照らし出す","てらしだす",""
11364,"レディ","レディ",""
11365,"主君","しゅくん",""
11366,"多忙","たぼう",""
11367,"合成","ごうせい",""
11368,"うるせぇ","うるせぇ",""
11369,"裏庭","うらにわ",""
11370,"運転席","うんてんせき",""
11371,"高熱","こうねつ",""
11372,"巧妙","こうみょう",""
11373,"伝令","でんれい",""
11374,"悪趣味","あくしゅみ",""
11375,"摂取","せっしゅ",""
11376,"苦情","くじょう",""
11377,"魔導","まどう",""
11378,"軽々しい","かるがるしい",""
11379,"二つ目","ふたつめ",""
11380,"社会人","しゃかいじん",""
11381,"描写","びょうしゃ",""
11382,"冷徹","れいてつ",""
11383,"物心","ものごころ",""
11384,"巻き上げる","まきあげる",""
11385,"起こる","おこる","おこる; 起る"
11386,"追っかける","おっかける",""
11387,"絶対","ぜったい","ぜったい"
11388,"生贄","いけにえ",""
11389,"はずのない","はずのない","はずの無い; 筈のない; 筈の無い"
11390,"ッス","ッス",""
11391,"やましい","やましい","疚しい; 疾しい"
11392,"しかるべき","しかるべき","然るべき; 然る可き"
11393,"としたことが","としたことが","とした事が"
11394,"言いつける","いいつける",""
11395,"よくあること","よくあること","よくある事; 良くある事"
11396,"いち早く","いちはやく",""
11397,"ポカン","ポカン",""
11398,"見かねる","みかねる",""
11399,"前に","まえに","まえに"
11400,"膝","ひざ","ひざ"
11401,"山","さん",""
11402,"ハイ","ハイ",""
11403,"唸り声","うなりごえ",""
11404,"無愛想","ぶあいそう",""
11405,"夜風","よかぜ",""
11406,"ひらり","ひらり",""
11407,"シャワーを浴びる","シャワーをあびる",""
11408,"幻想的","げんそうてき",""
11409,"流れ出す","ながれだす",""
11410,"お邪魔します","おじゃまします",""
11411,"無心","むしん",""
11412,"不甲斐ない","ふがいない",""
11413,"長老","ちょうろう",""
11414,"速攻","そっこう",""
11415,"強いて","しいて",""
11416,"指図","さしず",""
11417,"竜巻","たつまき",""
11418,"答えを出す","こたえをだす",""
11419,"真っ向から","まっこうから",""
11420,"鷲","わし",""
11421,"二倍","にばい",""
11422,"ティッシュ","ティッシュ",""
11423,"のろのろ","のろのろ",""
11424,"ブラウス","ブラウス",""
11425,"花瓶","かびん",""
11426,"お先に","おさきに",""
11427,"四時","よじ",""
11428,"腰を浮かす","こしをうかす",""
11429,"鈍い音","にぶいおと",""
11430,"粗末","そまつ",""
11431,"武具","ぶぐ",""
11432,"請け負う","うけおう",""
11433,"声にならない","こえにならない",""
11434,"一大","いちだい",""
11435,"神秘的","しんぴてき",""
11436,"美形","びけい",""
11437,"昆虫","こんちゅう",""
11438,"障子","しょうじ",""
11439,"三枚","さんまい",""
11440,"嗤う","わらう",""
11441,"覆い隠す","おおいかくす",""
11442,"共通点","きょうつうてん",""
11443,"思い起こす","おもいおこす",""
11444,"有意義","ゆういぎ",""
11445,"壮絶","そうぜつ",""
11446,"ぱたぱた","ぱたぱた",""
11447,"温まる","あたたまる",""
11448,"隠し持つ","かくしもつ",""
11449,"民家","みんか",""
11450,"木陰","こかげ",""
11451,"海上","かいじょう",""
11452,"ベランダ","ベランダ",""
11453,"子達","こたち",""
11454,"延ばす","のばす",""
11455,"くしゃくしゃ","くしゃくしゃ",""
11456,"虜","とりこ",""
11457,"欠伸","あくび",""
11458,"支給","しきゅう",""
11459,"叔母","おば",""
11460,"意味ありげ","いみありげ",""
11461,"大違い","おおちがい",""
11462,"居眠り","いねむり",""
11463,"恭しい","うやうやしい",""
11464,"応対","おうたい",""
11465,"最愛","さいあい",""
11466,"愛でる","めでる",""
11467,"生まれ育つ","うまれそだつ",""
11468,"その実","そのじつ",""
11469,"釈然とする","しゃくぜんとする",""
11470,"買い","かい",""
11471,"分離","ぶんり",""
11472,"幾ら","いくら",""
11473,"めり込む","めりこむ",""
11474,"程遠い","ほどとおい",""
11475,"栄える","さかえる",""
11476,"何分","なにぶん",""
11477,"無事か","ぶじか",""
11478,"手短","てみじか",""
11479,"テラス","テラス",""
11480,"吹き荒れる","ふきあれる",""
11481,"臣下","しんか",""
11482,"艶","つや",""
11483,"まつわる","まつわる","纏る; 纏わる"
11484,"なんら","なんら","何ら; 何等"
11485,"そのはず","そのはず","その筈; 其の筈"
11486,"はな","はな",""
11487,"１分","いちぶ",""
11488,"滅多にない","めったにない",""
11489,"鍵をかける","かぎをかける",""
11490,"ついていける","ついていける","付いて行ける"
11491,"気にかかる","きにかかる",""
11492,"考えこむ","かんがえこむ",""
11493,"訳ない","わけない",""
11494,"まこと","まこと","実; 誠"
11495,"落ちる","おちる","おちる; 堕ちる; 墜ちる; 落る"
11496,"座る","すわる","すわる; 坐る; 据る; 据わる"
11497,"あがく","あがく","足掻く; 足搔く; 踠く"
11498,"へこむ","へこむ","凹む"
11499,"らだ","らだ",""
11500,"いいとして","いいとして","良いとして"
11501,"来る","きたる",""
11502,"湖","こ",""
11503,"球","たま",""
11504,"傑作","けっさく",""
11505,"朽ちる","くちる",""
11506,"前面","ぜんめん",""
11507,"釣り合う","つりあう",""
11508,"今まで通り","いままでどおり",""
11509,"吹雪","ふぶき",""
11510,"焼き尽くす","やきつくす",""
11511,"インク","インク",""
11512,"群衆","ぐんしゅう",""
11513,"勇ましい","いさましい",""
11514,"お人好し","おひとよし",""
11515,"清掃","せいそう",""
11516,"なする","なする","擦る"
11517,"しんと","しんと",""
11518,"うどん","うどん","饂飩"
11519,"約束を守る","やくそくをまもる",""
11520,"上出来","じょうでき",""
11521,"からしたら","からしたら",""
11522,"鋭利","えいり",""
11523,"いい顔","いいかお",""
11524,"揺るぐ","ゆるぐ",""
11525,"収容","しゅうよう",""
11526,"気迫","きはく",""
11527,"それが何か","それがなにか",""
11528,"被","ひ",""
11529,"急遽","きゅうきょ",""
11530,"こう言う","こういう",""
11531,"様子見","ようすみ",""
11532,"教え子","おしえご",""
11533,"救援","きゅうえん",""
11534,"寄り","より",""
11535,"鉄板","てっぱん",""
11536,"後ろ手","うしろで",""
11537,"手腕","しゅわん",""
11538,"ウザイ","ウザイ",""
11539,"眠りに落ちる","ねむりにおちる",""
11540,"サイド","サイド",""
11541,"一線","いっせん",""
11542,"弧を描く","こをえがく",""
11543,"局面","きょくめん",""
11544,"凍り付く","こおりつく",""
11545,"ぷるぷる","ぷるぷる",""
11546,"効力","こうりょく",""
11547,"びくっと","びくっと",""
11548,"木材","もくざい",""
11549,"本気を出す","ほんきをだす",""
11550,"眺め","ながめ",""
11551,"気が利く","きがきく",""
11552,"風紀","ふうき",""
11553,"掛け声","かけごえ",""
11554,"新入生","しんにゅうせい",""
11555,"居心地が悪い","いごこちがわるい",""
11556,"悪びれる","わるびれる",""
11557,"血を引く","ちをひく",""
11558,"野蛮","やばん",""
11559,"こっちゃ","こっちゃ",""
11560,"大木","たいぼく",""
11561,"百万","ひゃくまん",""
11562,"金属音","きんぞくおん",""
11563,"間違っても","まちがっても",""
11564,"提げる","さげる",""
11565,"いまや","いまや","今や"
11566,"って言うか","っていうか",""
11567,"まさぐる","まさぐる",""
11568,"大樹","たいじゅ",""
11569,"海水","かいすい",""
11570,"おきなさい","おきなさい",""
11571,"打ちのめす","うちのめす",""
11572,"からと言って","からといって",""
11573,"器官","きかん",""
11574,"ネットワーク","ネットワーク",""
11575,"妖艶","ようえん",""
11576,"腫れる","はれる",""
11577,"ピリピリ","ピリピリ",""
11578,"剥き出し","むきだし",""
11579,"三角","さんかく",""
11580,"北部","ほくぶ",""
11581,"ガチガチ","ガチガチ",""
11582,"舞い降りる","まいおりる",""
11583,"鉄道","てつどう",""
11584,"突っ込む","つっこむ","つっこむ; 突っこむ; 突込む"
11585,"漏れる","もれる","もれる; 洩れる"
11586,"取り引き","とりひき",""
11587,"昨日","きのう","きのう"
11588,"人だかり","ひとだかり",""
11589,"歌う","うたう","うたう; 唄う; 唱う; 詠う; 謡う"
11590,"逃げだす","にげだす",""
11591,"差し上げる","さしあげる","さしあげる; さし上げる; 差上げる"
11592,"怒鳴りつける","どなりつける",""
11593,"つま先","つまさき",""
11594,"１００万","ひゃくまん",""
11595,"いずれにしても","いずれにしても","何れにしても; 孰れにしても"
11596,"喜ぶ","よろこぶ","よろこぶ; 悦ぶ; 慶ぶ; 欣ぶ; 歓ぶ"
11597,"渇く","かわく","かわく"
11598,"当たり前","あたりまえ","あたりまえ; あたり前; 当りまえ; 当り前"
11599,"ムキになる","ムキになる",""
11600,"思いのほか","おもいのほか",""
11601,"ちゃん","ちゃん",""
11602,"つれる","つれる","攣れる"
11603,"トラップ","トラップ",""
11604,"知的","ちてき",""
11605,"銀貨","ぎんか",""
11606,"言葉を濁す","ことばをにごす",""
11607,"眠たい","ねむたい",""
11608,"資産","しさん",""
11609,"発散","はっさん",""
11610,"凌駕","りょうが",""
11611,"理事長","りじちょう",""
11612,"儲ける","もうける",""
11613,"ぶっ飛ばす","ぶっとばす",""
11614,"塵","ごみ",""
11615,"乱入","らんにゅう",""
11616,"豪奢","ごうしゃ",""
11617,"客室","きゃくしつ",""
11618,"息を整える","いきをととのえる",""
11619,"無粋","ぶすい",""
11620,"鼻血","はなぢ",""
11621,"探知","たんち",""
11622,"シャンプー","シャンプー",""
11623,"問い返す","といかえす",""
11624,"河原","かわら",""
11625,"良い子","いいこ",""
11626,"所々","ところどころ",""
11627,"クスクス","クスクス",""
11628,"どこの誰","どこのだれ",""
11629,"極","きょく",""
11630,"管理人","かんりにん",""
11631,"未成年","みせいねん",""
11632,"還る","かえる",""
11633,"称賛","しょうさん",""
11634,"堕落","だらく",""
11635,"前もって","まえもって",""
11636,"掠める","かすめる",""
11637,"巨乳","きょにゅう",""
11638,"骨が折れる","ほねがおれる",""
11639,"嘲る","あざける",""
11640,"興じる","きょうじる",""
11641,"解答","かいとう",""
11642,"さあさあ","さあさあ",""
11643,"鉄砲","てっぽう",""
11644,"飛び起きる","とびおきる",""
11645,"投票","とうひょう",""
11646,"真夏","まなつ",""
11647,"姉弟","してい",""
11648,"夜間","やかん",""
11649,"ボリューム","ボリューム",""
11650,"極秘","ごくひ",""
11651,"頭を悩ます","あたまをなやます",""
11652,"ショー","ショー",""
11653,"不可思議","ふかしぎ",""
11654,"実力者","じつりょくしゃ",""
11655,"性癖","せいへき",""
11656,"ラスト","ラスト",""
11657,"必殺技","ひっさつわざ",""
11658,"覇気","はき",""
11659,"団子","だんご",""
11660,"和やか","なごやか",""
11661,"楽にする","らくにする",""
11662,"社交界","しゃこうかい",""
11663,"承る","うけたまわる",""
11664,"ダイエット","ダイエット",""
11665,"転校生","てんこうせい",""
11666,"密度","みつど",""
11667,"脂","あぶら",""
11668,"訴えかける","うったえかける",""
11669,"大砲","たいほう",""
11670,"反面","はんめん",""
11671,"ねっとり","ねっとり",""
11672,"逆効果","ぎゃくこうか",""
11673,"助手席","じょしゅせき",""
11674,"知る限り","しるかぎり",""
11675,"憶測","おくそく",""
11676,"直属","ちょくぞく",""
11677,"神々しい","こうごうしい",""
11678,"息抜き","いきぬき",""
11679,"揶揄","やゆ",""
11680,"に越したことはない","にこしたことはない",""
11681,"約束通り","やくそくどおり",""
11682,"回路","かいろ",""
11683,"満点","まんてん",""
11684,"重々","じゅうじゅう",""
11685,"生息","せいそく",""
11686,"ポンポン","ポンポン",""
11687,"替わる","かわる",""
11688,"こだま","こだま","木霊; 木魂; 谺"
11689,"イタリア","イタリア","伊太利; 伊太利亜"
11690,"トカゲ","トカゲ",""
11691,"問いただす","といただす",""
11692,"それでこそ","それでこそ","其れでこそ"
11693,"素早い","すばやい","すばやい; す早い; す速い; 素速い"
11694,"ばたばた","ばたばた",""
11695,"隠しきれる","かくしきれる",""
11696,"まったくもって","まったくもって","全くもって; 全く以て"
11697,"ねじ込む","ねじこむ",""
11698,"嘘つき","うそつき",""
11699,"ということはない","ということはない","と言うことはない"
11700,"もう１つ","もうひとつ",""
11701,"独断","どくだん",""
11702,"四本","よんほん",""
11703,"月曜日","げつようび",""
11704,"大笑い","おおわらい",""
11705,"へたり込む","へたりこむ",""
11706,"化身","けしん",""
11707,"毅然","きぜん",""
11708,"機械的","きかいてき",""
11709,"吹きかける","ふきかける",""
11710,"十月","じゅうがつ",""
11711,"名簿","めいぼ",""
11712,"運び出す","はこびだす",""
11713,"別段","べつだん",""
11714,"蛙","かえる",""
11715,"俳優","はいゆう",""
11716,"取","とり",""
11717,"軍服","ぐんぷく",""
11718,"気候","きこう",""
11719,"聴覚","ちょうかく",""
11720,"太刀","たち",""
11721,"育む","はぐくむ",""
11722,"優しい声","やさしいこえ",""
11723,"一二","いちに",""
11724,"胃袋","いぶくろ",""
11725,"沙汰","さた",""
11726,"事務","じむ",""
11727,"切り開く","きりひらく",""
11728,"草木","くさき",""
11729,"足を踏み出す","あしをふみだす",""
11730,"司令官","しれいかん",""
11731,"算段","さんだん",""
11732,"ナメる","ナメる",""
11733,"テープ","テープ",""
11734,"大股","おおまた",""
11735,"車体","しゃたい",""
11736,"従","じゅう",""
11737,"ほっといて","ほっといて",""
11738,"卒業式","そつぎょうしき",""
11739,"境内","けいだい",""
11740,"花を咲かせる","はなをさかせる",""
11741,"損失","そんしつ",""
11742,"課す","かす",""
11743,"しぶとい","しぶとい",""
11744,"駆け回る","かけまわる",""
11745,"会計","かいけい",""
11746,"あのー","あのー",""
11747,"怒気","どき",""
11748,"名門","めいもん",""
11749,"買収","ばいしゅう",""
11750,"一時期","いちじき",""
11751,"回廊","かいろう",""
11752,"出所","しゅっしょ",""
11753,"二三","にさん",""
11754,"船に乗る","ふねにのる",""
11755,"つと","つと",""
11756,"尻餅をつく","しりもちをつく",""
11757,"囚人","しゅうじん",""
11758,"用紙","ようし",""
11759,"鍛冶","かじ",""
11760,"現す","あらわす",""
11761,"策略","さくりゃく",""
11762,"正体不明","しょうたいふめい",""
11763,"下腹部","かふくぶ",""
11764,"ひと月","ひとつき",""
11765,"野暮","やぼ",""
11766,"現世","げんせ",""
11767,"浦","うら",""
11768,"取り憑く","とりつく",""
11769,"一位","いちい",""
11770,"開店","かいてん",""
11771,"染みる","しみる",""
11772,"大人気","だいにんき",""
11773,"湛える","たたえる",""
11774,"食い下がる","くいさがる",""
11775,"見定める","みさだめる",""
11776,"貴","き",""
11777,"ぱちぱち","ぱちぱち",""
11778,"所業","しょぎょう",""
11779,"ミッション","ミッション",""
11780,"魔剣","まけん",""
11781,"アジト","アジト",""
11782,"しゃがみ込む","しゃがみこむ","しゃがみこむ"
11783,"癒し","いやし",""
11784,"よき","よき","佳き; 良き"
11785,"振りまく","ふりまく",""
11786,"とりわけ","とりわけ","取りわけ; 取り分け; 取分; 取分け"
11787,"はたまた","はたまた","将又"
11788,"なんとも言えない","なんともいえない",""
11789,"どよめき","どよめき","響動めき"
11790,"素振り","そぶり","そぶり"
11791,"体つき","からだつき",""
11792,"ここのところ","ここのところ","ここの所; 此処の所"
11793,"パタパタ","パタパタ",""
11794,"素っ気ない","そっけない","そっけない; 素っ気無い; 素気ない"
11795,"こみ","こみ","込み"
11796,"いつもいつも","いつもいつも","何時も何時も"
11797,"脆い","もろい","もろい"
11798,"アン","アン",""
11799,"まるっきり","まるっきり","丸っきり; 丸っ切り"
11800,"ピクリ","ピクリ",""
11801,"貴女","あなた",""
11802,"水路","すいろ",""
11803,"知らしめる","しらしめる",""
11804,"サプライズ","サプライズ",""
11805,"ときめく","ときめく",""
11806,"合わさる","あわさる",""
11807,"知れ渡る","しれわたる",""
11808,"うなじ","うなじ","項"
11809,"丸見え","まるみえ",""
11810,"押さえ込む","おさえこむ",""
11811,"吸い上げる","すいあげる",""
11812,"たろう","たろう",""
11813,"一片","いっぺん",""
11814,"乗じる","じょうじる",""
11815,"資源","しげん",""
11816,"突っ走る","つっぱしる",""
11817,"的中","てきちゅう",""
11818,"直ぐに","すぐに",""
11819,"発光","はっこう",""
11820,"麦","むぎ",""
11821,"替え","かえ",""
11822,"直線","ちょくせん",""
11823,"煌めく","きらめく",""
11824,"ハード","ハード",""
11825,"しどろもどろ","しどろもどろ",""
11826,"敬う","うやまう",""
11827,"芸術家","げいじゅつか",""
11828,"渋谷","しぶや",""
11829,"換える","かえる",""
11830,"点検","てんけん",""
11831,"厭う","いとう",""
11832,"遊戯","ゆうぎ",""
11833,"先頭に立つ","せんとうにたつ",""
11834,"稼働","かどう",""
11835,"土台","どだい",""
11836,"空虚","くうきょ",""
11837,"抹殺","まっさつ",""
11838,"呪詛","じゅそ",""
11839,"名前だけ","なまえだけ",""
11840,"のちに","のちに",""
11841,"割れ目","われめ",""
11842,"三日間","みっかかん",""
11843,"粘液","ねんえき",""
11844,"オーク","オーク",""
11845,"体調を崩す","たいちょうをくずす",""
11846,"比例","ひれい",""
11847,"こじ開ける","こじあける",""
11848,"近辺","きんぺん",""
11849,"果てしない","はてしない",""
11850,"嘆き","なげき",""
11851,"纏める","まとめる",""
11852,"崇める","あがめる",""
11853,"入学式","にゅうがくしき",""
11854,"一番上","いちばんうえ",""
11855,"墓地","ぼち",""
11856,"渋る","しぶる",""
11857,"美味","びみ",""
11858,"科学者","かがくしゃ",""
11859,"収縮","しゅうしゅく",""
11860,"知覚","ちかく",""
11861,"泊る","とまる",""
11862,"熱中","ねっちゅう",""
11863,"時空","じくう",""
11864,"新規","しんき",""
11865,"髪飾り","かみかざり",""
11866,"重荷","おもに",""
11867,"忌まわしい","いまわしい",""
11868,"電流","でんりゅう",""
11869,"責務","せきむ",""
11870,"合戦","かっせん",""
11871,"作物","さくもつ",""
11872,"射抜く","いぬく",""
11873,"手料理","てりょうり",""
11874,"取り押さえる","とりおさえる",""
11875,"焦がす","こがす",""
11876,"背にする","せにする",""
11877,"露店","ろてん",""
11878,"ひょっとすると","ひょっとすると",""
11879,"叱責","しっせき",""
11880,"難なく","なんなく",""
11881,"絶賛","ぜっさん",""
11882,"叱る","しかる","しかる; 呵る; 𠮟る"
11883,"抑えきれない","おさえきれない",""
11884,"アナタ","アナタ",""
11885,"決まる","きまる","きまる; 極る"
11886,"くるまる","くるまる","包まる"
11887,"じいちゃん","じいちゃん","爺ちゃん; 祖父ちゃん"
11888,"からにする","からにする","空にする"
11889,"イカ","イカ",""
11890,"ばあちゃん","ばあちゃん","婆ちゃん; 祖母ちゃん"
11891,"兎","うさぎ","うさぎ; 兔; 菟"
11892,"それだけ","それだけ","其れだけ"
11893,"つきまとう","つきまとう","付きまとう; 付き纏う"
11894,"力ずくで","ちからずくで",""
11895,"チラシ","チラシ",""
11896,"見かけ","みかけ",""
11897,"膨らむ","ふくらむ","ふくらむ; 脹らむ"
11898,"心持ち","こころもち",""
11899,"ぐれる","ぐれる",""
11900,"わけがわからない","わけがわからない","わけが分からない; 訳がわからない; 訳が分からない; 訳が分らない"
11901,"波","は",""
11902,"気が変わる","きがかわる",""
11903,"ブレーキ","ブレーキ",""
11904,"立ち話","たちばなし",""
11905,"し続ける","しつづける",""
11906,"全うする","まっとうする",""
11907,"一介","いっかい",""
11908,"適任","てきにん",""
11909,"遺言","ゆいごん",""
11910,"得策","とくさく",""
11911,"体感","たいかん",""
11912,"配属","はいぞく",""
11913,"失神","しっしん",""
11914,"しくじる","しくじる",""
11915,"顔色が悪い","かおいろがわるい",""
11916,"耳障り","みみざわり",""
11917,"ないない","ないない","無い無い"
11918,"麻","あさ",""
11919,"本家","ほんけ",""
11920,"悪戯っぽい","いたずらっぽい",""
11921,"自国","じこく",""
11922,"軽減","けいげん",""
11923,"海面","かいめん",""
11924,"せーの","せーの",""
11925,"歩を進める","ほをすすめる",""
11926,"隠れ家","かくれが",""
11927,"お代わり","おかわり",""
11928,"悔い","くい",""
11929,"尻目","しりめ",""
11930,"税金","ぜいきん",""
11931,"和解","わかい",""
11932,"光沢","こうたく",""
11933,"せんと","せんと",""
11934,"はためく","はためく",""
11935,"防壁","ぼうへき",""
11936,"異物","いぶつ",""
11937,"優位","ゆうい",""
11938,"身に付ける","みにつける",""
11939,"お盆","おぼん",""
11940,"平坦","へいたん",""
11941,"製品","せいひん",""
11942,"散らかす","ちらかす",""
11943,"人それぞれ","ひとそれぞれ",""
11944,"より一層","よりいっそう",""
11945,"炉","ろ",""
11946,"事情を話す","じじょうをはなす",""
11947,"数日間","すうじつかん",""
11948,"端的","たんてき",""
11949,"初老","しょろう",""
11950,"良き","よき",""
11951,"結成","けっせい",""
11952,"謳う","うたう",""
11953,"思しき","おぼしき",""
11954,"忠誠","ちゅうせい",""
11955,"鐘の音","かねのね",""
11956,"集め","あつめ",""
11957,"最上","さいじょう",""
11958,"身を翻す","みをひるがえす",""
11959,"盆","ぼん",""
11960,"思い立つ","おもいたつ",""
11961,"リュック","リュック",""
11962,"口論","こうろん",""
11963,"流れ出る","ながれでる",""
11964,"とも言う","ともいう",""
11965,"一目瞭然","いちもくりょうぜん",""
11966,"薬品","やくひん",""
11967,"動悸","どうき",""
11968,"肢体","したい",""
11969,"森林","しんりん",""
11970,"滑り落ちる","すべりおちる",""
11971,"縁側","えんがわ",""
11972,"悩ましい","なやましい",""
11973,"卓","たく",""
11974,"半透明","はんとうめい",""
11975,"蟻","あり",""
11976,"極上","ごくじょう",""
11977,"難","なん",""
11978,"十字架","じゅうじか",""
11979,"口を利く","くちをきく",""
11980,"仰け反る","のけぞる",""
11981,"結う","ゆう",""
11982,"大怪我","おおけが",""
11983,"ビクッと","ビクッと",""
11984,"しれっと","しれっと",""
11985,"度々","たびたび",""
11986,"装い","よそおい",""
11987,"ろくでもない","ろくでもない","碌でもない"
11988,"むやみ","むやみ","無暗; 無闇"
11989,"乗り物","のりもの",""
11990,"睨みつける","にらみつける","にらみつける; にらみ付ける; 睨み付ける"
11991,"いざという時","いざというとき",""
11992,"サ","サ",""
11993,"行う","おこなう","おこなう; 行なう"
11994,"震える","ふるえる","ふるえる; 顫える"
11995,"バカ野郎","バカやろう",""
11996,"回り","まわり",""
11997,"くたびれる","くたびれる","草臥れる"
11998,"いくら何でも","いくらなんでも",""
11999,"分ける","わける","わける; 別ける"
12000,"ようし","ようし",""
12001,"小学","しょうがく",""
12002,"札","さつ",""
12003,"ドル","ドル","弗"
12004,"奮い立つ","ふるいたつ",""
12005,"パスタ","パスタ",""
12006,"バット","バット",""
12007,"香ばしい","こうばしい",""
12008,"足を向ける","あしをむける",""
12009,"抜かす","ぬかす",""
12010,"手品","てじな",""
12011,"上体","じょうたい",""
12012,"吹き抜ける","ふきぬける",""
12013,"出立","しゅったつ",""
12014,"秘","ひ",""
12015,"ダウン","ダウン",""
12016,"式典","しきてん",""
12017,"辛辣","しんらつ",""
12018,"いざとなったら","いざとなったら",""
12019,"阿呆","あほ",""
12020,"一回り","ひとまわり",""
12021,"親愛","しんあい",""
12022,"観戦","かんせん",""
12023,"切羽詰まる","せっぱつまる",""
12024,"ぎゅう","ぎゅう",""
12025,"易い","やすい",""
12026,"虐待","ぎゃくたい",""
12027,"消去","しょうきょ",""
12028,"刻印","こくいん",""
12029,"道端","みちばた",""
12030,"余分","よぶん",""
12031,"ニュアンス","ニュアンス",""
12032,"よか","よか",""
12033,"はたく","はたく","叩く"
12034,"文献","ぶんけん",""
12035,"圧縮","あっしゅく",""
12036,"統合","とうごう",""
12037,"保障","ほしょう",""
12038,"女装","じょそう",""
12039,"一声","いっせい",""
12040,"煮込む","にこむ",""
12041,"貶める","おとしめる",""
12042,"褐色","かっしょく",""
12043,"心中","しんちゅう",""
12044,"気が楽","きがらく",""
12045,"新型","しんがた",""
12046,"肌寒い","はださむい",""
12047,"絶え間ない","たえまない",""
12048,"故","こ",""
12049,"和む","なごむ",""
12050,"一通","いっつう",""
12051,"マジック","マジック",""
12052,"隣接","りんせつ",""
12053,"受かる","うかる",""
12054,"道に迷う","みちにまよう",""
12055,"に就いて","について",""
12056,"明瞭","めいりょう",""
12057,"チンピラ","チンピラ",""
12058,"配達","はいたつ",""
12059,"抑制","よくせい",""
12060,"高額","こうがく",""
12061,"長椅子","ながいす",""
12062,"問答","もんどう",""
12063,"更衣室","こういしつ",""
12064,"座り直す","すわりなおす",""
12065,"亭","てい",""
12066,"戯れる","たわむれる",""
12067,"安静","あんせい",""
12068,"不倫","ふりん",""
12069,"新品","しんぴん",""
12070,"横を向く","よこをむく",""
12071,"心の奥底","こころのおくそこ",""
12072,"どうだっていい","どうだっていい","どうだって良い"
12073,"ケチ","ケチ",""
12074,"平原","へいげん",""
12075,"真っ当","まっとう",""
12076,"親方","おやかた",""
12077,"勝算","しょうさん",""
12078,"全力を尽くす","ぜんりょくをつくす",""
12079,"フリー","フリー",""
12080,"気味悪い","きみわるい",""
12081,"古来","こらい",""
12082,"西側","にしがわ",""
12083,"その様","そのよう",""
12084,"風習","ふうしゅう",""
12085,"鉱石","こうせき",""
12086,"賜る","たまわる",""
12087,"ゆるゆる","ゆるゆる","緩々; 緩緩"
12088,"クビ","クビ",""
12089,"思いやる","おもいやる",""
12090,"動きだす","うごきだす",""
12091,"心地いい","ここちいい",""
12092,"まき散らす","まきちらす",""
12093,"お手","おて",""
12094,"太","ふと",""
12095,"命がけ","いのちがけ",""
12096,"滑る","すべる","すべる; 辷る"
12097,"私ら","わたしら",""
12098,"ウケる","ウケる",""
12099,"すうっと","すうっと",""
12100,"さらけ出す","さらけだす",""
12101,"ども","ども",""
12102,"バン","バン",""
12103,"書き換える","かきかえる",""
12104,"弦","げん",""
12105,"解読","かいどく",""
12106,"褒め言葉","ほめことば",""
12107,"常時","じょうじ",""
12108,"好き嫌い","すききらい",""
12109,"時間的","じかんてき",""
12110,"金曜日","きんようび",""
12111,"危なっかしい","あぶなっかしい",""
12112,"議会","ぎかい",""
12113,"首を突っ込む","くびをつっこむ",""
12114,"詩人","しじん",""
12115,"甘ったるい","あまったるい",""
12116,"嘘のよう","うそのよう",""
12117,"目に浮かぶ","めにうかぶ",""
12118,"上級生","じょうきゅうせい",""
12119,"ぶち込む","ぶちこむ",""
12120,"管","かん",""
12121,"祈りを捧げる","いのりをささげる",""
12122,"夢にも思う","ゆめにもおもう",""
12123,"ふらり","ふらり",""
12124,"消え入る","きえいる",""
12125,"縄張り","なわばり",""
12126,"お披露目","おひろめ",""
12127,"サンプル","サンプル",""
12128,"しも","しも","下"
12129,"山奥","やまおく",""
12130,"芝","しば",""
12131,"お陰","おかげ",""
12132,"垂直","すいちょく",""
12133,"苛烈","かれつ",""
12134,"極み","きわみ",""
12135,"いき","いき","粋"
12136,"有益","ゆうえき",""
12137,"半径","はんけい",""
12138,"柔和","にゅうわ",""
12139,"責任感","せきにんかん",""
12140,"阻害","そがい",""
12141,"正義感","せいぎかん",""
12142,"険悪","けんあく",""
12143,"参謀","さんぼう",""
12144,"少","しょう",""
12145,"ゆらり","ゆらり",""
12146,"丸くなる","まるくなる",""
12147,"隅っこ","すみっこ",""
12148,"茫然","ぼうぜん",""
12149,"魔神","まじん",""
12150,"亭主","ていしゅ",""
12151,"弁明","べんめい",""
12152,"息が詰まる","いきがつまる",""
12153,"聖剣","せいけん",""
12154,"大問題","だいもんだい",""
12155,"醤油","しょうゆ",""
12156,"推定","すいてい",""
12157,"右肩","みぎかた",""
12158,"外道","げどう",""
12159,"徳","とく",""
12160,"撃ち込む","うちこむ",""
12161,"幾分","いくぶん",""
12162,"意気込む","いきごむ",""
12163,"深淵","しんえん",""
12164,"客席","きゃくせき",""
12165,"奔流","ほんりゅう",""
12166,"消息","しょうそく",""
12167,"味わい","あじわい",""
12168,"流し","ながし",""
12169,"面倒臭い","めんどうくさい",""
12170,"行き場","ゆきば",""
12171,"数倍","すうばい",""
12172,"背く","そむく",""
12173,"手強い","てごわい",""
12174,"卑屈","ひくつ",""
12175,"元より","もとより",""
12176,"後ろ盾","うしろだて",""
12177,"曲線","きょくせん",""
12178,"本社","ほんしゃ",""
12179,"醒める","さめる",""
12180,"付け足す","つけたす",""
12181,"領民","りょうみん",""
12182,"軌跡","きせき",""
12183,"ほっぺ","ほっぺ","頬っぺ"
12184,"硬い","かたい","かたい; 固い; 堅い; 緊い"
12185,"そんじゃ","そんじゃ",""
12186,"くっそ","くっそ",""
12187,"気合を入れる","きあいをいれる",""
12188,"ワガママ","ワガママ",""
12189,"オススメ","オススメ",""
12190,"務める","つとめる","つとめる; 勤める"
12191,"塞がる","ふさがる","ふさがる"
12192,"合わす","あわす",""
12193,"ご苦労様","ごくろうさま",""
12194,"呆気にとられる","あっけにとられる",""
12195,"痺れる","しびれる","しびれる"
12196,"わたくしたち","わたくしたち","わたくし達"
12197,"見回り","みまわり",""
12198,"投げやり","なげやり",""
12199,"なおかつ","なおかつ","なお且つ; 尚かつ; 尚且つ"
12200,"どろどろ","どろどろ","泥々"
12201,"真に受ける","まにうける",""
12202,"均衡","きんこう",""
12203,"清らか","きよらか",""
12204,"汚染","おせん",""
12205,"露","つゆ",""
12206,"真珠","しんじゅ",""
12207,"精密","せいみつ",""
12208,"候","こう",""
12209,"例によって","れいによって",""
12210,"それはそれとして","それはそれとして",""
12211,"行って来る","いってくる",""
12212,"晴れやか","はれやか",""
12213,"沖縄","おきなわ",""
12214,"抉る","くじる",""
12215,"模索","もさく",""
12216,"一戦","いっせん",""
12217,"行儀","ぎょうぎ",""
12218,"揺るがす","ゆるがす",""
12219,"罵声","ばせい",""
12220,"キーボード","キーボード",""
12221,"今現在","いまげんざい",""
12222,"移住","いじゅう",""
12223,"中世","ちゅうせい",""
12224,"濃密","のうみつ",""
12225,"塚","つか",""
12226,"都内","とない",""
12227,"気が抜ける","きがぬける",""
12228,"牢屋","ろうや",""
12229,"振舞う","ふるまう",""
12230,"テロ","テロ",""
12231,"聖域","せいいき",""
12232,"肩で息をする","かたでいきをする",""
12233,"狙いを定める","ねらいをさだめる",""
12234,"夕","ゆう",""
12235,"結論を出す","けつろんをだす",""
12236,"闘争","とうそう",""
12237,"入り混じる","いりまじる",""
12238,"伝","でん",""
12239,"何だかんだ","なんだかんだ",""
12240,"入れ替わり","いれかわり",""
12241,"顕現","けんげん",""
12242,"取り消す","とりけす",""
12243,"怪人","かいじん",""
12244,"お小遣い","おこづかい",""
12245,"試し","ためし",""
12246,"名声","めいせい",""
12247,"波動","はどう",""
12248,"ロマンチック","ロマンチック",""
12249,"息を切らす","いきをきらす",""
12250,"砲弾","ほうだん",""
12251,"腹立つ","はらだつ",""
12252,"山積み","やまづみ",""
12253,"侮蔑","ぶべつ",""
12254,"寝転ぶ","ねころぶ",""
12255,"肩を並べる","かたをならべる",""
12256,"九州","きゅうしゅう",""
12257,"ペンダント","ペンダント",""
12258,"蚊","か",""
12259,"辞書","じしょ",""
12260,"丸太","まるた",""
12261,"絶命","ぜつめい",""
12262,"報い","むくい",""
12263,"介抱","かいほう",""
12264,"テクニック","テクニック",""
12265,"諸々","もろもろ",""
12266,"保有","ほゆう",""
12267,"らしからぬ","らしからぬ",""
12268,"ヘリ","ヘリ",""
12269,"猛獣","もうじゅう",""
12270,"医学","いがく",""
12271,"断然","だんぜん",""
12272,"スイーツ","スイーツ",""
12273,"化物","ばけもの",""
12274,"真新しい","まあたらしい",""
12275,"晩","ばん","ばん"
12276,"今すぐにでも","いますぐにでも",""
12277,"根こそぎ","ねこそぎ",""
12278,"頻度","ひんど",""
12279,"誇張","こちょう",""
12280,"炭","すみ",""
12281,"ジョーク","ジョーク",""
12282,"ほんま","ほんま","本真"
12283,"志望","しぼう",""
12284,"捌く","さばく",""
12285,"緩やか","ゆるやか","ゆるやか"
12286,"起こす","おこす","おこす; 起す"
12287,"ご覧","ごらん",""
12288,"危ない","あぶない","あぶない"
12289,"１００％","ひゃくパーセント",""
12290,"かき分ける","かきわける",""
12291,"ムッと","ムッと",""
12292,"かき回す","かきまわす",""
12293,"見まわす","みまわす",""
12294,"もうじき","もうじき","もう直"
12295,"もっぱら","もっぱら","専ら"
12296,"すっげえ","すっげえ",""
12297,"大して","たいして","たいして"
12298,"倒れこむ","たおれこむ",""
12299,"巻きつける","まきつける",""
12300,"物置","ものおき",""
12301,"脚","きゃく",""
12302,"好感度","こうかんど",""
12303,"一年間","いちねんかん",""
12304,"ちょくちょく","ちょくちょく",""
12305,"重厚","じゅうこう",""
12306,"思い詰める","おもいつめる",""
12307,"綻ぶ","ほころぶ",""
12308,"進軍","しんぐん",""
12309,"主力","しゅりょく",""
12310,"諸国","しょこく",""
12311,"適応","てきおう",""
12312,"体裁","ていさい",""
12313,"意気揚々","いきようよう",""
12314,"利害","りがい",""
12315,"刑務所","けいむしょ",""
12316,"端っこ","はしっこ",""
12317,"行く末","ゆくすえ",""
12318,"調合","ちょうごう",""
12319,"日に日に","ひにひに",""
12320,"組合","くみあい",""
12321,"個々","ここ",""
12322,"お見合い","おみあい",""
12323,"一式","いっしき",""
12324,"前足","まえあし",""
12325,"融通","ゆうずう",""
12326,"祖国","そこく",""
12327,"攻勢","こうせい",""
12328,"王位","おうい",""
12329,"ぐる","ぐる",""
12330,"再婚","さいこん",""
12331,"食べ始める","たべはじめる",""
12332,"集会","しゅうかい",""
12333,"目隠し","めかくし",""
12334,"矜持","きょうじ",""
12335,"災い","わざわい",""
12336,"パイ","パイ",""
12337,"現実逃避","げんじつとうひ",""
12338,"道筋","みちすじ",""
12339,"夕陽","ゆうひ",""
12340,"洗い流す","あらいながす",""
12341,"厚い","あつい","あつい; 篤い"
12342,"見立て","みたて",""
12343,"に付き","につき",""
12344,"騎馬","きば",""
12345,"突っ込み","つっこみ",""
12346,"健康的","けんこうてき",""
12347,"遠回し","とおまわし",""
12348,"愛嬌","あいきょう",""
12349,"恒例","こうれい",""
12350,"目を引く","めをひく",""
12351,"繁華街","はんかがい",""
12352,"裁き","さばき",""
12353,"注目を集める","ちゅうもくをあつめる",""
12354,"一粒","ひとつぶ",""
12355,"こほん","こほん",""
12356,"ディスプレイ","ディスプレイ",""
12357,"北方","ほっぽう",""
12358,"一名","いちめい",""
12359,"御前","ごぜん",""
12360,"使","し",""
12361,"明け方","あけがた",""
12362,"温い","ぬるい",""
12363,"屋内","おくない",""
12364,"ピース","ピース",""
12365,"水道","すいどう",""
12366,"蒸気","じょうき",""
12367,"カッと","カッと",""
12368,"病む","やむ",""
12369,"姓","せい",""
12370,"爆発的","ばくはつてき",""
12371,"他でもない","ほかでもない",""
12372,"淋しい","さびしい",""
12373,"ダサい","ダサい",""
12374,"分別","ぶんべつ",""
12375,"右目","みぎめ",""
12376,"ちょいちょい","ちょいちょい",""
12377,"機嫌が悪い","きげんがわるい",""
12378,"物好き","ものずき",""
12379,"おは","おは",""
12380,"小細工","こざいく",""
12381,"はだける","はだける","肌蹴る; 開ける"
12382,"こやつ","こやつ",""
12383,"瞬き","まばたき","まばたき"
12384,"馴染む","なじむ","なじむ"
12385,"散る","ちる","ちる"
12386,"１位","いちい",""
12387,"寂しい","さびしい","さびしい; 淋しい"
12388,"それはそうと","それはそうと",""
12389,"ばかりでなく","ばかりでなく","許りでなく"
12390,"ほっぺた","ほっぺた","頬っぺた; 頰っぺた"
12391,"身にまとう","みにまとう",""
12392,"様子をうかがう","ようすをうかがう",""
12393,"みなぎる","みなぎる","漲る"
12394,"お構いなし","おかまいなし",""
12395,"なんともない","なんともない","何ともない; 何とも無い"
12396,"取り調べ","とりしらべ",""
12397,"取り扱う","とりあつかう",""
12398,"決める","きめる","きめる; 極める"
12399,"わけのわからない","わけのわからない","わけの分からない; 訳のわからない; 訳の分からない; 訳の分らない"
12400,"唾","つば","つば"
12401,"訳","やく",""
12402,"同行","どうこう","どうこう"
12403,"抉る","えぐる",""
12404,"本拠地","ほんきょち",""
12405,"義兄","ぎけい",""
12406,"月日","つきひ",""
12407,"悪霊","あくりょう",""
12408,"ポスト","ポスト",""
12409,"睫毛","まつげ",""
12410,"風の音","かぜのおと",""
12411,"自","じ",""
12412,"脳天","のうてん",""
12413,"ある限り","あるかぎり",""
12414,"低","てい",""
12415,"伴侶","はんりょ",""
12416,"発端","ほったん",""
12417,"バレバレ","バレバレ",""
12418,"手口","てぐち",""
12419,"遺す","のこす",""
12420,"キング","キング",""
12421,"日焼け","ひやけ",""
12422,"任","にん",""
12423,"猪","いのしし",""
12424,"破損","はそん",""
12425,"代行","だいこう",""
12426,"使役","しえき",""
12427,"ほほ","ほほ",""
12428,"寄付","きふ",""
12429,"出直す","でなおす",""
12430,"鎮座","ちんざ",""
12431,"照準","しょうじゅん",""
12432,"怪我をした","けがをした",""
12433,"傷跡","きずあと",""
12434,"感極まる","かんきわまる",""
12435,"涼しい顔","すずしいかお",""
12436,"主体","しゅたい",""
12437,"その内","そのうち",""
12438,"一掃","いっそう",""
12439,"市長","しちょう",""
12440,"歴","れき",""
12441,"太鼓","たいこ",""
12442,"黄昏","たそがれ",""
12443,"混ざり合う","まざりあう",""
12444,"慌てふためく","あわてふためく",""
12445,"蜂","はち",""
12446,"一文字","いちもんじ",""
12447,"同化","どうか",""
12448,"巻き起こる","まきおこる",""
12449,"羞恥心","しゅうちしん",""
12450,"分割","ぶんかつ",""
12451,"一人ずつ","ひとりずつ",""
12452,"農民","のうみん",""
12453,"際限","さいげん",""
12454,"心遣い","こころづかい",""
12455,"機密","きみつ",""
12456,"図々しい","ずうずうしい",""
12457,"整然","せいぜん",""
12458,"今時","いまどき",""
12459,"饒舌","じょうぜつ",""
12460,"上げ","あげ",""
12461,"行き止まり","いきどまり",""
12462,"記","き",""
12463,"書庫","しょこ",""
12464,"十二月","じゅうにがつ",""
12465,"術者","じゅつしゃ",""
12466,"それどころじゃない","それどころじゃない",""
12467,"お子様","おこさま",""
12468,"交易","こうえき",""
12469,"幾重にも","いくえにも",""
12470,"陥落","かんらく",""
12471,"リンク","リンク",""
12472,"見切る","みきる",""
12473,"性分","しょうぶん",""
12474,"使い切る","つかいきる",""
12475,"ぱちくり","ぱちくり",""
12476,"別行動","べつこうどう",""
12477,"一文","いちもん",""
12478,"千切れる","ちぎれる",""
12479,"洩れる","もれる",""
12480,"物腰","ものごし",""
12481,"割る","わる","わる"
12482,"足もと","あしもと",""
12483,"斬りかかる","きりかかる",""
12484,"話し相手","はなしあいて",""
12485,"ニューヨーク","ニューヨーク","新約克; 紐育"
12486,"ゾッと","ゾッと",""
12487,"渋々","しぶしぶ","しぶしぶ; 渋渋"
12488,"引きちぎる","ひきちぎる",""
12489,"おけばよかった","おけばよかった","置けばよかった; 置けば良かった"
12490,"カニ","カニ",""
12491,"もう１人","もうひとり",""
12492,"不安げ","ふあんげ",""
12493,"熊","くま","くま"
12494,"こくこく","こくこく",""
12495,"ではなかろうか","ではなかろうか","では無かろうか"
12496,"もてなす","もてなす","持てなす; 持て成す"
12497,"住まい","すまい",""
12498,"そこかしこ","そこかしこ","其処彼処"
12499,"おち","おち","落; 落ち"
12500,"焼き","やき",""
12501,"仲","なか","なか"
12502,"好き","すき","すき"
12503,"不謹慎","ふきんしん",""
12504,"四百","よんひゃく",""
12505,"英国","えいこく",""
12506,"頭がおかしい","あたまがおかしい",""
12507,"睨み合う","にらみあう",""
12508,"真っ当","まっとう","まっとう; 全う; 真当"
12509,"餅","もち",""
12510,"家屋","かおく",""
12511,"口止め","くちどめ",""
12512,"恐れがある","おそれがある",""
12513,"差出人","さしだしにん",""
12514,"夜道","よみち",""
12515,"在","ざい",""
12516,"テロリスト","テロリスト",""
12517,"タッチ","タッチ",""
12518,"三分の一","さんぶんのいち",""
12519,"フラグ","フラグ",""
12520,"近接","きんせつ",""
12521,"時間の無駄","じかんのむだ",""
12522,"待ち合わせ場所","まちあわせばしょ",""
12523,"忍ぶ","しのぶ",""
12524,"選定","せんてい",""
12525,"密","みつ",""
12526,"希少","きしょう",""
12527,"白紙","はくし",""
12528,"野次馬","やじうま",""
12529,"執務","しつむ",""
12530,"切れ味","きれあじ",""
12531,"近道","ちかみち",""
12532,"誤り","あやまり",""
12533,"葵","あおい",""
12534,"誰一人として","だれひとりとして",""
12535,"どす黒い","どすぐろい",""
12536,"紅葉","こうよう",""
12537,"話し込む","はなしこむ",""
12538,"不規則","ふきそく",""
12539,"非情","ひじょう",""
12540,"おどおど","おどおど",""
12541,"沸かす","わかす",""
12542,"停滞","ていたい",""
12543,"陣地","じんち",""
12544,"無情","むじょう",""
12545,"ホームルーム","ホームルーム",""
12546,"狡猾","こうかつ",""
12547,"突き動かす","つきうごかす",""
12548,"城門","じょうもん",""
12549,"腰を上げる","こしをあげる",""
12550,"制約","せいやく",""
12551,"要員","よういん",""
12552,"白濁","はくだく",""
12553,"腕輪","うでわ",""
12554,"席を外す","せきをはずす",""
12555,"吸い寄せる","すいよせる",""
12556,"囁き","ささやき",""
12557,"立ち回る","たちまわる",""
12558,"細心","さいしん",""
12559,"七日","なのか",""
12560,"叩き落とす","たたきおとす",""
12561,"憚る","はばかる",""
12562,"森の奥","もりのおく",""
12563,"デパート","デパート",""
12564,"一拍","いっぱく",""
12565,"盤","ばん",""
12566,"あたふた","あたふた",""
12567,"奮闘","ふんとう",""
12568,"電話に出る","でんわにでる",""
12569,"増大","ぞうだい",""
12570,"ガチャ","ガチャ",""
12571,"侵食","しんしょく",""
12572,"お腹が空く","おなかがすく",""
12573,"心臓の鼓動","しんぞうのこどう",""
12574,"喉が渇く","のどがかわく",""
12575,"ピン","ピン",""
12576,"運動神経","うんどうしんけい",""
12577,"清","しん",""
12578,"すこぶる","すこぶる","頗る"
12579,"閃く","ひらめく","ひらめく"
12580,"嫌い","きらい","きらい"
12581,"紐","ひも","ひも"
12582,"ポツリ","ポツリ",""
12583,"明らか","あきらか","あきらか"
12584,"是非とも","ぜひとも","ぜひとも; 是非共"
12585,"キミ","キミ",""
12586,"皺","しわ","しわ; 皴"
12587,"踏みとどまる","ふみとどまる",""
12588,"明後日","あさって","あさって"
12589,"かつてない","かつてない","嘗てない"
12590,"ニッコリ","ニッコリ",""
12591,"売り","うり","うり"
12592,"よろける","よろける","蹌踉ける"
12593,"立ち入り禁止","たちいりきんし",""
12594,"つねる","つねる","抓る"
12595,"取り柄","とりえ",""
12596,"びくん","びくん","微醺"
12597,"やつれる","やつれる","窶れる"
12598,"ンン","ンン",""
12599,"トコ","トコ",""
12600,"ごらんなさい","ごらんなさい","ご覧なさい; 御覧なさい"
12601,"空","くう",""
12602,"町中","まちなか",""
12603,"密集","みっしゅう",""
12604,"墓場","はかば",""
12605,"オーバー","オーバー",""
12606,"肩口","かたぐち",""
12607,"泣かす","なかす",""
12608,"コツコツ","コツコツ",""
12609,"燃え尽きる","もえつきる",""
12610,"衰弱","すいじゃく",""
12611,"１匹","いっぴき",""
12612,"心構え","こころがまえ",""
12613,"バルコニー","バルコニー",""
12614,"突","とっ",""
12615,"予選","よせん",""
12616,"耳を貸す","みみをかす",""
12617,"追い抜く","おいぬく",""
12618,"物件","ぶっけん",""
12619,"チャレンジ","チャレンジ",""
12620,"装飾品","そうしょくひん",""
12621,"核心","かくしん",""
12622,"投擲","とうてき",""
12623,"極まる","きわまる",""
12624,"何事もなかったかのように","なにごともなかったかのように",""
12625,"アタック","アタック",""
12626,"高々","たかだか",""
12627,"良し","よし",""
12628,"着弾","ちゃくだん",""
12629,"紛らわす","まぎらわす",""
12630,"どうりで","どうりで",""
12631,"話にならない","はなしにならない",""
12632,"貧弱","ひんじゃく",""
12633,"食物","しょくもつ",""
12634,"撤収","てっしゅう",""
12635,"鳩","はと",""
12636,"無遠慮","ぶえんりょ",""
12637,"飄々","ひょうひょう",""
12638,"発掘","はっくつ",""
12639,"複製","ふくせい",""
12640,"大佐","たいさ",""
12641,"アルバム","アルバム",""
12642,"思い思い","おもいおもい",""
12643,"有り得ない","ありえない",""
12644,"ふんふん","ふんふん",""
12645,"意地悪い","いじわるい",""
12646,"お節介","おせっかい",""
12647,"在庫","ざいこ",""
12648,"愚痴る","ぐちる",""
12649,"緊迫","きんぱく",""
12650,"暴力的","ぼうりょくてき",""
12651,"狩猟","しゅりょう",""
12652,"栽培","さいばい",""
12653,"零れ落ちる","こぼれおちる",""
12654,"凄惨","せいさん",""
12655,"軽率","けいそつ",""
12656,"胸が痛む","むねがいたむ",""
12657,"兆候","ちょうこう",""
12658,"と書いてある","とかいてある",""
12659,"との事","とのこと",""
12660,"大衆","たいしゅう",""
12661,"作戦会議","さくせんかいぎ",""
12662,"票","ひょう",""
12663,"アクション","アクション",""
12664,"壁面","へきめん",""
12665,"企てる","くわだてる",""
12666,"コネ","コネ",""
12667,"匂う","におう",""
12668,"給う","たまう",""
12669,"陶器","とうき",""
12670,"耳を塞ぐ","みみをふさぐ",""
12671,"地中","ちちゅう",""
12672,"カウント","カウント",""
12673,"幸いにも","さいわいにも",""
12674,"摂る","とる",""
12675,"介す","かいす",""
12676,"文庫","ぶんこ",""
12677,"応募","おうぼ",""
12678,"なんも","なんも",""
12679,"イチゴ","イチゴ",""
12680,"オマエ","オマエ",""
12681,"あとを追う","あとをおう",""
12682,"片づけ","かたづけ",""
12683,"高々","たかだか","たかだか; 高高"
12684,"しきる","しきる","頻る"
12685,"いたたまれない","いたたまれない","居たたまれない; 居た堪れない"
12686,"こん","こん",""
12687,"手掛かり","てがかり",""
12688,"払いのける","はらいのける",""
12689,"擦りつける","なすりつける",""
12690,"心","こころ","こころ"
12691,"驚く","おどろく","おどろく; 愕く; 駭く"
12692,"どれぐらい","どれぐらい","何れぐらい"
12693,"迎え","むかえ",""
12694,"力いっぱい","ちからいっぱい",""
12695,"あろうことか","あろうことか","有ろうことか; 有ろう事か"
12696,"遅すぎる","おそすぎる",""
12697,"そんなバカな","そんなバカな",""
12698,"とびきり","とびきり","飛び切り; 飛切り"
12699,"クスリ","クスリ",""
12700,"ナニ","ナニ",""
12701,"出し抜く","だしぬく",""
12702,"引き金を引く","ひきがねをひく",""
12703,"かなにか","かなにか",""
12704,"ふわっと","ふわっと",""
12705,"ファミレス","ファミレス",""
12706,"漁師","りょうし",""
12707,"見続ける","みつづける",""
12708,"波紋","はもん",""
12709,"コンコン","コンコン",""
12710,"身の回り","みのまわり",""
12711,"丹念","たんねん",""
12712,"目眩","めまい",""
12713,"厭","いや",""
12714,"小規模","しょうきぼ",""
12715,"発現","はつげん",""
12716,"絶","ぜつ",""
12717,"媚びる","こびる",""
12718,"珠","たま",""
12719,"暗","あん",""
12720,"零","れい",""
12721,"荒","あら",""
12722,"チャンネル","チャンネル",""
12723,"大戦","たいせん",""
12724,"フライパン","フライパン",""
12725,"仏頂面","ぶっちょうづら",""
12726,"首を絞める","くびをしめる",""
12727,"末路","まつろ",""
12728,"萎える","なえる",""
12729,"吸い付く","すいつく",""
12730,"優美","ゆうび",""
12731,"私物","しぶつ",""
12732,"趣","おもむき",""
12733,"下っ端","したっぱ",""
12734,"告発","こくはつ",""
12735,"私的","してき",""
12736,"飲食店","いんしょくてん",""
12737,"羅","うすもの",""
12738,"転げ落ちる","ころげおちる",""
12739,"追い越す","おいこす",""
12740,"硝子","ガラス",""
12741,"メイク","メイク",""
12742,"流出","りゅうしゅつ",""
12743,"殊勝","しゅしょう",""
12744,"取り寄せる","とりよせる",""
12745,"綴る","つづる",""
12746,"一歩を踏み出す","いっぽをふみだす",""
12747,"マニュアル","マニュアル",""
12748,"ジャック","ジャック",""
12749,"醜悪","しゅうあく",""
12750,"一心不乱","いっしんふらん",""
12751,"供","とも",""
12752,"不憫","ふびん",""
12753,"映画館","えいがかん",""
12754,"暴風","ぼうふう",""
12755,"ひょっこり","ひょっこり",""
12756,"ほざく","ほざく",""
12757,"長距離","ちょうきょり",""
12758,"狩人","かりゅうど",""
12759,"熱烈","ねつれつ",""
12760,"涎","よだれ",""
12761,"腹の中","はらのなか",""
12762,"炎上","えんじょう",""
12763,"衣類","いるい",""
12764,"待たす","またす",""
12765,"転","てん",""
12766,"徘徊","はいかい",""
12767,"シーズン","シーズン",""
12768,"連れ帰る","つれかえる",""
12769,"削除","さくじょ",""
12770,"深み","ふかみ",""
12771,"呆気に取られる","あっけにとられる",""
12772,"おしっこ","おしっこ",""
12773,"金属製","きんぞくせい",""
12774,"刻み込む","きざみこむ",""
12775,"直結","ちょっけつ",""
12776,"突風","とっぷう",""
12777,"気に病む","きにやむ",""
12778,"圧迫感","あっぱくかん",""
12779,"ロケット","ロケット",""
12780,"伸びる","のびる","のびる; 延びる"
12781,"遮る","さえぎる","さえぎる"
12782,"どちらかといえば","どちらかといえば","どちらかと言えば"
12783,"コソコソ","コソコソ",""
12784,"呟き","つぶやき","つぶやき"
12785,"何か","なにか","なにか"
12786,"かき混ぜる","かきまぜる",""
12787,"イジメ","イジメ",""
12788,"キッと","キッと",""
12789,"飛びこむ","とびこむ",""
12790,"あやつ","あやつ",""
12791,"ちぇ","ちぇ",""
12792,"歪む","ゆがむ","ゆがむ"
12793,"尻尾","しっぽ","しっぽ"
12794,"距離をとる","きょりをとる",""
12795,"こき使う","こきつかう",""
12796,"イス","イス",""
12797,"なかったことにする","なかったことにする","なかった事にする; 無かったことにする; 無かった事にする"
12798,"むす","むす","蒸す"
12799,"昼ご飯","ひるごはん",""
12800,"カ月","かげつ",""
12801,"節","せつ",""
12802,"色濃い","いろこい",""
12803,"見本","みほん",""
12804,"無神経","むしんけい",""
12805,"地響き","じひびき",""
12806,"覆い被さる","おおいかぶさる",""
12807,"どうでも良い","どうでもいい",""
12808,"味噌","みそ",""
12809,"大根","だいこん",""
12810,"凡人","ぼんじん",""
12811,"動物園","どうぶつえん",""
12812,"見回る","みまわる",""
12813,"高笑い","たかわらい",""
12814,"善人","ぜんにん",""
12815,"強情","ごうじょう",""
12816,"乞う","こう",""
12817,"居酒屋","いざかや",""
12818,"安っぽい","やすっぽい",""
12819,"ドキッと","ドキッと",""
12820,"イケる","イケる",""
12821,"本国","ほんごく",""
12822,"運が良い","うんがいい",""
12823,"倒れ伏す","たおれふす",""
12824,"安物","やすもの",""
12825,"攻撃的","こうげきてき",""
12826,"気弱","きよわ",""
12827,"お子さん","おこさん",""
12828,"這い上がる","はいあがる",""
12829,"不調","ふちょう",""
12830,"走り","はしり",""
12831,"丸まる","まるまる",""
12832,"瘴気","しょうき",""
12833,"馴れ馴れしい","なれなれしい",""
12834,"手錠","てじょう",""
12835,"雑巾","ぞうきん",""
12836,"授業を受ける","じゅぎょうをうける",""
12837,"餌食","えじき",""
12838,"お見事","おみごと",""
12839,"刺激的","しげきてき",""
12840,"武人","ぶじん",""
12841,"よく考えたら","よくかんがえたら",""
12842,"再確認","さいかくにん",""
12843,"恐怖心","きょうふしん",""
12844,"待ち望む","まちのぞむ",""
12845,"応戦","おうせん",""
12846,"貪欲","どんよく",""
12847,"どんより","どんより",""
12848,"或いは","あるいは",""
12849,"終焉","しゅうえん",""
12850,"論理的","ろんりてき",""
12851,"飛躍","ひやく",""
12852,"根源","こんげん",""
12853,"叱咤","しった",""
12854,"存外","ぞんがい",""
12855,"根っこ","ねっこ",""
12856,"甘い声","あまいこえ",""
12857,"目障り","めざわり",""
12858,"綱","つな",""
12859,"指を鳴らす","ゆびをならす",""
12860,"思い付く","おもいつく",""
12861,"虐殺","ぎゃくさつ",""
12862,"活性化","かっせいか",""
12863,"軽薄","けいはく",""
12864,"飛び退く","とびのく",""
12865,"台無しにする","だいなしにする",""
12866,"暑苦しい","あつくるしい",""
12867,"生活費","せいかつひ",""
12868,"大好物","だいこうぶつ",""
12869,"長らく","ながらく",""
12870,"名案","めいあん",""
12871,"大軍","たいぐん",""
12872,"数枚","すうまい",""
12873,"受け答え","うけこたえ",""
12874,"蔵","ぞう",""
12875,"間一髪","かんいっぱつ",""
12876,"通学","つうがく",""
12877,"不可","ふか",""
12878,"にゃん","にゃん",""
12879,"格子","こうし",""
12880,"勢","ぜい",""
12881,"絡み","がらみ",""
12882,"けた","けた","桁"
12883,"とどめを刺す","とどめをさす",""
12884,"あらかた","あらかた","粗方"
12885,"昂ぶる","たかぶる",""
12886,"起す","おこす",""
12887,"貸し","かし",""
12888,"１０万","じゅうまん",""
12889,"やってのける","やってのける","やって退ける; 遣って退ける"
12890,"呼びつける","よびつける",""
12891,"眩い","まばゆい","まばゆい; 目映い; 目映ゆい"
12892,"同じ","おなじ","おなじ"
12893,"下がる","さがる","さがる; 下る"
12894,"見たところ","みたところ","みたところ; 見た所"
12895,"クロ","クロ",""
12896,"うなされる","うなされる","魘される"
12897,"思いこむ","おもいこむ",""
12898,"メチャクチャ","メチャクチャ",""
12899,"実は","じつは","じつは"
12900,"お姉さん","おねえさん","おねえさん; お姐さん; 御姉さん"
12901,"かる","かる","刈る; 苅る"
12902,"ポーション","ポーション",""
12903,"臆する","おくする",""
12904,"オン","オン",""
12905,"命の恩人","いのちのおんじん",""
12906,"五感","ごかん",""
12907,"リセット","リセット",""
12908,"くらくら","くらくら",""
12909,"蓮","はす",""
12910,"せがむ","せがむ",""
12911,"耳を疑う","みみをうたがう",""
12912,"終","つい",""
12913,"笑い飛ばす","わらいとばす",""
12914,"業","ごう",""
12915,"ロマン","ロマン",""
12916,"忠誠を誓う","ちゅうせいをちかう",""
12917,"ハァハァ","ハァハァ",""
12918,"横取り","よこどり",""
12919,"膨張","ぼうちょう",""
12920,"駆け下りる","かけおりる",""
12921,"突起","とっき",""
12922,"気味が悪い","きみがわるい",""
12923,"出陣","しゅつじん",""
12924,"記憶力","きおくりょく",""
12925,"平らげる","たいらげる",""
12926,"自白","じはく",""
12927,"枷","かせ",""
12928,"セーフ","セーフ",""
12929,"化す","かす",""
12930,"浮く","うく","うく"
12931,"シチュー","シチュー",""
12932,"口癖","くちぐせ",""
12933,"毎週","まいしゅう",""
12934,"基調","きちょう",""
12935,"企み","たくらみ",""
12936,"通知","つうち",""
12937,"気が向く","きがむく",""
12938,"思ってもいない","おもってもいない",""
12939,"目を白黒させる","めをしろくろさせる",""
12940,"命運","めいうん",""
12941,"戯言","たわごと",""
12942,"記号","きごう",""
12943,"薄汚れる","うすよごれる",""
12944,"参上","さんじょう",""
12945,"突き付ける","つきつける",""
12946,"女将","おかみ",""
12947,"謙虚","けんきょ",""
12948,"射出","しゃしゅつ",""
12949,"若造","わかぞう",""
12950,"過保護","かほご",""
12951,"羨望","せんぼう",""
12952,"機器","きき",""
12953,"受信","じゅしん",""
12954,"両方とも","りょうほうとも",""
12955,"後世","こうせい",""
12956,"大まか","おおまか",""
12957,"視認","しにん",""
12958,"執筆","しっぴつ",""
12959,"新入り","しんいり",""
12960,"高め","たかめ",""
12961,"採れる","とれる",""
12962,"円を描く","えんをえがく",""
12963,"到来","とうらい",""
12964,"黄金色","こがねいろ",""
12965,"間の抜けた","まのぬけた",""
12966,"学食","がくしょく",""
12967,"刈る","かる",""
12968,"家々","いえいえ",""
12969,"似つかわしい","につかわしい",""
12970,"癪","しゃく",""
12971,"ＡＩ","エーアイ",""
12972,"卑猥","ひわい",""
12973,"性器","せいき",""
12974,"じっとり","じっとり",""
12975,"ばったり","ばったり",""
12976,"心配性","しんぱいしょう",""
12977,"幼少","ようしょう",""
12978,"大声で叫ぶ","おおごえでさけぶ",""
12979,"奥義","おうぎ",""
12980,"デス","デス",""
12981,"オシャレ","オシャレ",""
12982,"おふくろ","おふくろ","お袋; 御袋"
12983,"思うところがある","おもうところがある",""
12984,"一切","いっさい","いっさい"
12985,"どうとでも","どうとでも","如何とでも"
12986,"っつーか","っつーか",""
12987,"しげしげ","しげしげ","繁々; 繁繁"
12988,"言いたす","いいたす",""
12989,"パチパチ","パチパチ",""
12990,"ヲ","ヲ",""
12991,"感づく","かんづく",""
12992,"相変わらず","あいかわらず","あいかわらず; あい変らず; あい変わらず; 相変らず"
12993,"抱える","かかえる","かかえる"
12994,"カン","カン",""
12995,"朝ごはん","あさごはん",""
12996,"ぶち壊す","ぶちこわす",""
12997,"吠える","ほえる","ほえる; 吠る; 吼える"
12998,"暇","ひま","ひま; 閑"
12999,"ニ","ニ",""
13000,"どれもこれも","どれもこれも",""
13001,"条","すじ",""
13002,"返却","へんきゃく",""
13003,"療養","りょうよう",""
13004,"屋外","おくがい",""
13005,"カラカラ","カラカラ",""
13006,"仕向ける","しむける",""
13007,"歌詞","かし",""
13008,"勝機","しょうき",""
13009,"生い茂る","おいしげる",""
13010,"恋愛感情","れんあいかんじょう",""
13011,"上官","じょうかん",""
13012,"培う","つちかう",""
13013,"邸宅","ていたく",""
13014,"汗を流す","あせをながす",""
13015,"染め上げる","そめあげる",""
13016,"御意","ぎょい",""
13017,"グッズ","グッズ",""
13018,"後部座席","こうぶざせき",""
13019,"好き放題","すきほうだい",""
13020,"報","ほう",""
13021,"失言","しつげん",""
13022,"朝っぱらから","あさっぱらから",""
13023,"木の葉","このは",""
13024,"好感","こうかん",""
13025,"配信","はいしん",""
13026,"着席","ちゃくせき",""
13027,"一頭","いっとう",""
13028,"歩兵","ほへい",""
13029,"庇護","ひご",""
13030,"溜め込む","ためこむ",""
13031,"切り分ける","きりわける",""
13032,"半開き","はんびらき",""
13033,"にしろ","にしろ",""
13034,"女生徒","じょせいと",""
13035,"火種","ひだね",""
13036,"アイディア","アイディア",""
13037,"転がり落ちる","ころがりおちる",""
13038,"シスター","シスター",""
13039,"分断","ぶんだん",""
13040,"憤る","いきどおる",""
13041,"調節","ちょうせつ",""
13042,"素通り","すどおり",""
13043,"有用","ゆうよう",""
13044,"機嫌を損ねる","きげんをそこねる",""
13045,"脂肪","しぼう",""
13046,"出来る限り","できるかぎり",""
13047,"優勢","ゆうせい",""
13048,"友好的","ゆうこうてき",""
13049,"ボコボコ","ボコボコ",""
13050,"沈み込む","しずみこむ",""
13051,"そぐう","そぐう",""
13052,"発注","はっちゅう",""
13053,"剣技","けんぎ",""
13054,"道徳","どうとく",""
13055,"破","は",""
13056,"口を尖らせる","くちをとがらせる",""
13057,"ピザ","ピザ",""
13058,"よじ登る","よじのぼる",""
13059,"生まれてから","うまれてから",""
13060,"自己嫌悪","じこけんお",""
13061,"最後尾","さいこうび",""
13062,"単調","たんちょう",""
13063,"福","ふく",""
13064,"ラブラブ","ラブラブ",""
13065,"ものですか","ものですか",""
13066,"マイペース","マイペース",""
13067,"数週間","すうしゅうかん",""
13068,"茂る","しげる",""
13069,"号室","ごうしつ",""
13070,"ぼそぼそ","ぼそぼそ",""
13071,"労働者","ろうどうしゃ",""
13072,"豆腐","とうふ",""
13073,"ライフル","ライフル",""
13074,"交差点","こうさてん",""
13075,"一つ目","ひとつめ",""
13076,"口を噤む","くちをつぐむ",""
13077,"封じ込める","ふうじこめる",""
13078,"眩暈","めまい",""
13079,"剥く","むく",""
13080,"重んじる","おもんじる",""
13081,"恋に落ちる","こいにおちる",""
13082,"掘る","ほる","ほる"
13083,"ハッハッハ","ハッハッハ",""
13084,"強い","つよい","つよい"
13085,"よしとする","よしとする","良しとする"
13086,"ヒビ","ヒビ",""
13087,"１階","いっかい",""
13088,"ちぎる","ちぎる","千切る"
13089,"ドン引き","ドンびき",""
13090,"決して","けっして","けっして"
13091,"損する","そんする",""
13092,"佐々木","ささき",""
13093,"今どき","いまどき",""
13094,"やりきる","やりきる","やり切る"
13095,"カギ","カギ",""
13096,"もどき","もどき","擬; 擬き"
13097,"坊ちゃん","ぼっちゃん",""
13098,"度合い","どあい",""
13099,"ボーッと","ボーッと",""
13100,"棒","ぼう","ぼう"
13101,"事例","じれい",""
13102,"完治","かんち",""
13103,"寝間着","ねまき",""
13104,"言い直す","いいなおす",""
13105,"挟まる","はさまる",""
13106,"雑音","ざつおん",""
13107,"択","たく",""
13108,"爆風","ばくふう",""
13109,"怠惰","たいだ",""
13110,"死に方","しにかた",""
13111,"居候","いそうろう",""
13112,"正義の味方","せいぎのみかた",""
13113,"本質的","ほんしつてき",""
13114,"生き抜く","いきぬく",""
13115,"大雑把","おおざっぱ",""
13116,"かと言って","かといって",""
13117,"形見","かたみ",""
13118,"脱げる","ぬげる",""
13119,"概ね","おおむね",""
13120,"ぽつぽつ","ぽつぽつ",""
13121,"得物","えもの",""
13122,"錆びる","さびる",""
13123,"長髪","ちょうはつ",""
13124,"路線","ろせん",""
13125,"回りくどい","まわりくどい",""
13126,"奥方","おくがた",""
13127,"箒","ほうき",""
13128,"言わす","いわす",""
13129,"一目散に","いちもくさんに",""
13130,"閉店","へいてん",""
13131,"訝しむ","いぶかしむ",""
13132,"運が悪い","うんがわるい",""
13133,"脚本","きゃくほん",""
13134,"荒らげる","あららげる",""
13135,"ノリノリ","ノリノリ",""
13136,"今の今まで","いまのいままで",""
13137,"滲み出る","にじみでる",""
13138,"世間知らず","せけんしらず",""
13139,"バナナ","バナナ",""
13140,"味覚","みかく",""
13141,"十一時","じゅういちじ",""
13142,"志願","しがん",""
13143,"休憩時間","きゅうけいじかん",""
13144,"最良","さいりょう",""
13145,"コイン","コイン",""
13146,"淫ら","みだら",""
13147,"海底","かいてい",""
13148,"使い魔","つかいま",""
13149,"投じる","とうじる",""
13150,"人事","じんじ",""
13151,"肉親","にくしん",""
13152,"海軍","かいぐん",""
13153,"長官","ちょうかん",""
13154,"蔦","つた",""
13155,"人違い","ひとちがい",""
13156,"悪態をつく","あくたいをつく",""
13157,"お預け","おあずけ",""
13158,"小隊","しょうたい",""
13159,"ボディ","ボディ",""
13160,"一刻","いっこく",""
13161,"候補者","こうほしゃ",""
13162,"レベルアップ","レベルアップ",""
13163,"前例","ぜんれい",""
13164,"今一度","いまいちど",""
13165,"難しい顔をする","むずかしいかおをする",""
13166,"交代で","こうたいで",""
13167,"薄情","はくじょう",""
13168,"煩わしい","わずらわしい",""
13169,"ドジ","ドジ",""
13170,"解剖","かいぼう",""
13171,"産物","さんぶつ",""
13172,"あやふや","あやふや",""
13173,"後ろ向き","うしろむき",""
13174,"オーダー","オーダー",""
13175,"騒音","そうおん",""
13176,"投稿","とうこう",""
13177,"火の粉","ひのこ",""
13178,"張り合う","はりあう",""
13179,"お電話","おでんわ",""
13180,"キョトン","キョトン",""
13181,"側から","そばから","そばから; 傍から"
13182,"次","つぎ","つぎ"
13183,"悔い","くい","くい"
13184,"立ちすくむ","たちすくむ",""
13185,"ジジイ","ジジイ",""
13186,"何よりも","なによりも",""
13187,"必ず","かならず","かならず"
13188,"婆","ばば",""
13189,"タマ","タマ",""
13190,"仲のいい","なかのいい",""
13191,"収める","おさめる","おさめる; 納める"
13192,"柔らか","やわらか","やわらか; 軟らか"
13193,"われら","われら","吾ら; 吾等; 我ら; 我等"
13194,"あちらこちら","あちらこちら",""
13195,"いなす","いなす","去なす; 往なす"
13196,"抜ける","ぬける","ぬける; 脱ける"
13197,"レイ","レイ",""
13198,"立てかける","たてかける",""
13199,"後ほど","のちほど",""
13200,"起きる","おきる","おきる"
13201,"荒れ狂う","あれくるう",""
13202,"外界","がいかい",""
13203,"探検","たんけん",""
13204,"ビリビリ","ビリビリ",""
13205,"変色","へんしょく",""
13206,"装束","しょうぞく",""
13207,"時間を潰す","じかんをつぶす",""
13208,"東方","とうほう",""
13209,"憮然","ぶぜん",""
13210,"輝かしい","かがやかしい",""
13211,"焚く","たく",""
13212,"トリック","トリック",""
13213,"隠密","おんみつ",""
13214,"どちらにしても","どちらにしても",""
13215,"駆けだす","かけだす",""
13216,"胸板","むないた",""
13217,"架空","かくう",""
13218,"目を光らせる","めをひからせる",""
13219,"ハーレム","ハーレム",""
13220,"権力者","けんりょくしゃ",""
13221,"天敵","てんてき",""
13222,"他所","よそ",""
13223,"年配","ねんぱい",""
13224,"夕刻","ゆうこく",""
13225,"求婚","きゅうこん",""
13226,"目をつむる","めをつむる",""
13227,"南方","なんぽう",""
13228,"打倒","だとう",""
13229,"温存","おんぞん",""
13230,"暖か","あたたか",""
13231,"ご心配なく","ごしんぱいなく",""
13232,"敷き詰める","しきつめる",""
13233,"火災","かさい",""
13234,"儲かる","もうかる",""
13235,"伏す","ふす",""
13236,"ＤＶＤ","ディーブイディー",""
13237,"無我夢中","むがむちゅう",""
13238,"誠","まこと",""
13239,"あっけらかん","あっけらかん",""
13240,"何日か","なんにちか",""
13241,"最終日","さいしゅうび",""
13242,"独りで","ひとりで",""
13243,"継ぐ","つぐ","つぐ; 嗣ぐ; 続ぐ; 襲ぐ"
13244,"急用","きゅうよう",""
13245,"手探り","てさぐり",""
13246,"パラパラ","パラパラ",""
13247,"一品","いっぴん",""
13248,"泣き顔","なきがお",""
13249,"ライター","ライター",""
13250,"記入","きにゅう",""
13251,"会員","かいいん",""
13252,"芸当","げいとう",""
13253,"ラブ","ラブ",""
13254,"パフォーマンス","パフォーマンス",""
13255,"センサー","センサー",""
13256,"確固","かっこ",""
13257,"ＰＣ","ピーシー",""
13258,"制裁","せいさい",""
13259,"暴行","ぼうこう",""
13260,"しゃぶる","しゃぶる",""
13261,"二番","にばん",""
13262,"蹴飛ばす","けとばす",""
13263,"安らぐ","やすらぐ",""
13264,"研修","けんしゅう",""
13265,"浪費","ろうひ",""
13266,"紙切れ","かみきれ",""
13267,"トランク","トランク",""
13268,"十万","じゅうまん",""
13269,"ドワーフ","ドワーフ",""
13270,"短縮","たんしゅく",""
13271,"積み重なる","つみかさなる",""
13272,"婆さん","ばあさん",""
13273,"聖人","せいじん",""
13274,"行動力","こうどうりょく",""
13275,"もごもご","もごもご",""
13276,"改変","かいへん",""
13277,"立ち塞がる","たちふさがる",""
13278,"闘い","たたかい",""
13279,"目下","もっか",""
13280,"シロ","シロ",""
13281,"僕たち","ぼくたち","ぼくたち; 僕達"
13282,"拭く","ふく","ふく"
13283,"頭をよぎる","あたまをよぎる",""
13284,"灯す","ともす","ともす; 点す; 燈す"
13285,"曰く","いわく","いわく"
13286,"もったいぶる","もったいぶる","勿体ぶる; 勿体振る"
13287,"この通り","このとおり","このとおり"
13288,"ローマ","ローマ","羅馬"
13289,"滑らか","なめらか","なめらか; 滑か"
13290,"こしらえる","こしらえる","拵える"
13291,"おとぎ話","おとぎばなし",""
13292,"しすぎる","しすぎる","し過ぎる; 為過ぎる"
13293,"ことさら","ことさら","故; 殊更"
13294,"預かる","あずかる","あずかる"
13295,"ちょうど良い","ちょうどいい",""
13296,"不思議","ふしぎ","ふしぎ"
13297,"えむ","えむ","笑む"
13298,"七","なな","なな; 柒; 漆; ７"
13299,"ほど遠い","ほどとおい",""
13300,"ほぐれる","ほぐれる","解れる"
13301,"蔵","くら",""
13302,"薙ぎ払う","なぎはらう",""
13303,"一列","いちれつ",""
13304,"生き続ける","いきつづける",""
13305,"宝箱","たからばこ",""
13306,"呪縛","じゅばく",""
13307,"斬りつける","きりつける",""
13308,"焦らす","じらす",""
13309,"陰気","いんき",""
13310,"寝","ね",""
13311,"幼馴染み","おさななじみ",""
13312,"トントン","トントン",""
13313,"宿舎","しゅくしゃ",""
13314,"決勝","けっしょう",""
13315,"松明","たいまつ",""
13316,"拝借","はいしゃく",""
13317,"当惑","とうわく",""
13318,"退室","たいしつ",""
13319,"真っ最中","まっさいちゅう",""
13320,"やべえ","やべえ",""
13321,"品質","ひんしつ",""
13322,"大活躍","だいかつやく",""
13323,"窓辺","まどべ",""
13324,"本意","ほんい",""
13325,"目の色","めのいろ",""
13326,"親分","おやぶん",""
13327,"盗み聞き","ぬすみぎき",""
13328,"命を懸ける","いのちをかける",""
13329,"小銭","こぜに",""
13330,"脂汗","あぶらあせ",""
13331,"タンク","タンク",""
13332,"麻薬","まやく",""
13333,"にやける","にやける",""
13334,"停車","ていしゃ",""
13335,"持ち直す","もちなおす",""
13336,"聞き込み","ききこみ",""
13337,"石像","せきぞう",""
13338,"司会","しかい",""
13339,"懐中電灯","かいちゅうでんとう",""
13340,"愚","ぐ",""
13341,"恐","かしこ",""
13342,"ほくそ笑む","ほくそえむ",""
13343,"食品","しょくひん",""
13344,"全土","ぜんど",""
13345,"永い","ながい",""
13346,"政権","せいけん",""
13347,"建造物","けんぞうぶつ",""
13348,"思い悩む","おもいなやむ",""
13349,"ウイルス","ウイルス",""
13350,"水平","すいへい",""
13351,"北側","きたがわ",""
13352,"盗る","とる",""
13353,"現実味","げんじつみ",""
13354,"使徒","しと",""
13355,"特異","とくい",""
13356,"不死身","ふじみ",""
13357,"聞き逃す","ききのがす",""
13358,"白々しい","しらじらしい",""
13359,"スタジオ","スタジオ",""
13360,"称える","たたえる",""
13361,"萌える","もえる",""
13362,"黒々","くろぐろ",""
13363,"今までにない","いままでにない",""
13364,"比べ物にならない","くらべものにならない",""
13365,"窓口","まどぐち",""
13366,"契約書","けいやくしょ",""
13367,"達成感","たっせいかん",""
13368,"言ってのける","いってのける",""
13369,"ぞくぞく","ぞくぞく",""
13370,"つまるところ","つまるところ","つまる処; つまる所; 詰まるところ"
13371,"見間違える","みまちがえる",""
13372,"苦難","くなん",""
13373,"日向","ひなた",""
13374,"科学的","かがくてき",""
13375,"鼻水","はなみず",""
13376,"数十年","すうじゅうねん",""
13377,"心残り","こころのこり",""
13378,"崇拝","すうはい",""
13379,"掴まる","つかまる",""
13380,"猛然","もうぜん",""
13381,"格好良い","かっこいい",""
13382,"億劫","おっくう",""
13383,"何それ","なにそれ",""
13384,"オモチャ","オモチャ",""
13385,"アハハハハ","アハハハハ",""
13386,"バ","バ",""
13387,"振りほどく","ふりほどく",""
13388,"露わ","あらわ","あらわ; 露; 顕"
13389,"一応","いちおう","いちおう; 一往"
13390,"食べる","たべる","たべる; 喰べる"
13391,"交じる","まじる",""
13392,"風邪ひく","かぜひく",""
13393,"クセ","クセ",""
13394,"言いながら","いいながら","いいながら"
13395,"引き立てる","ひきたてる",""
13396,"そびえる","そびえる","聳える"
13397,"引きつる","ひきつる","ひきつる; 引き攣る"
13398,"つまずく","つまずく","躓く"
13399,"わけもなく","わけもなく","訳もなく; 訳も無く"
13400,"クラスメート","クラスメート",""
13401,"オフ","オフ",""
13402,"凍結","とうけつ",""
13403,"払拭","ふっしょく",""
13404,"無骨","ぶこつ",""
13405,"ティーカップ","ティーカップ",""
13406,"中立","ちゅうりつ",""
13407,"げんなり","げんなり",""
13408,"終わりを告げる","おわりをつげる",""
13409,"売買","ばいばい",""
13410,"人一倍","ひといちばい",""
13411,"白黒","しろくろ",""
13412,"助けになる","たすけになる",""
13413,"財宝","ざいほう",""
13414,"萎縮","いしゅく",""
13415,"マップ","マップ",""
13416,"落とし穴","おとしあな",""
13417,"仕上がる","しあがる",""
13418,"ぐんぐん","ぐんぐん",""
13419,"盗み見る","ぬすみみる",""
13420,"一部始終","いちぶしじゅう",""
13421,"願","がん",""
13422,"幼子","おさなご",""
13423,"家中","うちじゅう",""
13424,"梯子","はしご",""
13425,"お米","おこめ",""
13426,"手を取り合う","てをとりあう",""
13427,"慈しむ","いつくしむ",""
13428,"循環","じゅんかん",""
13429,"反逆","はんぎゃく",""
13430,"林檎","りんご",""
13431,"仕事場","しごとば",""
13432,"コレクション","コレクション",""
13433,"整列","せいれつ",""
13434,"概要","がいよう",""
13435,"はみ出す","はみだす",""
13436,"髭","ひげ","ひげ; 髯; 鬚"
13437,"ＣＭ","シーエム",""
13438,"フルーツ","フルーツ",""
13439,"陣形","じんけい",""
13440,"裸足","はだし",""
13441,"経験を積む","けいけんをつむ",""
13442,"連絡が取れる","れんらくがとれる",""
13443,"タイヤ","タイヤ",""
13444,"長所","ちょうしょ",""
13445,"付き従う","つきしたがう",""
13446,"ちゅー","ちゅー",""
13447,"パート","パート",""
13448,"経営者","けいえいしゃ",""
13449,"コーラ","コーラ",""
13450,"認知","にんち",""
13451,"国外","こくがい",""
13452,"今更ながら","いまさらながら",""
13453,"断じる","だんじる",""
13454,"大穴","おおあな",""
13455,"重圧","じゅうあつ",""
13456,"お届け","おとどけ",""
13457,"身を委ねる","みをゆだねる",""
13458,"目論見","もくろみ",""
13459,"厚意","こうい",""
13460,"規格外","きかくがい",""
13461,"僧","そう",""
13462,"精神状態","せいしんじょうたい",""
13463,"キャプテン","キャプテン",""
13464,"下僕","げぼく",""
13465,"醜態","しゅうたい",""
13466,"自作","じさく",""
13467,"暗に","あんに",""
13468,"より上","よりうえ",""
13469,"コスト","コスト",""
13470,"体躯","たいく",""
13471,"なるべく早く","なるべくはやく",""
13472,"アプリ","アプリ",""
13473,"隊列","たいれつ",""
13474,"負傷者","ふしょうしゃ",""
13475,"手を借りる","てをかりる",""
13476,"ほかない","ほかない",""
13477,"怪獣","かいじゅう",""
13478,"甘み","あまみ",""
13479,"修練","しゅうれん",""
13480,"美術館","びじゅつかん",""
13481,"補正","ほせい",""
13482,"仏","ほとけ",""
13483,"うっさい","うっさい",""
13484,"仕切り","しきり",""
13485,"めちゃめちゃ","めちゃめちゃ","滅茶滅茶; 目茶目茶"
13486,"ごもっとも","ごもっとも","ご尤も; 御尤も"
13487,"覗きこむ","のぞきこむ",""
13488,"考えつく","かんがえつく",""
13489,"覗き込む","のぞきこむ","のぞきこむ; のぞき込む; 覗きこむ"
13490,"赤み","あかみ",""
13491,"息をのむ","いきをのむ",""
13492,"トドメ","トドメ",""
13493,"生まれながら","うまれながら",""
13494,"静まりかえる","しずまりかえる",""
13495,"惨め","みじめ","みじめ"
13496,"リス","リス",""
13497,"暇つぶし","ひまつぶし",""
13498,"泣きつく","なきつく",""
13499,"かぶりつく","かぶりつく","かぶり付く; 噛りつく; 噛り付く; 齧りつく; 齧り付く"
13500,"うざい","うざい",""
13501,"術","すべ",""
13502,"被る","こうむる",""
13503,"傷む","いたむ",""
13504,"男同士","おとこどうし",""
13505,"見ず知らず","みずしらず",""
13506,"無償","むしょう",""
13507,"合コン","ごうコン",""
13508,"司","つかさ",""
13509,"交錯","こうさく",""
13510,"疲れ切る","つかれきる",""
13511,"毛頭","もうとう",""
13512,"獲る","とる",""
13513,"副作用","ふくさよう",""
13514,"満","まん",""
13515,"ころころ","ころころ",""
13516,"洪水","こうずい",""
13517,"様相","ようそう",""
13518,"紺色","こんいろ",""
13519,"嬌声","きょうせい",""
13520,"蝋燭","ろうそく",""
13521,"聖堂","せいどう",""
13522,"副会長","ふくかいちょう",""
13523,"我を忘れる","われをわすれる",""
13524,"厳か","おごそか",""
13525,"試行錯誤","しこうさくご",""
13526,"用心深い","ようじんぶかい",""
13527,"一泊","いっぱく",""
13528,"平常","へいじょう",""
13529,"口に合う","くちにあう",""
13530,"統制","とうせい",""
13531,"懺悔","さんげ",""
13532,"炊く","たく",""
13533,"下手をすれば","へたをすれば",""
13534,"調子が悪い","ちょうしがわるい",""
13535,"呆れ顔","あきれがお",""
13536,"ボトル","ボトル",""
13537,"別にいいけど","べつにいいけど",""
13538,"心を開く","こころをひらく",""
13539,"警部","けいぶ",""
13540,"ふかふか","ふかふか",""
13541,"容態","ようだい",""
13542,"暦","こよみ",""
13543,"ああやって","ああやって",""
13544,"朝飯","あさめし",""
13545,"郡","ぐん",""
13546,"判決","はんけつ",""
13547,"怒鳴り声","どなりごえ",""
13548,"笠","かさ",""
13549,"越し","ごし","ごし"
13550,"安らぎ","やすらぎ",""
13551,"父ちゃん","とうちゃん",""
13552,"頭蓋骨","ずがいこつ",""
13553,"回線","かいせん",""
13554,"気性","きしょう",""
13555,"地雷","じらい",""
13556,"手触り","てざわり",""
13557,"出店","しゅってん",""
13558,"数分後","すうふんご",""
13559,"譲歩","じょうほ",""
13560,"異界","いかい",""
13561,"それもこれも","それもこれも",""
13562,"見立てる","みたてる",""
13563,"数え切れない","かぞえきれない",""
13564,"残業","ざんぎょう",""
13565,"入念","にゅうねん",""
13566,"機動","きどう",""
13567,"ガッツポーズ","ガッツポーズ",""
13568,"著者","ちょしゃ",""
13569,"皇","すめ",""
13570,"ビシッと","ビシッと",""
13571,"小瓶","こびん",""
13572,"身も心も","みもこころも",""
13573,"臆病者","おくびょうもの",""
13574,"欠陥","けっかん",""
13575,"張り","はり",""
13576,"自販機","じはんき",""
13577,"て言うか","ていうか",""
13578,"８月","はちがつ",""
13579,"なあんだ","なあんだ",""
13580,"まり","まり","毬; 鞠"
13581,"話す","はなす","はなす; 咄す"
13582,"のどか","のどか","長閑"
13583,"今しがた","いましがた",""
13584,"ひいては","ひいては","延いては"
13585,"ヤ","ヤ",""
13586,"有難い","ありがたい",""
13587,"混じり","まじり","まじり; 交じり"
13588,"佇む","たたずむ","たたずむ; 彳む"
13589,"付き合い","つきあい","つきあい; つき合い; 付合い"
13590,"跪く","ひざまずく","ひざまずく"
13591,"受け身","うけみ",""
13592,"見つける","みつける","みつける; 見付ける; 見附ける"
13593,"たどたどしい","たどたどしい","辿々しい; 辿たどしい"
13594,"手をあげる","てをあげる",""
13595,"からというもの","からというもの","からという物; からと言うもの"
13596,"説明がつく","せつめいがつく",""
13597,"いっぺんに","いっぺんに","一遍に"
13598,"様子","ようす","ようす; 容子"
13599,"仲いい","なかいい",""
13600,"有様","ありさま","ありさま; あり様; 有りさま; 有り様"
13601,"目掛ける","めがける",""
13602,"痣","あざ",""
13603,"献上","けんじょう",""
13604,"冷淡","れいたん",""
13605,"牧場","ぼくじょう",""
13606,"卑しい","いやしい",""
13607,"送り","おくり",""
13608,"東側","ひがしがわ",""
13609,"お腹いっぱい","おなかいっぱい",""
13610,"スマート","スマート",""
13611,"公演","こうえん",""
13612,"比喩","ひゆ",""
13613,"目の下","めのした",""
13614,"主導","しゅどう",""
13615,"話し出す","はなしだす",""
13616,"引き剥がす","ひきはがす",""
13617,"爆ぜる","はぜる",""
13618,"サラサラ","サラサラ",""
13619,"動力","どうりょく",""
13620,"なりと","なりと",""
13621,"超絶","ちょうぜつ",""
13622,"はいよ","はいよ",""
13623,"規則正しい","きそくただしい",""
13624,"心を読む","こころをよむ",""
13625,"ごそごそ","ごそごそ",""
13626,"頼み込む","たのみこむ",""
13627,"共鳴","きょうめい",""
13628,"腰を抜かす","こしをぬかす",""
13629,"罰ゲーム","ばつゲーム",""
13630,"洩らす","もらす",""
13631,"一条","いちじょう",""
13632,"垂れ流す","たれながす",""
13633,"勘定","かんじょう",""
13634,"同一人物","どういつじんぶつ",""
13635,"目を疑う","めをうたがう",""
13636,"寿司","すし",""
13637,"一喝","いっかつ",""
13638,"上流","じょうりゅう",""
13639,"一安心","ひとあんしん",""
13640,"面目","めんぼく",""
13641,"ランキング","ランキング",""
13642,"測定","そくてい",""
13643,"上を向く","うえをむく",""
13644,"ファイト","ファイト",""
13645,"残滓","ざんし",""
13646,"着陸","ちゃくりく",""
13647,"スライド","スライド",""
13648,"差し掛かる","さしかかる",""
13649,"冷","れい",""
13650,"敬愛","けいあい",""
13651,"ポニーテール","ポニーテール",""
13652,"乃","の",""
13653,"ウフッ","ウフッ",""
13654,"キャベツ","キャベツ",""
13655,"愛想笑い","あいそわらい",""
13656,"思い入れ","おもいいれ",""
13657,"別室","べっしつ",""
13658,"鼓舞","こぶ",""
13659,"姉上","あねうえ",""
13660,"安泰","あんたい",""
13661,"屈む","かがむ",""
13662,"小説家","しょうせつか",""
13663,"刻","こく","こく; 剋"
13664,"及ぼす","およぼす",""
13665,"即刻","そっこく",""
13666,"過度","かど",""
13667,"吹っ切れる","ふっきれる",""
13668,"いつになったら","いつになったら",""
13669,"習性","しゅうせい",""
13670,"偽者","にせもの",""
13671,"細部","さいぶ",""
13672,"豊","ゆたか",""
13673,"奇声","きせい",""
13674,"障害物","しょうがいぶつ",""
13675,"吊る","つる",""
13676,"居なくなる","いなくなる",""
13677,"パイロット","パイロット",""
13678,"手札","てふだ",""
13679,"を介して","をかいして",""
13680,"馬鹿野郎","ばかやろう",""
13681,"概ね","おおむね","おおむね; 大旨"
13682,"草むら","くさむら",""
13683,"閉じこめる","とじこめる",""
13684,"西","にし","にし"
13685,"ハル","ハル",""
13686,"おまじない","おまじない","お呪い; 御呪い"
13687,"優れる","すぐれる","すぐれる; 傑れる; 勝れる"
13688,"今に","いまに","いまに"
13689,"かぶりを振る","かぶりをふる",""
13690,"悲しげ","かなしげ",""
13691,"取っておく","とっておく",""
13692,"目眩","めまい","めまい; 目まい; 目眩い; 眩暈"
13693,"それっ","それっ",""
13694,"車","しゃ","しゃ"
13695,"懐かしい","なつかしい","なつかしい"
13696,"こすりつける","こすりつける",""
13697,"何ひとつ","なにひとつ",""
13698,"合い","あい",""
13699,"察するに","さっするに",""
13700,"爪","つめ","つめ"
13701,"仲が悪い","なかがわるい",""
13702,"木の実","このみ",""
13703,"好評","こうひょう",""
13704,"点滅","てんめつ",""
13705,"社交","しゃこう",""
13706,"入部","にゅうぶ",""
13707,"話が早い","はなしがはやい",""
13708,"弛緩","しかん",""
13709,"山本","やまもと",""
13710,"暴動","ぼうどう",""
13711,"一足先","ひとあしさき",""
13712,"凝縮","ぎょうしゅく",""
13713,"フェンス","フェンス",""
13714,"浜辺","はまべ",""
13715,"私室","ししつ",""
13716,"ぽろぽろ","ぽろぽろ",""
13717,"変動","へんどう",""
13718,"瞬間的","しゅんかんてき",""
13719,"十字","じゅうじ",""
13720,"見え隠れ","みえかくれ",""
13721,"バックアップ","バックアップ",""
13722,"何も無い","なにもない",""
13723,"高台","たかだい",""
13724,"窓枠","まどわく",""
13725,"緩慢","かんまん",""
13726,"全身全霊","ぜんしんぜんれい",""
13727,"凛々しい","りりしい",""
13728,"正直言って","しょうじきいって",""
13729,"念願","ねんがん",""
13730,"士官","しかん",""
13731,"自分の分","じぶんのぶん",""
13732,"駆逐","くちく",""
13733,"抽出","ちゅうしゅつ",""
13734,"ポット","ポット",""
13735,"境地","きょうち",""
13736,"亜","あ",""
13737,"償い","つぐない",""
13738,"人間性","にんげんせい",""
13739,"待ち合わせる","まちあわせる",""
13740,"盛り上がり","もりあがり",""
13741,"うずめる","うずめる","埋ずめる; 埋める; 填める"
13742,"不慣れ","ふなれ",""
13743,"貿易","ぼうえき",""
13744,"手軽","てがる",""
13745,"レッスン","レッスン",""
13746,"書店","しょてん",""
13747,"秘匿","ひとく",""
13748,"首謀者","しゅぼうしゃ",""
13749,"水槽","すいそう",""
13750,"ドーム","ドーム",""
13751,"痺れ","しびれ",""
13752,"カーブ","カーブ",""
13753,"否む","いなむ",""
13754,"コンタクト","コンタクト",""
13755,"乗り換える","のりかえる",""
13756,"形だけ","かたちだけ",""
13757,"百姓","ひゃくしょう",""
13758,"支配下","しはいか",""
13759,"足の裏","あしのうら",""
13760,"若々しい","わかわかしい",""
13761,"づく","づく","付く"
13762,"至高","しこう",""
13763,"突っ切る","つっきる",""
13764,"騒然","そうぜん",""
13765,"食感","しょっかん",""
13766,"大和","やまと",""
13767,"精進","しょうじん",""
13768,"ボランティア","ボランティア",""
13769,"利点","りてん",""
13770,"お気になさらず","おきになさらず",""
13771,"明滅","めいめつ",""
13772,"動員","どういん",""
13773,"信憑性","しんぴょうせい",""
13774,"出来るようになる","できるようになる",""
13775,"省略","しょうりゃく",""
13776,"依然","いぜん",""
13777,"部活動","ぶかつどう",""
13778,"大群","たいぐん",""
13779,"闘志","とうし",""
13780,"領内","りょうない",""
13781,"つもりである","つもりである",""
13782,"ガラガラ","ガラガラ",""
13783,"どくん","どくん",""
13784,"銭","せん",""
13785,"天","てん","てん"
13786,"おぼろげ","おぼろげ","朧げ; 朧気"
13787,"思いきる","おもいきる",""
13788,"みたいな","みたいな",""
13789,"差し支える","さしつかえる",""
13790,"神さま","かみさま",""
13791,"跡形もなく","あとかたもなく",""
13792,"クン","クン",""
13793,"ハサミ","ハサミ",""
13794,"腰をおろす","こしをおろす",""
13795,"受けとる","うけとる",""
13796,"目があう","めがあう",""
13797,"ひっきりなし","ひっきりなし","ひっきり無し; 引っきりなし; 引っ切りなし; 引っ切り無し"
13798,"とかす","とかす","梳かす"
13799,"ひと目","ひとめ",""
13800,"子供のころ","こどものころ",""
13801,"学園祭","がくえんさい",""
13802,"盗み","ぬすみ",""
13803,"十一月","じゅういちがつ",""
13804,"免許","めんきょ",""
13805,"文官","ぶんかん",""
13806,"一部分","いちぶぶん",""
13807,"汽車","きしゃ",""
13808,"棲む","すむ",""
13809,"飲ます","のます",""
13810,"名探偵","めいたんてい",""
13811,"幻聴","げんちょう",""
13812,"廃棄","はいき",""
13813,"銃撃","じゅうげき",""
13814,"台座","だいざ",""
13815,"史上","しじょう",""
13816,"千円","せんえん",""
13817,"寛容","かんよう",""
13818,"世界観","せかいかん",""
13819,"幕府","ばくふ",""
13820,"ジャム","ジャム",""
13821,"甘美","かんび",""
13822,"肉棒","にくぼう",""
13823,"夢想","むそう",""
13824,"より大きい","よりおおきい",""
13825,"まあいいか","まあいいか",""
13826,"卒業生","そつぎょうせい",""
13827,"恵","え",""
13828,"胸部","きょうぶ",""
13829,"生命体","せいめいたい",""
13830,"風邪を引く","かぜをひく",""
13831,"とんでも","とんでも",""
13832,"水筒","すいとう",""
13833,"結婚相手","けっこんあいて",""
13834,"痛ましい","いたましい",""
13835,"酔っ払い","よっぱらい",""
13836,"例える","たとえる",""
13837,"解決策","かいけつさく",""
13838,"隣人","りんじん",""
13839,"あれ以来","あれいらい",""
13840,"降臨","こうりん",""
13841,"ツンデレ","ツンデレ",""
13842,"ジト目","ジトめ",""
13843,"アイスクリーム","アイスクリーム",""
13844,"自尊心","じそんしん",""
13845,"一蹴","いっしゅう",""
13846,"豊満","ほうまん",""
13847,"税","ぜい",""
13848,"水を差す","みずをさす",""
13849,"出版社","しゅっぱんしゃ",""
13850,"捕捉","ほそく",""
13851,"管理者","かんりしゃ",""
13852,"襟元","えりもと",""
13853,"栗","くり",""
13854,"目を付ける","めをつける",""
13855,"延期","えんき",""
13856,"ギャグ","ギャグ",""
13857,"どちらかと言えば","どちらかといえば",""
13858,"鳥肌が立つ","とりはだがたつ",""
13859,"ざっくり","ざっくり",""
13860,"論外","ろんがい",""
13861,"殺人鬼","さつじんき",""
13862,"膝枕","ひざまくら",""
13863,"ボーナス","ボーナス",""
13864,"根気","こんき",""
13865,"芸人","げいにん",""
13866,"ウインク","ウインク",""
13867,"打って変わる","うってかわる",""
13868,"事務的","じむてき",""
13869,"内密","ないみつ",""
13870,"シミュレーション","シミュレーション",""
13871,"でなければならない","でなければならない",""
13872,"日数","にっすう",""
13873,"藁","わら",""
13874,"仲間達","なかまたち",""
13875,"判断力","はんだんりょく",""
13876,"自己満足","じこまんぞく",""
13877,"小言","こごと",""
13878,"袴","はかま",""
13879,"偽名","ぎめい",""
13880,"忠誠心","ちゅうせいしん",""
13881,"この上なく","このうえなく",""
13882,"あす","あす",""
13883,"レモン","レモン",""
13884,"なげ","なげ","投げ"
13885,"おぼつかない","おぼつかない","覚束ない; 覚束無い"
13886,"持ち場","もちば",""
13887,"もったい","もったい","勿体"
13888,"緩める","ゆるめる","ゆるめる; 弛める"
13889,"面子","メンツ","メンツ"
13890,"者ども","ものども",""
13891,"一斉に","いっせいに","いっせいに"
13892,"昔","むかし","むかし"
13893,"つまみ","つまみ","摘み; 撮み"
13894,"センパイ","センパイ",""
13895,"イマイチ","イマイチ",""
13896,"取りつく","とりつく",""
13897,"外れる","はずれる","はずれる"
13898,"した方がいい","したほうがいい",""
13899,"火がつく","ひがつく",""
13900,"訳がない","わけがない",""
13901,"野宿","のじゅく",""
13902,"巻き添え","まきぞえ",""
13903,"辟易","へきえき",""
13904,"てよ","てよ",""
13905,"異能","いのう",""
13906,"錠","じょう",""
13907,"一歩一歩","いっぽいっぽ",""
13908,"亡骸","なきがら",""
13909,"燃え盛る","もえさかる",""
13910,"僧侶","そうりょ",""
13911,"隠し","かくし",""
13912,"木造","もくぞう",""
13913,"心の内","こころのうち",""
13914,"招集","しょうしゅう",""
13915,"怒り狂う","いかりくるう",""
13916,"執り行う","とりおこなう",""
13917,"ずんずん","ずんずん",""
13918,"剣道","けんどう",""
13919,"若","わか",""
13920,"糸を引く","いとをひく",""
13921,"取り返し","とりかえし",""
13922,"命懸け","いのちがけ",""
13923,"色々あって","いろいろあって",""
13924,"不動","ふどう",""
13925,"導き","みちびき",""
13926,"根底","こんてい",""
13927,"じろり","じろり",""
13928,"禁","きん",""
13929,"蜂蜜","はちみつ",""
13930,"手を掛ける","てをかける",""
13931,"選抜","せんばつ",""
13932,"惨劇","さんげき",""
13933,"増援","ぞうえん",""
13934,"マニア","マニア",""
13935,"クエスト","クエスト",""
13936,"トレイ","トレイ",""
13937,"芸能人","げいのうじん",""
13938,"尊厳","そんげん",""
13939,"象","ぞう",""
13940,"丁目","ちょうめ",""
13941,"交通事故","こうつうじこ",""
13942,"資材","しざい",""
13943,"依頼人","いらいにん",""
13944,"乱雑","らんざつ",""
13945,"紙一重","かみひとえ",""
13946,"物色","ぶっしょく",""
13947,"先生方","せんせいがた",""
13948,"放心","ほうしん",""
13949,"東洋","とうよう",""
13950,"リモコン","リモコン",""
13951,"補強","ほきょう",""
13952,"ぬるぬる","ぬるぬる",""
13953,"畏まる","かしこまる",""
13954,"議題","ぎだい",""
13955,"気の利いた","きのきいた",""
13956,"取り掛かる","とりかかる",""
13957,"魂胆","こんたん",""
13958,"全軍","ぜんぐん",""
13959,"相殺","そうさい",""
13960,"穂","ほ",""
13961,"良しとする","よしとする",""
13962,"重なり合う","かさなりあう",""
13963,"ダイヤ","ダイヤ",""
13964,"焼き払う","やきはらう",""
13965,"監視カメラ","かんしカメラ",""
13966,"劣化","れっか",""
13967,"上の空","うわのそら",""
13968,"子供扱い","こどもあつかい",""
13969,"一致","いっち","いっち"
13970,"控え室","ひかえしつ",""
13971,"２枚","にまい",""
13972,"吊るす","つるす",""
13973,"ツッコむ","ツッコむ",""
13974,"潮","しお","しお; 汐"
13975,"揃い","そろい",""
13976,"丈","たけ","たけ; 長"
13977,"いかがわしい","いかがわしい","如何わしい"
13978,"５つ","いつつ",""
13979,"したたか","したたか","健か; 強か"
13980,"毛並み","けなみ",""
13981,"お客さま","おきゃくさま",""
13982,"ツボ","ツボ",""
13983,"蠢く","うごめく","うごめく; 動めく"
13984,"そのまんま","そのまんま",""
13985,"過ごす","すごす","すごす; 過す"
13986,"大層","たいそう","たいそう; 大そう"
13987,"４","よん",""
13988,"７月","しちがつ",""
13989,"拳","こぶし","こぶし"
13990,"並","なみ","なみ; 並み"
13991,"ただならぬ","ただならぬ","只ならぬ; 啻ならぬ; 徒ならぬ"
13992,"あらず","あらず","非ず"
13993,"そうねえ","そうねえ",""
13994,"９月","くがつ",""
13995,"塗る","ぬる","ぬる"
13996,"怪しい","あやしい","あやしい"
13997,"ネジ","ネジ",""
13998,"危ねえ","あぶねえ",""
13999,"僕ら","ぼくら","ぼくら; 僕等"
14000,"うってつけ","うってつけ","打ってつけ; 打って付け"
14001,"ずる","ずる",""
14002,"天上","てんじょう",""
14003,"濃度","のうど",""
14004,"声援","せいえん",""
14005,"人望","じんぼう",""
14006,"所望","しょもう",""
14007,"注射","ちゅうしゃ",""
14008,"方式","ほうしき",""
14009,"血相を変える","けっそうをかえる",""
14010,"就寝","しゅうしん",""
14011,"櫛","くし",""
14012,"着々","ちゃくちゃく",""
14013,"地理","ちり",""
14014,"新米","しんまい",""
14015,"虹色","にじいろ",""
14016,"呼び捨てにする","よびすてにする",""
14017,"二手","ふたて",""
14018,"手の内","てのうち",""
14019,"全域","ぜんいき",""
14020,"皮","かわ","かわ"
14021,"管轄","かんかつ",""
14022,"やねん","やねん",""
14023,"正装","せいそう",""
14024,"感ずる","かんずる",""
14025,"ぴょん","ぴょん",""
14026,"危険を冒す","きけんをおかす",""
14027,"一晩中","ひとばんじゅう",""
14028,"ジャガイモ","ジャガイモ",""
14029,"ヤクザ","ヤクザ",""
14030,"何にせよ","なんにせよ",""
14031,"別として","べつとして",""
14032,"駆け足","かけあし",""
14033,"助っ人","すけっと",""
14034,"くすむ","くすむ",""
14035,"左肩","ひだりかた",""
14036,"厚み","あつみ",""
14037,"鉄格子","てつごうし",""
14038,"浅はか","あさはか",""
14039,"調教","ちょうきょう",""
14040,"宅","たく","たく"
14041,"悶絶","もんぜつ",""
14042,"一身","いっしん",""
14043,"パンフレット","パンフレット",""
14044,"残党","ざんとう",""
14045,"ドクター","ドクター",""
14046,"甘酸っぱい","あまずっぱい",""
14047,"新手","あらて",""
14048,"胸騒ぎ","むなさわぎ",""
14049,"新婚","しんこん",""
14050,"教団","きょうだん",""
14051,"子育て","こそだて",""
14052,"裁縫","さいほう",""
14053,"ロリコン","ロリコン",""
14054,"添う","そう",""
14055,"チップ","チップ",""
14056,"ネガティブ","ネガティブ",""
14057,"大理石","だいりせき",""
14058,"狼狽える","うろたえる",""
14059,"聖地","せいち",""
14060,"義姉","ぎし",""
14061,"弱める","よわめる",""
14062,"上から目線","うえからめせん",""
14063,"使い果たす","つかいはたす",""
14064,"突き入れる","つきいれる",""
14065,"串","くし",""
14066,"既存","きそん",""
14067,"鷹揚","おうよう",""
14068,"全面","ぜんめん",""
14069,"おっとり","おっとり",""
14070,"同棲","どうせい",""
14071,"蹴り上げる","けりあげる",""
14072,"推奨","すいしょう",""
14073,"アレンジ","アレンジ",""
14074,"千葉","ちば",""
14075,"観客席","かんきゃくせき",""
14076,"満載","まんさい",""
14077,"余波","よは",""
14078,"挟み込む","はさみこむ",""
14079,"暗記","あんき",""
14080,"チート","チート",""
14081,"忽然","こつぜん",""
14082,"殺し屋","ころしや",""
14083,"こうすれば","こうすれば",""
14084,"多額","たがく",""
14085,"身を潜める","みをひそめる",""
14086,"してみると","してみると",""
14087,"脱ぐ","ぬぐ","ぬぐ"
14088,"お願い","おねがい","おねがい; 御願い"
14089,"ケータイ","ケータイ",""
14090,"岩","いわ","いわ; 巌; 巖; 磐"
14091,"鬱陶しい","うっとうしい","うっとうしい"
14092,"並ぶ","ならぶ","ならぶ; 列ぶ; 双ぶ"
14093,"殴りかかる","なぐりかかる",""
14094,"呼び起こす","よびおこす",""
14095,"涎","よだれ","よだれ"
14096,"桃","もも","もも"
14097,"それゆえに","それゆえに","それ故に"
14098,"ハアッ","ハアッ",""
14099,"明かり","あかり","あかり; 明り; 灯; 灯かり; 灯り; 灯火"
14100,"緩む","ゆるむ","ゆるむ; 弛む"
14101,"縁","ふち",""
14102,"張り","ばり",""
14103,"石段","いしだん",""
14104,"返済","へんさい",""
14105,"姿を隠す","すがたをかくす",""
14106,"喧嘩を売る","けんかをうる",""
14107,"ＳＮＳ","エスエヌエス",""
14108,"空しい","むなしい",""
14109,"骸","むくろ",""
14110,"近代","きんだい",""
14111,"赤の他人","あかのたにん",""
14112,"書籍","しょせき",""
14113,"ふっくら","ふっくら",""
14114,"闘技場","とうぎじょう",""
14115,"苗字","みょうじ",""
14116,"肋骨","あばらぼね",""
14117,"その晩","そのばん",""
14118,"ベタベタ","ベタベタ",""
14119,"天幕","てんまく",""
14120,"疲れ果てる","つかれはてる",""
14121,"戦死","せんし",""
14122,"全力疾走","ぜんりょくしっそう",""
14123,"戦果","せんか",""
14124,"上書き","うわがき",""
14125,"将棋","しょうぎ",""
14126,"パチン","パチン",""
14127,"首肯","しゅこう",""
14128,"興","きょう",""
14129,"ぎっしり","ぎっしり",""
14130,"エアコン","エアコン",""
14131,"冷ます","さます",""
14132,"行き過ぎる","いきすぎる",""
14133,"昇格","しょうかく",""
14134,"略奪","りゃくだつ",""
14135,"退却","たいきゃく",""
14136,"年に一度","ねんにいちど",""
14137,"最速","さいそく",""
14138,"単身","たんしん",""
14139,"生還","せいかん",""
14140,"重心","じゅうしん",""
14141,"加担","かたん",""
14142,"小部屋","こべや",""
14143,"欲情","よくじょう",""
14144,"ほっそり","ほっそり",""
14145,"示唆","しさ",""
14146,"茎","くき",""
14147,"戯れ","たわむれ",""
14148,"三日月","みかづき",""
14149,"真偽","しんぎ",""
14150,"連動","れんどう",""
14151,"手慣れる","てなれる",""
14152,"気兼ね","きがね",""
14153,"受け持つ","うけもつ",""
14154,"気品","きひん",""
14155,"ぱくぱく","ぱくぱく",""
14156,"言い争う","いいあらそう",""
14157,"不敬","ふけい",""
14158,"ツラ","ツラ",""
14159,"画策","かくさく",""
14160,"流石は","さすがは",""
14161,"気が遠くなる","きがとおくなる",""
14162,"絶滅","ぜつめつ",""
14163,"に渡って","にわたって",""
14164,"その他に","そのほかに",""
14165,"捕る","とる",""
14166,"いやに","いやに",""
14167,"フリル","フリル",""
14168,"馬鹿らしい","ばからしい",""
14169,"顕著","けんちょ",""
14170,"後戻り","あともどり",""
14171,"変質","へんしつ",""
14172,"垂れ下がる","たれさがる",""
14173,"顧客","こきゃく",""
14174,"ピンと来る","ピンとくる",""
14175,"仰天","ぎょうてん",""
14176,"覚","さとり",""
14177,"差し伸べる","さしのべる",""
14178,"大事件","だいじけん",""
14179,"秘密裏","ひみつり",""
14180,"一途","いちず",""
14181,"残念なことに","ざんねんなことに",""
14182,"笛","ふえ","ふえ"
14183,"れっきとした","れっきとした","歴とした"
14184,"目がける","めがける",""
14185,"くくる","くくる","括る"
14186,"義理","ぎり","ぎり"
14187,"色々あって","いろいろあって","いろいろあって"
14188,"ドヤ顔","ドヤがお",""
14189,"にじみ出る","にじみでる",""
14190,"痛む","いたむ","いたむ; 傷む"
14191,"グルグル","グルグル",""
14192,"エビ","エビ",""
14193,"長い","ながい","ながい; 永い"
14194,"取りあえず","とりあえず",""
14195,"気取り","きどり",""
14196,"答","こたえ",""
14197,"ときの","ときの","時の"
14198,"曲がり角","まがりかど",""
14199,"態度をとる","たいどをとる",""
14200,"無茶苦茶","むちゃくちゃ","むちゃくちゃ"
14201,"主","あるじ",""
14202,"ハッピーエンド","ハッピーエンド",""
14203,"虐げる","しいたげる",""
14204,"身を置く","みをおく",""
14205,"六本","ろっぽん",""
14206,"跳ね返す","はねかえす",""
14207,"ダイブ","ダイブ",""
14208,"不平","ふへい",""
14209,"共存","きょうぞん",""
14210,"研","けん",""
14211,"図る","はかる","はかる; 謀る"
14212,"引き攣る","ひきつる",""
14213,"結束","けっそく",""
14214,"他に何か","ほかになにか",""
14215,"休まる","やすまる",""
14216,"絶やす","たやす",""
14217,"岬","みさき",""
14218,"奔走","ほんそう",""
14219,"通訳","つうやく",""
14220,"大々的","だいだいてき",""
14221,"無理強い","むりじい",""
14222,"師団","しだん",""
14223,"責め","せめ",""
14224,"最悪の事態","さいあくのじたい",""
14225,"固執","こしつ",""
14226,"コンプレックス","コンプレックス",""
14227,"挑発的","ちょうはつてき",""
14228,"幽閉","ゆうへい",""
14229,"よろ","よろ",""
14230,"端正","たんせい",""
14231,"佇まい","たたずまい",""
14232,"突き出る","つきでる",""
14233,"立て","たて",""
14234,"甘え","あまえ",""
14235,"引き入れる","ひきいれる",""
14236,"詐欺師","さぎし",""
14237,"信頼関係","しんらいかんけい",""
14238,"踏み潰す","ふみつぶす",""
14239,"忘れ去る","わすれさる",""
14240,"接待","せったい",""
14241,"少量","しょうりょう",""
14242,"覆面","ふくめん",""
14243,"威張る","いばる",""
14244,"同じ年","おなじとし",""
14245,"しく","しく","詩句"
14246,"銀座","ぎんざ",""
14247,"雇い主","やといぬし",""
14248,"野獣","やじゅう",""
14249,"意識が戻る","いしきがもどる",""
14250,"浴槽","よくそう",""
14251,"ＨＰ","エイチピー",""
14252,"エントランス","エントランス",""
14253,"手製","てせい",""
14254,"駈ける","かける",""
14255,"単体","たんたい",""
14256,"人間的","にんげんてき",""
14257,"呼称","こしょう",""
14258,"凜","りん",""
14259,"政","まつりごと",""
14260,"群れる","むれる",""
14261,"流星","りゅうせい",""
14262,"省","しょう",""
14263,"ばらす","ばらす",""
14264,"賞金","しょうきん",""
14265,"罰する","ばっする",""
14266,"新幹線","しんかんせん",""
14267,"申し分ない","もうしぶんない",""
14268,"統率","とうそつ",""
14269,"本隊","ほんたい",""
14270,"雌","めす",""
14271,"全長","ぜんちょう",""
14272,"反感","はんかん",""
14273,"弓矢","ゆみや",""
14274,"狸","たぬき",""
14275,"含み","ふくみ",""
14276,"初夏","しょか",""
14277,"鳥居","とりい",""
14278,"勤め","つとめ",""
14279,"如何","いかが",""
14280,"ぶれる","ぶれる",""
14281,"１１時","じゅういちじ",""
14282,"だん","だん","壇"
14283,"陰","かげ","かげ; 翳; 蔭"
14284,"名づける","なづける",""
14285,"くー","くー",""
14286,"ブンブン","ブンブン",""
14287,"また明日","またあした",""
14288,"気づき","きづき",""
14289,"むせる","むせる","咽せる; 噎せる"
14290,"到底","とうてい","とうてい"
14291,"謎","なぞ","なぞ"
14292,"爽やか","さわやか","さわやか"
14293,"しょっぱい","しょっぱい","塩っぱい"
14294,"ある時","あるとき","あるとき; 或る時"
14295,"ひび割れる","ひびわれる",""
14296,"桜","さくら","さくら; 櫻"
14297,"変わり者","かわりもの",""
14298,"言いにくい","いいにくい",""
14299,"探る","さぐる","さぐる"
14300,"塗りつぶす","ぬりつぶす",""
14301,"でる","でる",""
14302,"上々","じょうじょう",""
14303,"備え","そなえ",""
14304,"挨拶を交わす","あいさつをかわす",""
14305,"相互","そうご",""
14306,"服従","ふくじゅう",""
14307,"長剣","ちょうけん",""
14308,"消毒","しょうどく",""
14309,"合唱","がっしょう",""
14310,"録画","ろくが",""
14311,"空振り","からぶり",""
14312,"遅らせる","おくらせる",""
14313,"消し飛ぶ","けしとぶ",""
14314,"体現","たいげん",""
14315,"大人数","おおにんずう",""
14316,"傍目","はため",""
14317,"活力","かつりょく",""
14318,"穴を開ける","あなをあける",""
14319,"殺風景","さっぷうけい",""
14320,"出し物","だしもの",""
14321,"満ち溢れる","みちあふれる",""
14322,"パネル","パネル",""
14323,"行き渡る","いきわたる",""
14324,"誌","し",""
14325,"ラフ","ラフ",""
14326,"パン屋","パンや",""
14327,"が早いか","がはやいか",""
14328,"言い草","いいぐさ",""
14329,"一回転","いちかいてん",""
14330,"着ぐるみ","きぐるみ",""
14331,"邸","やしき",""
14332,"足掻く","あがく",""
14333,"世話を焼く","せわをやく",""
14334,"陸上","りくじょう",""
14335,"通りすがり","とおりすがり",""
14336,"定期","ていき",""
14337,"人魚","にんぎょ",""
14338,"区切り","くぎり",""
14339,"自滅","じめつ",""
14340,"心の奥","こころのおく",""
14341,"根回し","ねまわし",""
14342,"愛着","あいちゃく",""
14343,"統括","とうかつ",""
14344,"斜め上","ななめうえ",""
14345,"忍","しのぶ",""
14346,"呆気ない","あっけない",""
14347,"人知れず","ひとしれず",""
14348,"教員","きょういん",""
14349,"城下","じょうか",""
14350,"卑怯者","ひきょうもの",""
14351,"上段","じょうだん",""
14352,"首尾","しゅび",""
14353,"自制","じせい",""
14354,"演習","えんしゅう",""
14355,"唸り","うなり",""
14356,"追い求める","おいもとめる",""
14357,"くらいのもの","くらいのもの",""
14358,"傀儡","かいらい",""
14359,"即席","そくせき",""
14360,"土曜","どよう",""
14361,"誤算","ごさん",""
14362,"倫理","りんり",""
14363,"迫り来る","せまりくる",""
14364,"伊","い",""
14365,"身を投げる","みをなげる",""
14366,"団員","だんいん",""
14367,"咳","せき","せき"
14368,"意地を張る","いじをはる",""
14369,"助","すけ",""
14370,"木立","こだち",""
14371,"謝る","あやまる","あやまる"
14372,"がむしゃら","がむしゃら","我武者羅"
14373,"言いつけ","いいつけ",""
14374,"千切れる","ちぎれる","ちぎれる"
14375,"１２月","じゅうにがつ",""
14376,"吹く","ふく","ふく"
14377,"迸る","ほとばしる","ほとばしる"
14378,"身をもって","みをもって",""
14379,"持ちこたえる","もちこたえる",""
14380,"暇もなく","いとまもなく",""
14381,"跨る","またがる",""
14382,"担う","になう","になう; 荷う; 荷なう"
14383,"ひとりぼっち","ひとりぼっち","一人ぼっち; 独りぼっち"
14384,"けしかける","けしかける","嗾ける"
14385,"叔母","おば","おば; 伯母"
14386,"クビになる","クビになる",""
14387,"中","じゅう","じゅう"
14388,"わけがある","わけがある","訳がある"
14389,"国","くに","くに; 國; 邦"
14390,"打ち上げ","うちあげ",""
14391,"お父さま","おとうさま",""
14392,"ヘタ","ヘタ",""
14393,"生まれつき","うまれつき",""
14394,"とお","とお",""
14395,"不意に","ふいに","ふいに"
14396,"お母さま","おかあさま",""
14397,"うまく行く","うまくいく",""
14398,"ゴクリ","ゴクリ",""
14399,"たこ焼き","たこやき",""
14400,"ダラダラ","ダラダラ",""
14401,"それに加えて","それにくわえて",""
14402,"府","ふ",""
14403,"操","みさお",""
14404,"遠い昔","とおいむかし",""
14405,"詰問","きつもん",""
14406,"連射","れんしゃ",""
14407,"一人きり","ひとりきり",""
14408,"断念","だんねん",""
14409,"境界線","きょうかいせん",""
14410,"忍ばせる","しのばせる",""
14411,"気概","きがい",""
14412,"お泊まり","おとまり",""
14413,"受賞","じゅしょう",""
14414,"越","えつ",""
14415,"ユニット","ユニット",""
14416,"並行","へいこう",""
14417,"ぐらり","ぐらり",""
14418,"助け合う","たすけあう",""
14419,"言い争い","いいあらそい",""
14420,"埋葬","まいそう",""
14421,"後遺症","こういしょう",""
14422,"誰も彼も","だれもかれも",""
14423,"浪人","ろうにん",""
14424,"讃える","たたえる",""
14425,"暴発","ぼうはつ",""
14426,"気味の悪い","きみのわるい",""
14427,"いとも","いとも",""
14428,"好奇","こうき",""
14429,"顔を顰める","かおをしかめる",""
14430,"占う","うらなう",""
14431,"血縁","けつえん",""
14432,"こくん","こくん",""
14433,"校則","こうそく",""
14434,"戸棚","とだな",""
14435,"コーチ","コーチ",""
14436,"縛り付ける","しばりつける",""
14437,"昨今","さっこん",""
14438,"作り直す","つくりなおす",""
14439,"特集","とくしゅう",""
14440,"大尉","たいい",""
14441,"遠足","えんそく",""
14442,"索敵","さくてき",""
14443,"あまつさえ","あまつさえ","剰; 剰え"
14444,"初々しい","ういういしい",""
14445,"思念","しねん",""
14446,"現実感","げんじつかん",""
14447,"淀む","よどむ",""
14448,"別世界","べっせかい",""
14449,"荒っぽい","あらっぽい",""
14450,"国々","くにぐに",""
14451,"仁王立ち","におうだち",""
14452,"言い忘れる","いいわすれる",""
14453,"爽快","そうかい",""
14454,"いい事","いいこと",""
14455,"コンピューター","コンピューター",""
14456,"しんみり","しんみり",""
14457,"挙動不審","きょどうふしん",""
14458,"何歳","なんさい",""
14459,"ドライブ","ドライブ",""
14460,"素肌","すはだ",""
14461,"婚約破棄","こんやくはき",""
14462,"冒す","おかす",""
14463,"娼婦","しょうふ",""
14464,"命乞い","いのちごい",""
14465,"間にある","あいだにある",""
14466,"冷え切る","ひえきる",""
14467,"私立","しりつ",""
14468,"重症","じゅうしょう",""
14469,"一貫","いっかん",""
14470,"菊","きく",""
14471,"本職","ほんしょく",""
14472,"食い入るように","くいいるように",""
14473,"計画を立てる","けいかくをたてる",""
14474,"遺書","いしょ",""
14475,"口上","こうじょう",""
14476,"味気ない","あじけない",""
14477,"返る","かえる","かえる; 反る"
14478,"５月","ごがつ",""
14479,"もの凄い","ものすごい",""
14480,"どうすることもできない","どうすることもできない","どうする事もできない; どうする事も出来ない"
14481,"かもしんない","かもしんない","かも知んない"
14482,"引きこもり","ひきこもり",""
14483,"タ","タ",""
14484,"弄ぶ","もてあそぶ","もてあそぶ; もて遊ぶ; 玩ぶ"
14485,"畳む","たたむ","たたむ"
14486,"無理","むり","むり"
14487,"佐藤","さとう",""
14488,"突拍子もない","とっぴょうしもない",""
14489,"びびる","びびる",""
14490,"くすくす笑う","くすくすわらう",""
14491,"ヒゲ","ヒゲ",""
14492,"ほどよい","ほどよい","程よい; 程好い; 程良い"
14493,"意地悪","いじわる","いじわる"
14494,"すくむ","すくむ","竦む"
14495,"ややあって","ややあって",""
14496,"星々","ほしぼし",""
14497,"スケベ","スケベ",""
14498,"幸せ","しあわせ","しあわせ; 仕合せ; 仕合わせ; 倖せ"
14499,"またぐ","またぐ","跨ぐ"
14500,"聞こえ","きこえ",""
14501,"印","いん",""
14502,"跡取り","あととり",""
14503,"本望","ほんもう",""
14504,"魔界","まかい",""
14505,"脱落","だつらく",""
14506,"ステーキ","ステーキ",""
14507,"だらり","だらり",""
14508,"激","げき",""
14509,"合致","がっち",""
14510,"分担","ぶんたん",""
14511,"潤う","うるおう",""
14512,"仲裁","ちゅうさい",""
14513,"コア","コア",""
14514,"譲渡","じょうと",""
14515,"最短","さいたん",""
14516,"岩場","いわば",""
14517,"着こなす","きこなす",""
14518,"備品","びひん",""
14519,"オフィス","オフィス",""
14520,"大目に見る","おおめにみる",""
14521,"糞","ふん",""
14522,"小山","こやま",""
14523,"骨格","こっかく",""
14524,"共和国","きょうわこく",""
14525,"四方八方","しほうはっぽう",""
14526,"忍び寄る","しのびよる",""
14527,"エール","エール",""
14528,"ブレる","ブレる",""
14529,"馬上","ばじょう",""
14530,"言い終わる","いいおわる",""
14531,"お手上げ","おてあげ",""
14532,"別れ際","わかれぎわ",""
14533,"泣き言","なきごと",""
14534,"命ずる","めいずる",""
14535,"口惜しい","くやしい",""
14536,"呼び込む","よびこむ",""
14537,"くぐもる","くぐもる",""
14538,"飯を食う","めしをくう",""
14539,"肉塊","にくかい",""
14540,"取り立てる","とりたてる",""
14541,"常々","つねづね",""
14542,"守護者","しゅごしゃ",""
14543,"基盤","きばん",""
14544,"安否","あんぴ",""
14545,"無駄遣い","むだづかい",""
14546,"ラブレター","ラブレター",""
14547,"芳しい","かんばしい",""
14548,"とか何とか","とかなんとか",""
14549,"歩調","ほちょう",""
14550,"特大","とくだい",""
14551,"是","ぜ",""
14552,"大空","おおぞら",""
14553,"モチーフ","モチーフ",""
14554,"大多数","だいたすう",""
14555,"末期","まっき",""
14556,"虚無","きょむ",""
14557,"峠","とうげ",""
14558,"信ずる","しんずる",""
14559,"レール","レール",""
14560,"死闘","しとう",""
14561,"筒抜け","つつぬけ",""
14562,"真犯人","しんはんにん",""
14563,"分け","わけ",""
14564,"アリバイ","アリバイ",""
14565,"ほどける","ほどける","解ける"
14566,"断片","だんぺん",""
14567,"猛","もう",""
14568,"摩擦","まさつ",""
14569,"残虐","ざんぎゃく",""
14570,"置いて行く","おいていく",""
14571,"ククク","ククク",""
14572,"打開","だかい",""
14573,"左目","ひだりめ",""
14574,"裏がある","うらがある",""
14575,"可能にする","かのうにする",""
14576,"隕石","いんせき",""
14577,"一味","ひとあじ",""
14578,"むくれる","むくれる","剝れる; 剥れる"
14579,"かっこよい","かっこよい","格好よい"
14580,"染みる","しみる","しみる; 沁みる; 泌みる; 浸みる; 滲みる"
14581,"おびただしい","おびただしい","夥しい"
14582,"じゃーん","じゃーん",""
14583,"お返事","おへんじ",""
14584,"覆いかぶさる","おおいかぶさる",""
14585,"皆さま","みなさま",""
14586,"引っぱる","ひっぱる",""
14587,"差し掛かる","さしかかる","さしかかる; 差しかかる; 差し掛る"
14588,"１か月","いっかげつ",""
14589,"気もない","けもない",""
14590,"みすぼらしい","みすぼらしい","見すぼらしい; 見窄らしい"
14591,"ギョッと","ギョッと",""
14592,"６月","ろくがつ",""
14593,"幸いなことに","さいわいなことに",""
14594,"カゴ","カゴ",""
14595,"あと一歩","あといっぽ",""
14596,"晩ご飯","ばんごはん",""
14597,"突っかかる","つっかかる",""
14598,"７日","なのか",""
14599,"まどろむ","まどろむ","微睡む"
14600,"困ったことに","こまったことに",""
14601,"模倣","もほう",""
14602,"言わんとする","いわんとする",""
14603,"上野","こうずけ",""
14604,"お荷物","おにもつ",""
14605,"無自覚","むじかく",""
14606,"見詰める","みつめる",""
14607,"十二時","じゅうにじ",""
14608,"傾斜","けいしゃ",""
14609,"上質","じょうしつ",""
14610,"体調不良","たいちょうふりょう",""
14611,"歩き方","あるきかた",""
14612,"略す","りゃくす",""
14613,"衛星","えいせい",""
14614,"規律","きりつ",""
14615,"張り","ばり","ばり"
14616,"幼稚","ようち",""
14617,"射","しゃ",""
14618,"目頭","めがしら",""
14619,"非道","ひどう",""
14620,"流儀","りゅうぎ",""
14621,"もぎ取る","もぎとる",""
14622,"思いを馳せる","おもいをはせる",""
14623,"末裔","まつえい",""
14624,"走り寄る","はしりよる",""
14625,"スケール","スケール",""
14626,"ハンター","ハンター",""
14627,"誉める","ほめる",""
14628,"慎む","つつしむ",""
14629,"児童","じどう",""
14630,"国語","こくご",""
14631,"声を潜める","こえをひそめる",""
14632,"みっちり","みっちり",""
14633,"高等","こうとう",""
14634,"熱量","ねつりょう",""
14635,"惜しい","おしい","おしい"
14636,"幻滅","げんめつ",""
14637,"異例","いれい",""
14638,"飼育","しいく",""
14639,"押しやる","おしやる",""
14640,"アラーム","アラーム",""
14641,"冤罪","えんざい",""
14642,"数万","すうまん",""
14643,"被害を受ける","ひがいをうける",""
14644,"増殖","ぞうしょく",""
14645,"あるまじき","あるまじき",""
14646,"叔父さん","おじさん",""
14647,"我儘","わがまま",""
14648,"設計図","せっけいず",""
14649,"理念","りねん",""
14650,"個人情報","こじんじょうほう",""
14651,"負い目","おいめ",""
14652,"ゼリー","ゼリー",""
14653,"隙を突く","すきをつく",""
14654,"憔悴","しょうすい",""
14655,"いざとなれば","いざとなれば",""
14656,"一人娘","ひとりむすめ",""
14657,"セクシー","セクシー",""
14658,"下位","かい",""
14659,"剛","ごう",""
14660,"フレーム","フレーム",""
14661,"桜色","さくらいろ",""
14662,"不遜","ふそん",""
14663,"錬金術","れんきんじゅつ",""
14664,"同族","どうぞく",""
14665,"原作","げんさく",""
14666,"無為","むい",""
14667,"ハラハラ","ハラハラ",""
14668,"鬼畜","きちく",""
14669,"採掘","さいくつ",""
14670,"挫折","ざせつ",""
14671,"震動","しんどう",""
14672,"太刀打ち","たちうち",""
14673,"デメリット","デメリット",""
14674,"対岸","たいがん",""
14675,"言われるがまま","いわれるがまま",""
14676,"息を止める","いきをとめる",""
14677,"敗者","はいしゃ",""
14678,"ドリンク","ドリンク",""
14679,"敵を倒す","てきをたおす",""
14680,"さる","さる","然る"
14681,"ひとたび","ひとたび","ひと度; 一たび"
14682,"その他","そのほか","そのほか; その外; 其の他; 其の外"
14683,"落ち","おち",""
14684,"思いもよらない","おもいもよらない",""
14685,"比べものにならない","くらべものにならない",""
14686,"払う","はらう","はらう"
14687,"見くびる","みくびる",""
14688,"すんません","すんません",""
14689,"指揮","しき","しき"
14690,"腹","はら","はら; 肚"
14691,"ためにする","ためにする","為にする"
14692,"操作","そうさ","そうさ"
14693,"匂いがする","においがする","においがする; 臭いがする"
14694,"シ","シ",""
14695,"ボケる","ボケる",""
14696,"着物","きもの","きもの"
14697,"人並み","ひとなみ",""
14698,"テメェ","テメェ",""
14699,"いっぱいいっぱい","いっぱいいっぱい","一杯一杯"
14700,"デタラメ","デタラメ",""
14701,"端","たん",""
14702,"ぐいと","ぐいと",""
14703,"何から何まで","なにからなにまで",""
14704,"決め込む","きめこむ",""
14705,"間接的","かんせつてき",""
14706,"処遇","しょぐう",""
14707,"お手本","おてほん",""
14708,"反らす","そらす",""
14709,"弁える","わきまえる",""
14710,"○○","まるまる",""
14711,"絞める","しめる",""
14712,"ゲスト","ゲスト",""
14713,"一目惚れ","ひとめぼれ",""
14714,"熟睡","じゅくすい",""
14715,"忠義","ちゅうぎ",""
14716,"パトカー","パトカー",""
14717,"そうこう","そうこう",""
14718,"切迫","せっぱく",""
14719,"司令","しれい",""
14720,"任意","にんい",""
14721,"人助け","ひとだすけ",""
14722,"狂人","きょうじん",""
14723,"叩きのめす","たたきのめす",""
14724,"朝起き","あさおき",""
14725,"ギャンブル","ギャンブル",""
14726,"収拾","しゅうしゅう",""
14727,"経費","けいひ",""
14728,"異名","いみょう",""
14729,"津波","つなみ",""
14730,"迫害","はくがい",""
14731,"肖像画","しょうぞうが",""
14732,"射す","さす",""
14733,"書状","しょじょう",""
14734,"甚だ","はなはだ",""
14735,"焔","ほのお",""
14736,"道化","どうけ",""
14737,"勲章","くんしょう",""
14738,"ぎる","ぎる",""
14739,"間違いなし","まちがいなし",""
14740,"店先","みせさき",""
14741,"崩落","ほうらく",""
14742,"豪勢","ごうせい",""
14743,"頂","いただき",""
14744,"祖先","そせん",""
14745,"粋","いき",""
14746,"お上手","おじょうず",""
14747,"火山","かざん",""
14748,"クレープ","クレープ",""
14749,"ぐむ","ぐむ",""
14750,"青くなる","あおくなる",""
14751,"連載","れんさい",""
14752,"戦艦","せんかん",""
14753,"鎖骨","さこつ",""
14754,"両端","りょうたん",""
14755,"泊","はく",""
14756,"ピストル","ピストル",""
14757,"将校","しょうこう",""
14758,"海辺","うみべ",""
14759,"螺旋","らせん",""
14760,"築き上げる","きずきあげる",""
14761,"水準","すいじゅん",""
14762,"痛い目","いたいめ",""
14763,"雄弁","ゆうべん",""
14764,"湧き出る","わきでる",""
14765,"叩き付ける","たたきつける",""
14766,"投影","とうえい",""
14767,"所謂","いわゆる",""
14768,"ぶっ壊す","ぶっこわす",""
14769,"仁","じん",""
14770,"科目","かもく",""
14771,"先っぽ","さきっぽ",""
14772,"催し","もよおし",""
14773,"受けて立つ","うけてたつ",""
14774,"シェフ","シェフ",""
14775,"行く先","ゆくさき",""
14776,"例年","れいねん",""
14777,"丸一日","まるいちにち",""
14778,"優越感","ゆうえつかん",""
14779,"観","かん",""
14780,"だあれ","だあれ",""
14781,"小遣い","こづかい",""
14782,"シッ","シッ",""
14783,"さっす","さっす","察す"
14784,"初めは","はじめは","はじめは; 始めは"
14785,"大事","だいじ","だいじ"
14786,"その上で","そのうえで","そのうえで; 其の上で"
14787,"進む","すすむ","すすむ"
14788,"濡れる","ぬれる","ぬれる; 濡る"
14789,"コホン","コホン",""
14790,"真っすぐ","まっすぐ",""
14791,"くぐり抜ける","くぐりぬける",""
14792,"風邪をひく","かぜをひく",""
14793,"危険にさらす","きけんにさらす",""
14794,"包む","つつむ","つつむ; 裹む"
14795,"申す","もうす","もうす"
14796,"人目につく","ひとめにつく",""
14797,"スゴイ","スゴイ",""
14798,"初めから","はじめから","はじめから; 始めから"
14799,"立ちつくす","たちつくす",""
14800,"本当のところ","ほんとうのところ",""
14801,"立つ","たつ","たつ; 発つ"
14802,"帯","たい",""
14803,"うとうと","うとうと",""
14804,"選","せん",""
14805,"貧血","ひんけつ",""
14806,"歳月","さいげつ",""
14807,"ある意味で","あるいみで",""
14808,"物珍しい","ものめずらしい",""
14809,"踊り場","おどりば",""
14810,"うつ伏せ","うつぶせ",""
14811,"大慌て","おおあわて",""
14812,"見せびらかす","みせびらかす",""
14813,"茜","あかね",""
14814,"将来的","しょうらいてき",""
14815,"代弁","だいべん",""
14816,"禁断","きんだん",""
14817,"案ずる","あんずる",""
14818,"お体","おからだ",""
14819,"経験者","けいけんしゃ",""
14820,"涼やか","すずやか",""
14821,"ご苦労さん","ごくろうさん",""
14822,"六日","むいか",""
14823,"本音を言う","ほんねをいう",""
14824,"代官","だいかん",""
14825,"美少年","びしょうねん",""
14826,"無害","むがい",""
14827,"汗だく","あせだく",""
14828,"大それた","だいそれた",""
14829,"異端","いたん",""
14830,"一抹","いちまつ",""
14831,"晩飯","ばんめし",""
14832,"脱線","だっせん",""
14833,"両断","りょうだん",""
14834,"強靭","きょうじん",""
14835,"風に乗る","かぜにのる",""
14836,"後片付け","あとかたづけ",""
14837,"寸法","すんぽう",""
14838,"余力","よりょく",""
14839,"当の本人","とうのほんにん",""
14840,"辛い","からい","からい"
14841,"地平線","ちへいせん",""
14842,"施錠","せじょう",""
14843,"一人として","ひとりとして",""
14844,"頷き","うなずき",""
14845,"愛称","あいしょう",""
14846,"背骨","せぼね",""
14847,"身のこなし","みのこなし",""
14848,"課する","かする",""
14849,"蛍","ほたる",""
14850,"両立","りょうりつ",""
14851,"大雨","おおあめ",""
14852,"異","い",""
14853,"顛末","てんまつ",""
14854,"甦る","よみがえる",""
14855,"点在","てんざい",""
14856,"恵み","めぐみ",""
14857,"毒づく","どくづく",""
14858,"黒色","くろいろ",""
14859,"誇りに思う","ほこりにおもう",""
14860,"都合の良い","つごうのいい",""
14861,"ブレス","ブレス",""
14862,"されるがまま","されるがまま",""
14863,"傍から見る","はたからみる",""
14864,"持続","じぞく",""
14865,"王道","おうどう",""
14866,"串刺し","くしざし",""
14867,"本気にする","ほんきにする",""
14868,"細々","ほそぼそ",""
14869,"イレギュラー","イレギュラー",""
14870,"具現化","ぐげんか",""
14871,"跳ね上げる","はねあげる",""
14872,"カール","カール",""
14873,"穢れ","けがれ",""
14874,"錯乱","さくらん",""
14875,"精悍","せいかん",""
14876,"古風","こふう",""
14877,"骸骨","がいこつ",""
14878,"親しむ","したしむ",""
14879,"されど","されど","然れど"
14880,"いたぶる","いたぶる","甚振る"
14881,"とてもとても","とてもとても","迚も迚も"
14882,"取り","とり",""
14883,"ニンジン","ニンジン",""
14884,"来てる","きてる",""
14885,"恥じらう","はじらう",""
14886,"気のない","きのない",""
14887,"嗅ぐ","かぐ","かぐ"
14888,"酔っぱらう","よっぱらう",""
14889,"パクパク","パクパク",""
14890,"あなたがた","あなたがた","あなた方; 貴方々; 貴方がた; 貴方方"
14891,"甚だしい","はなはだしい",""
14892,"１０月","じゅうがつ",""
14893,"起きあがる","おきあがる",""
14894,"付きまとう","つきまとう",""
14895,"狂い","くるい",""
14896,"惹きつける","ひきつける",""
14897,"浸かる","つかる","つかる; 漬かる"
14898,"立ちふさがる","たちふさがる",""
14899,"鍵がかかる","かぎがかかる",""
14900,"のり","のり","海苔"
14901,"仮想","かそう",""
14902,"本陣","ほんじん",""
14903,"家の人","いえのひと",""
14904,"擁護","ようご",""
14905,"親衛隊","しんえいたい",""
14906,"主観","しゅかん",""
14907,"ご注文","ごちゅうもん",""
14908,"窒息","ちっそく",""
14909,"前代未聞","ぜんだいみもん",""
14910,"レーダー","レーダー",""
14911,"言い当てる","いいあてる",""
14912,"逆さ","さかさ",""
14913,"忙しない","せわしない",""
14914,"戸籍","こせき",""
14915,"非力","ひりき",""
14916,"こんだけ","こんだけ",""
14917,"部族","ぶぞく",""
14918,"テンポ","テンポ",""
14919,"じたばた","じたばた",""
14920,"治","ち",""
14921,"ちゃっかり","ちゃっかり",""
14922,"バンバン","バンバン",""
14923,"超能力","ちょうのうりょく",""
14924,"瞬間移動","しゅんかんいどう",""
14925,"威勢","いせい",""
14926,"庵","いおり",""
14927,"のこのこ","のこのこ",""
14928,"薬指","くすりゆび",""
14929,"藩","はん",""
14930,"移植","いしょく",""
14931,"閲覧","えつらん",""
14932,"手ぶら","てぶら",""
14933,"平ら","たいら",""
14934,"風格","ふうかく",""
14935,"聞き耳を立てる","ききみみをたてる",""
14936,"復旧","ふっきゅう",""
14937,"五本","ごほん",""
14938,"片側","かたがわ",""
14939,"彫像","ちょうぞう",""
14940,"険しい顔","けわしいかお",""
14941,"しおらしい","しおらしい",""
14942,"絵になる","えになる",""
14943,"瑞々しい","みずみずしい",""
14944,"天蓋","てんがい",""
14945,"予め","あらかじめ",""
14946,"レバー","レバー",""
14947,"邪神","じゃしん",""
14948,"性に合う","しょうにあう",""
14949,"占い師","うらないし",""
14950,"今までで","いままでで",""
14951,"顔合わせ","かおあわせ",""
14952,"意識的","いしきてき",""
14953,"孫娘","まごむすめ",""
14954,"飛沫","ひまつ",""
14955,"見当違い","けんとうちがい",""
14956,"お決まり","おきまり",""
14957,"へいへい","へいへい",""
14958,"躍起","やっき",""
14959,"口外","こうがい",""
14960,"連呼","れんこ",""
14961,"怪談","かいだん",""
14962,"統べる","すべる",""
14963,"ダイヤモンド","ダイヤモンド",""
14964,"俊敏","しゅんびん",""
14965,"真冬","まふゆ",""
14966,"主として","しゅとして",""
14967,"酸味","さんみ",""
14968,"ぼる","ぼる",""
14969,"マシン","マシン",""
14970,"ヘタレ","ヘタレ",""
14971,"分かち合う","わかちあう",""
14972,"精々","せいぜい",""
14973,"卒業後","そつぎょうご",""
14974,"駆除","くじょ",""
14975,"デリケート","デリケート",""
14976,"約束を破る","やくそくをやぶる",""
14977,"配備","はいび",""
14978,"丁","ちょう",""
14979,"靴","くつ","くつ; 履; 沓; 鞋"
14980,"怒鳴る","どなる","どなる; 呶鳴る"
14981,"聞こえる","きこえる","きこえる; 聞える; 聴える; 聴こえる"
14982,"引っ張る","ひっぱる","ひっぱる; 引っぱる; 引張る"
14983,"いとこ","いとこ","従兄弟"
14984,"名前をつける","なまえをつける",""
14985,"バカバカしい","バカバカしい",""
14986,"下手くそ","へたくそ",""
14987,"籠","かご","かご; 篭"
14988,"折りたたむ","おりたたむ",""
14989,"ご覧ください","ごらんください",""
14990,"企む","たくらむ","たくらむ"
14991,"蜘蛛","くも","くも"
14992,"おん","おん",""
14993,"１億","いちおく",""
14994,"逸れる","それる","それる"
14995,"憚る","はばかる","はばかる"
14996,"広げる","ひろげる","ひろげる; 展げる; 拡げる"
14997,"吸いこむ","すいこむ",""
14998,"ガッカリ","ガッカリ",""
14999,"カチカチ","カチカチ",""
15000,"戻す","もどす","もどす"
